대중교통,역(정류장),호선(명),노선(수),지하철 여부(Y/N),버스 여부(Y/N),따릉이 여부(Y/N),x_좌표,y_좌표,동 이름,GID,대여소번호,NODE_ID,ARS_ID,지번_주소,도로명_주소,일평균승차승객수,일평균하차승객수,일평균총승객수,월승차승객수,월하차승객수,월이용객수
지하철,사당,2,,Y,N,N,126.981631,37.476536,사당동,11590107,,,,,,35215.63,35778.58,70994.22,2112938,2146715,4259653
지하철,신대방,2,,Y,N,N,126.913279,37.487534,신대방동,11590109,,,,,,25918.67,24996.4,50915.07,777560,749892,1527452
지하철,동작(현충원),4,,Y,N,N,126.980171,37.503567,동작동,11590106,,,,,,2298.62,2223.5,4522.12,137917,133410,271327
지하철,이수,4,,Y,N,N,126.982199,37.486873,사당동,11590107,,,,,,17276.73,16687.73,33964.47,518302,500632,1018934
지하철,사당,4,,Y,N,N,126.981746,37.476563,사당동,11590107,,,,,,35215.63,35778.58,70994.22,2112938,2146715,4259653
지하철,남성,7,,Y,N,N,126.971108,37.484688,사당동,11590107,,,,,,11554.33,11108.57,22662.9,346630,333257,679887
지하철,숭실대입구(살피재),7,,Y,N,N,126.953649,37.496258,상도동,11590102,,,,,,15863.7,15867.83,31731.53,475911,476035,951946
지하철,상도,7,,Y,N,N,126.947949,37.50279,상도1동,11590103,,,,,,12936.5,12804.17,25740.67,388095,384125,772220
지하철,장승배기,7,,Y,N,N,126.939025,37.504845,상도동,11590102,,,,,,9396.6,9128.47,18525.07,281898,273854,555752
지하철,신대방삼거리,7,,Y,N,N,126.928218,37.499717,대방동,11590108,,,,,,15346.33,14704.07,30050.4,460390,441122,901512
지하철,보라매,7,,Y,N,N,126.920112,37.499916,대방동,11590108,,,,,,5754.68,5687.32,11442,345281,341239,686520
지하철,이수,7,,Y,N,N,126.981854,37.486501,사당동,11590107,,,,,,17276.73,16687.73,33964.47,518302,500632,1018934
지하철,서울지방병무청,신림,,Y,N,N,126.922592,37.505784,신길동(영등포구),11560132,,,,,,3234.83,3492.73,6727.57,97045,104782,201827
지하철,보라매공원,신림,,Y,N,N,126.91807,37.495632,신대방동,11590109,,,,,,2458.13,2696.37,5154.5,73744,80891,154635
지하철,보라매병원,신림,,Y,N,N,126.92378,37.492987,신대방동,11590109,,,,,,7703.03,8001.73,15704.77,231091,240052,471143
지하철,노량진,9,,Y,N,N,126.944824,37.513823,노량진동,11590101,,,,,,18160.65,18042.85,36203.5,1089639,1082571,2172210
지하철,노들,9,,Y,N,N,126.953212,37.512697,본동,11590104,,,,,,5557.53,4768.53,10326.07,166726,143056,309782
지하철,흑석(중앙대입구),9,,Y,N,N,126.963477,37.509044,흑석동,11590105,,,,,,10420.9,10630.6,21051.5,312627,318918,631545
지하철,구반포,9,,Y,N,N,126.987426,37.501436,반포동(서초구),11650107,,,,,,1871.77,1730.03,3601.8,56153,51901,108054
지하철,샛강,9,,Y,N,N,126.92891,37.516764,여의도동(영등포구),11560110,,,,,,4804.98,5066.58,9871.57,288299,303995,592294
지하철,대방,1,,Y,N,N,126.926372,37.51255,대방동,11590108,,,,,,6888.1,7182.42,14070.52,413286,430945,844231
지하철,구로디지털단지,2,,Y,N,N,126.901432,37.484422,구로동(구로구),11530102,,,,,,57241.73,56637.77,113879.5,1717252,1699133,3416385
지하철,당곡,신림,,Y,N,N,126.92756,37.490251,봉천동(관악구),11620101,,,,,,5003,4780.43,9783.43,150090,143413,293503
지하철,낙성대(강감찬),2,,Y,N,N,126.963416,37.47712,봉천동(관악구),11620101,,,,,,28598.17,27756.3,56354.47,857945,832689,1690634
버스,동작상떼빌아파트,,17,N,Y,N,126.904448,37.486449,신대방동,11590109,,119000001,20001,서울 동작구 신대방동 699-4,,81.15,83.93,165.08,35627,36845,72472
버스,동작상떼빌아파트,,1,N,Y,N,126.9071028,37.48825374,신대방동,11590109,,119000116,20209,서울 동작구 신대방동 686-74,서울특별시 동작구 대림로 57 (신대방동),81.33,62.5,143.83,2440,1875,4315
버스,신대방경남아파트,,2,N,Y,N,126.907227,37.48842865,신대방동,11590109,,119000117,20210,서울 동작구 신대방동 700,,45.27,67.37,112.63,2716,1875,6758
버스,신대방1동경남아파트,,1,N,Y,N,126.907561,37.48993195,신대방동,11590109,,118900115,20911,서울 동작구 신대방동 607-7,서울특별시 동작구 시흥대로 650-2 (신대방동),28.63,84.5,113.13,859,1875,3394
버스,성원샹떼빌앞,,1,N,Y,N,126.9080421,37.4877057,신대방동,11590109,,119900021,20579,서울 동작구 신대방동 719,"서울특별시 동작구 신대방1가길 38 (신대방동, 동작상떼빌아파트)",52.4,27,79.4,1572,1875,2382
버스,신대방1동주민센터,,1,N,Y,N,126.9095786,37.48704097,신대방동,11590109,,119900012,20589,서울 동작구 신대방동 694-13,서울특별시 동작구 대림로 31 (신대방동),5.07,27.57,32.63,152,1875,979
버스,신대방1동주민센터,,1,N,Y,N,126.9097457,37.48721231,신대방동,11590109,,119900271,20923,서울 동작구 신대방동 700-2,,10.7,35.67,46.37,321,1875,1391
버스,신대방우성아파트앞,,1,N,Y,N,126.9103818,37.493343,신대방동,11590109,,119900237,20927,서울 동작구 신대방동 565-21,"서울특별시 동작구 여의대방로 8 (신대방동, 신대방2차우성아파트)",27.6,150.33,177.93,828,1875,5338
버스,신대방현대아파트,,7,N,Y,N,126.911479,37.495282,신대방동,11590109,,119000003,20003,서울 동작구 신대방동 492-261,,331.08,141.43,472.51,59594,1875,85051
버스,신대방현대아파트,,1,N,Y,N,126.9115434,37.49522804,신대방동,11590109,,119900327,20925,서울 동작구 신대방동 707-6,,26.73,32.03,58.77,802,1875,1763
버스,신대방역,,1,N,Y,N,126.911743,37.487413,신대방동,11590109,,119000115,20208,서울 동작구 신대방동 692-46,서울특별시 동작구 대림로 12-1 (신대방동),77.97,56.2,134.17,2339,1875,4025
버스,신대방역,,2,N,Y,N,126.9123159,37.48737915,신대방동,11590109,,119000114,20207,서울 동작구 신대방동 702-9,,72.83,142.33,215.17,4370,1875,12910
버스,신대방역,,1,N,Y,N,126.913014,37.487502,신대방동,11590109,,119900242,20921,서울 동작구 신대방동 643-1,서울특별시 동작구 대림로 2 (신대방동),403.67,235.1,638.77,12110,1875,19163
버스,교수아파트,,1,N,Y,N,126.9134228,37.49629638,신대방동,11590109,,119900236,20928,서울 동작구 신대방동 710,"서울특별시 동작구 여의대방로10길 14 (신대방동, 경남교수아파트)",9.03,37.13,46.17,271,1875,1385
버스,대방중학교,,1,N,Y,N,126.914493,37.495492,신대방동,11590109,,119900299,20971,서울 동작구 신대방동 470-10,,44.7,72.53,117.23,1341,1875,3517
버스,수도여고,,1,N,Y,N,126.9152513,37.49355475,신대방동,11590109,,119900300,20973,서울 동작구 신대방동 470-13,서울특별시 동작구 여의대방로10길 73 (신대방동),134.8,64.27,199.07,4044,1875,5972
버스,보라매공원,,7,N,Y,N,126.916221,37.496899,신대방동,11590109,,119000004,20004,서울 동작구 신대방동 500-8,,233.11,191.07,424.18,41960,1875,76353
버스,동작구민체육센터.기상청,,1,N,Y,N,126.9171797,37.49441397,신대방동,11590109,,119900302,20975,서울 동작구 신대방동 460-37,,24.67,24.8,49.47,740,1875,1484
버스,동작구민체육센터.기상청,,1,N,Y,N,126.9172421,37.4942401,신대방동,11590109,,119900301,20974,서울 동작구 신대방동 460-18,서울특별시 동작구 여의대방로16길 61 (신대방동),13.43,28.53,41.97,403,1875,1259
버스,보라매공원입구,,1,N,Y,N,126.917914,37.495679,신대방동,11590109,,119900235,20929,서울 동작구 신대방동 722,서울특별시 동작구 보라매로5길 28 (신대방동),24.53,10.93,35.47,736,1875,1064
버스,보라매공원입구,,1,N,Y,N,126.918086,37.496008,신대방동,11590109,,119900063,20527,서울 동작구 신대방동 722,서울특별시 동작구 보라매로5길 28 (신대방동),12.47,43.9,56.37,374,1875,1691
버스,보라매공원,,1,N,Y,N,126.918239,37.494769,신대방동,11590109,,119900234,20930,서울 동작구 신대방동 722,서울특별시 동작구 보라매로5길 28 (신대방동),6.38,8,14.38,185,1875,417
버스,보라매공원,,1,N,Y,N,126.918577,37.49462,신대방동,11590109,,119900074,20512,서울 동작구 신대방동 722,서울특별시 동작구 보라매로5길 28 (신대방동),10.16,34.8,44.96,305,1875,1349
버스,보라매역.동작세무서,,8,N,Y,N,126.9201964,37.4981412,신대방동,11590109,,119000005,20005,서울 동작구 신대방동 377-5,,170.46,221,391.46,35797,1875,82207
버스,보라매역.동작세무서,,2,N,Y,N,126.9202294,37.49799255,신대방동,11590109,,119900279,20995,서울 동작구 신대방동 381-1,,18.47,34.05,52.52,1108,1875,3151
버스,보라매역.동작세무서,,7,N,Y,N,126.920261,37.49897649,대방동,11590108,,118000013,19013,서울 영등포구 신길동 4884,,377.01,273.07,650.08,67861,1875,117014
버스,서울공업고등학교,,8,N,Y,N,126.921571,37.49996145,대방동,11590108,,119000051,20144,서울 동작구 대방동 466-59,,150.4,76.34,226.74,25869,1875,39000
버스,벽산아파트,,1,N,Y,N,126.9218266,37.49773319,신대방동,11590109,,119900308,20497,서울 동작구 신대방동 378-10,,2.17,5.47,7.63,65,1875,229
버스,강남중학교,,12,N,Y,N,126.9218984,37.50378955,대방동,11590108,,119000006,20006,서울 동작구 대방동 466-43,서울특별시 동작구 여의대방로36길 5 (대방동),172.26,97.98,270.24,50299,1875,78909
버스,서울공업고등학교,,9,N,Y,N,126.922337,37.499775,대방동,11590108,,119000050,20143,서울 동작구 대방동 466-59,,91.99,159.48,251.46,18581,1875,50795
버스,예스플러스,,2,N,Y,N,126.9224942,37.50396386,대방동,11590108,,119900146,20842,서울 동작구 대방동 389-3,서울특별시 동작구 여의대방로36길 4 (대방동),28.88,27.37,56.25,1733,1875,3375
버스,대방교회,,3,N,Y,N,126.9230394,37.50397142,대방동,11590108,,119900123,20870,서울 동작구 대방동 388-1,서울특별시 동작구 대방동23길 41 (대방동),19.76,34.82,54.58,1778,1875,4912
버스,보라매어린이집.문창중학교,,1,N,Y,N,126.923186,37.497719,신대방동,11590109,,119900098,20903,서울 동작구 신대방동 378-10,,8.07,12,20.07,242,1875,602
버스,서울지방병무청앞,,11,N,Y,N,126.923275,37.506935,대방동,11590108,,119000020,20106,서울 동작구 대방동 501,서울특별시 동작구 여의대방로 250 (대방동),133.42,81.19,214.6,42960,1875,69102
버스,동작우체국,,1,N,Y,N,126.9238815,37.49781023,신대방동,11590109,,119900155,20828,서울 동작구 신대방동 349-35,,8.7,9.4,18.1,261,1875,543
버스,코오롱하늘채아파트,,3,N,Y,N,126.9240091,37.49917007,대방동,11590108,,119900163,20818,서울 동작구 대방동 411-5,"서울특별시 동작구 여의대방로24마길 13 (대방동, 팰리스타운)",16.37,16.71,33.08,1473,1875,2977
버스,범한택시,,3,N,Y,N,126.9240184,37.50006127,대방동,11590108,,119900116,20880,서울 동작구 대방동 397-1,,10.84,54.82,65.67,976,1875,5910
버스,영동슈퍼,,3,N,Y,N,126.9241105,37.50286916,대방동,11590108,,119900119,20876,서울 동작구 대방동 466-10,,31.12,29.3,60.42,2801,1875,5438
버스,홍원사,,3,N,Y,N,126.9241422,37.5039451,대방동,11590108,,119900268,20873,서울 동작구 대방동 380-1,서울특별시 동작구 대방동23길 21 (대방동),16.14,17.62,33.77,1453,1875,3039
버스,아카데미타워,,1,N,Y,N,126.9244164,37.49121269,신대방동,11590109,,119900084,20919,서울 동작구 신대방동 395-69,"서울특별시 동작구 보라매로5가길 16 (신대방동, 보라매아카데미타워)",131.8,73.03,204.83,3954,1875,6145
버스,서울특별시.보라매병원,,2,N,Y,N,126.924482,37.492755,신대방동,11590109,,119000123,20217,서울 동작구 신대방동 395-61,서울특별시 동작구 보라매로5길 지하24 (신대방동),363.73,188.23,551.97,21824,1875,33118
버스,동작우체국,,2,N,Y,N,126.9245071,37.49772953,신대방동,11590109,,119900095,20907,서울 동작구 신대방동 361-57,서울특별시 동작구 여의대방로22길 80 (신대방동),43.4,16.72,60.12,2604,1875,3607
버스,공군호텔,,13,N,Y,N,126.9245411,37.51001067,대방동,11590108,,119000021,20107,서울 동작구 대방동 356-2,,195.3,122.47,317.76,74603,1875,121386
버스,해태타워앞,,1,N,Y,N,126.9246607,37.4910939,신대방동,11590109,,119900191,20728,서울 동작구 신대방동 708,"서울특별시 동작구 보라매로3길 29 (신대방동, 해태보라매타워)",52.27,36.17,88.43,1568,1875,2653
버스,대림아파트후문.성남중.고교,,3,N,Y,N,126.9248146,37.50567475,대방동,11590108,,119900030,20569,서울 동작구 대방동 375-39,서울특별시 동작구 여의대방로36길 32 (대방동),49.04,51.98,101.02,4414,1875,9092
버스,전문건설회관.보라매병원,,1,N,Y,N,126.924958,37.49235924,신대방동,11590109,,119900272,20748,서울 동작구 신대방동 706,"서울특별시 동작구 보라매로5길 5 (신대방동, 보라매우성아파트)",28,31.4,59.4,840,1875,1782
버스,대림아파트후문.성남중.고교,,3,N,Y,N,126.924992,37.50586589,대방동,11590108,,119900128,20865,서울 동작구 대방동 466-56,,40.61,89.92,130.53,3655,1875,11748
버스,성남중고,,1,N,Y,N,126.9253134,37.50457842,대방동,11590108,,119900042,20555,서울 동작구 대방동 375-1,서울특별시 동작구 대방동길 74 (대방동),63.57,78.27,141.83,1907,1875,4255
버스,성원아파트,,2,N,Y,N,126.9254189,37.50882177,대방동,11590108,,119900133,20857,서울 동작구 대방동 503-2,,7.92,15.38,23.3,475,1875,1398
버스,대방어린이도서관,,1,N,Y,N,126.9254813,37.50296195,대방동,11590108,,119900053,20542,서울 동작구 대방동 375-74,서울특별시 동작구 대방동길 56 (대방동),72.6,83.33,155.93,2178,1875,4678
버스,대림초등학교,,8,N,Y,N,126.9261279,37.49985536,대방동,11590108,,119000053,20146,서울 동작구 대방동 466-60,,175.81,85.16,260.97,35513,1875,52716
버스,대방동주민센터,,1,N,Y,N,126.926167,37.508177,대방동,11590108,,119900020,20580,서울 동작구 대방동 501-4,,26.1,80.43,106.53,783,1875,3196
버스,대방동주민센터,,3,N,Y,N,126.926169,37.508388,대방동,11590108,,119900267,20861,서울 동작구 대방동 501-4,,18.57,41.37,59.93,1671,1875,5394
버스,대방역,,5,N,Y,N,126.9263634,37.51258813,대방동,11590108,,119000022,20108,서울 동작구 대방동 117-4,서울특별시 동작구 노량진로 9 (대방동),153.65,205.39,359.04,32267,1875,75398
버스,대림초등학교,,10,N,Y,N,126.926481,37.49960777,대방동,11590108,,119000052,20145,서울 동작구 대방동 404-1,서울특별시 동작구 상도로 56 (대방동),123.01,208.33,331.34,28539,1875,76872
버스,7호선신대방삼거리역4번출구,,3,N,Y,N,126.9267443,37.4998233,대방동,11590108,,119900169,20808,서울 동작구 대방동 406-10,서울특별시 동작구 상도로 지하76 (대방동),19.62,33.45,53.07,1177,1875,3184
버스,효주파크빌,,1,N,Y,N,126.9267494,37.50272846,대방동,11590108,,119900311,20495,서울 동작구 대방동 466-10,,42.47,85.07,127.53,1274,1875,3826
버스,보라매병원입구,,11,N,Y,N,126.927191,37.494757,신대방동,11590109,,119000095,20188,서울 동작구 신대방동 344-225,,82.59,126.34,208.93,26594,1875,67274
버스,대방역.여의교앞,,1,N,Y,N,126.92733,37.514757,대방동,11590108,,119000291,20249,서울 동작구 대방동 498-1,,10.63,117.9,128.53,319,1875,3856
버스,대방역1번출구,,1,N,Y,N,126.9274282,37.51306991,대방동,11590108,,119900186,20741,서울 동작구 대방동 106-5,,29.43,332.9,362.33,883,1875,10870
버스,대방역1번출구앞,,2,N,Y,N,126.927473,37.513095,대방동,11590108,,119000295,20248,서울 동작구 대방동 106-5,,560.03,135.65,695.68,33602,1875,41741
버스,대방역2번출구앞,,4,N,Y,N,126.927588,37.51277896,대방동,11590108,,119900151,20834,서울 동작구 대방동 340-3,서울특별시 동작구 노량진로 10 (대방동),434.22,205.1,639.32,39080,1875,57539
버스,여의교(가상),,19,N,Y,N,126.9276683,37.51480272,대방동,11590108,,119000311,20905,서울 동작구 대방동 498-1,,241.28,120.09,361.37,36193,1875,54207
버스,신대방삼거리,,10,N,Y,N,126.9278411,37.49777487,신대방동,11590109,,119000093,20186,서울 동작구 신대방동 345-3,서울특별시 동작구 보라매로 93 (신대방동),80.37,33.46,113.83,23229,1875,32899
버스,강현중학교,,1,N,Y,N,126.9278709,37.50206774,대방동,11590108,,119900264,20528,서울 동작구 대방동 466-10,,37.37,100.73,138.1,1121,1875,4143
버스,신대방삼거리역.성대시장,,1,N,Y,N,126.9279312,37.49822547,신대방동,11590109,,119900093,20909,서울 동작구 신대방동 350-2,서울특별시 동작구 보라매로 101 (신대방동),188.7,55.43,244.13,5661,1875,7324
버스,신대방삼거리역,,1,N,Y,N,126.928182,37.4999673,대방동,11590108,,119900073,20513,서울 동작구 대방동 393-65,서울특별시 동작구 상도로 69 (대방동),427.62,112.62,540.23,25657,1875,32414
버스,신대방삼거리,,11,N,Y,N,126.928253,37.498328,신대방동,11590109,,119000094,20187,서울 동작구 신대방동 345-6,서울특별시 동작구 보라매로 95-2 (신대방동),166.45,211.62,378.07,53597,1875,121739
버스,7호선신대방삼거리역2번출구.국민은행,,2,N,Y,N,126.928419,37.498966,대방동,11590108,,119900004,20674,서울 동작구 대방동 408-6,서울특별시 동작구 국사봉길 1-2 (대방동),77.9,276.07,353.97,4674,1875,21238
버스,7호선신대방삼거리역2번출구.국민은행,,1,N,Y,N,126.928523,37.498836,신대방동,11590109,,119900225,20943,서울 동작구 신대방동 355-26,서울특별시 동작구 국사봉길 12 (신대방동),358.5,16.1,374.6,10755,1875,11238
버스,대방동주공아파트,,3,N,Y,N,126.92888,37.50905279,대방동,11590108,,119900269,20940,서울 동작구 대방동 503-2,,113.54,126.51,240.05,17031,1875,36008
버스,주공아파트.남도학숙,,1,N,Y,N,126.9289889,37.50870233,대방동,11590108,,119900265,20590,서울 동작구 대방동 20-112,서울특별시 동작구 여의대방로44길 46 (대방동),295.8,228.37,524.17,8874,1875,15725
버스,숭의여중고교.공군항공안전단,,2,N,Y,N,126.929696,37.50738263,대방동,11590108,,119900139,20850,서울 동작구 대방동 15-10,서울특별시 동작구 여의대방로36길 92 (대방동),8.03,43.18,51.22,482,1875,3073
버스,상도3동주민센터,,1,N,Y,N,126.9298934,37.49950352,대방동,11590108,,119900282,20988,서울 동작구 대방동 336-5,,18.37,43.03,61.4,551,1875,1842
버스,숭의여중.고교,,1,N,Y,N,126.9299523,37.50791444,대방동,11590108,,119900008,20598,서울 동작구 대방동 15-46,서울특별시 동작구 여의대방로36길 79 (대방동),58.7,32.7,91.4,1761,1875,2742
버스,푸른초장교회,,1,N,Y,N,126.9300251,37.4977131,신대방동,11590109,,119900224,20944,서울 동작구 신대방동 348-85,서울특별시 동작구 국사봉길 42 (신대방동),6.4,12.4,18.8,192,1875,564
버스,푸른초장교회,,2,N,Y,N,126.9300612,37.49781765,상도동,11590102,,119900011,20594,서울 동작구 상도동 320-9,,4.82,43.32,48.13,289,1875,2888
버스,숭의여중고교.공군항공안전단,,3,N,Y,N,126.9301467,37.50799926,대방동,11590108,,119900228,20939,서울 동작구 대방동 503-2,,20.94,59.97,80.91,1885,1875,7282
버스,백경세탁소,,1,N,Y,N,126.9307149,37.49659074,상도동,11590102,,119900223,20945,서울 동작구 상도동 299-58,서울특별시 동작구 국사봉길 74 (상도동),7,38,45,210,1875,1350
버스,백경세탁소,,2,N,Y,N,126.9308348,37.49664487,상도동,11590102,,119900015,20586,서울 동작구 상도동 298-13,서울특별시 동작구 국사봉길 71 (상도동),55.57,6.75,62.32,3334,1875,3739
버스,성대시장,,10,N,Y,N,126.9309086,37.49999612,상도동,11590102,,119000054,20147,서울 동작구 상도동 329-2,,237.13,252.3,489.43,64024,1875,132145
버스,상도3동주민센터,,1,N,Y,N,126.9312735,37.49917272,상도동,11590102,,119900248,20591,서울 동작구 상도동 315-37,서울특별시 동작구 성대로2길 11 (상도동),21.13,109.13,130.27,634,1875,3908
버스,현대아파트,,18,N,Y,N,126.931437,37.513174,대방동,11590108,,119000007,20007,서울 동작구 대방동 54-2,,137.62,124.63,262.26,68811,1875,131128
버스,성대시장,,10,N,Y,N,126.931693,37.500285,상도동,11590102,,119000055,20148,서울 동작구 상도동 325-14,,349.69,225.28,574.96,94415,1875,155240
버스,현대아파트,,4,N,Y,N,126.931932,37.512343,대방동,11590108,,119900230,20934,서울 동작구 대방동 23-2,서울특별시 동작구 대방동23길 23-2 (대방동),140.69,39.4,180.09,16883,1875,21611
버스,빙수골공영주차장,,1,N,Y,N,126.932011,37.49529931,상도동,11590102,,119900222,20946,서울 동작구 상도동 299-16,서울특별시 동작구 국사봉12길 11 (상도동),9.33,87.47,96.8,280,1875,2904
버스,현대2차아파트후문,,4,N,Y,N,126.932045,37.510707,대방동,11590108,,119900313,20501,서울 동작구 대방동 23-2,서울특별시 동작구 대방동23길 23-2 (대방동),18.13,29.8,47.93,2176,1875,5752
버스,현대아파트,,2,N,Y,N,126.9320468,37.51205262,대방동,11590108,,119900203,20695,서울 동작구 대방동 23-2,서울특별시 동작구 대방동23길 23-2 (대방동),17.87,91.17,109.03,1072,1875,6542
버스,남부교회,,4,N,Y,N,126.932072,37.50919524,대방동,11590108,,119900171,20804,서울 동작구 대방동 17-5,서울특별시 동작구 대방동3길 17-5 (대방동),87.58,57.21,144.79,10510,1875,17375
버스,빙수골마을공원,,1,N,Y,N,126.9321117,37.4965519,상도동,11590102,,119900019,20581,서울 동작구 상도동 292-56,,27.73,3.27,31,832,1875,930
버스,빙수골공영주차장,,2,N,Y,N,126.9321581,37.49527957,상도동,11590102,,119900025,20575,서울 동작구 상도동 289-9,,59.75,4.08,63.83,3585,1875,3830
버스,남부교회,,2,N,Y,N,126.9322871,37.50897099,대방동,11590108,,119900200,20700,서울 동작구 대방동 17-21,서울특별시 동작구 등용로 86-1 (대방동),121.55,97.32,218.87,7293,1875,13132
버스,성대시장,,2,N,Y,N,126.932299,37.500081,상도동,11590102,,119900127,20866,서울 동작구 상도동 345-13,,574.63,209.58,784.22,34478,1875,47053
버스,현대아파트.유한양행,,18,N,Y,N,126.9323737,37.51323685,대방동,11590108,,119000008,20008,서울 동작구 대방동 48-3,,62.29,70.93,133.22,30149,1875,64479
버스,대방목욕탕,,1,N,Y,N,126.9323906,37.50710487,대방동,11590108,,119900206,20684,서울 동작구 대방동 11-29,서울특별시 동작구 등용로 66 (대방동),35,71.3,106.3,1050,1875,3189
버스,구동사무소,,1,N,Y,N,126.9324299,37.49610964,상도동,11590102,,119900029,20570,서울 동작구 상도동 292-60,서울특별시 동작구 국사봉1길 125 (상도동),0.43,1.52,1.95,9,1875,41
버스,현대한의원,,2,N,Y,N,126.932562,37.50015927,상도동,11590102,,119900007,20599,서울 동작구 상도동 248-16,서울특별시 동작구 성대로1길 2 (상도동),213.5,44.37,257.87,12810,1875,15472
버스,선재유통,,1,N,Y,N,126.9327547,37.49455452,상도동,11590102,,119900221,20947,서울 동작구 상도동 299-156,서울특별시 동작구 국사봉16길 4 (상도동),20.3,129.1,149.4,609,1875,4482
버스,선재유통,,2,N,Y,N,126.9328022,37.49465817,상도동,11590102,,119900034,20564,서울 동작구 상도동 289-33,"서울특별시 동작구 국사봉길 125 (상도동, 진명빌라)",104.07,27.28,131.35,6244,1875,7881
버스,쌍용아파트,,2,N,Y,N,126.932986,37.50150396,상도동,11590102,,119900130,20862,서울 동작구 상도동 345-12,,9.6,58.87,68.47,576,1875,4108
버스,사회복지관앞,,1,N,Y,N,126.9330781,37.50606719,대방동,11590108,,119900005,20673,서울 동작구 대방동 5-23,,55.37,40.53,95.9,1661,1875,2877
버스,사회복지관앞,,1,N,Y,N,126.9330952,37.5059023,대방동,11590108,,119900157,20825,서울 동작구 대방동 5-2,"서울특별시 동작구 등용로 49 (대방동, 정원쉐르빌)",47.33,90.57,137.9,1420,1875,4137
버스,청운종합복지관,,1,N,Y,N,126.9334403,37.49556685,상도동,11590102,,119900041,20556,서울 동작구 상도동 292-56,,55.73,15.5,71.23,1672,1875,2137
버스,영은교회,,1,N,Y,N,126.9339921,37.4943795,상도동,11590102,,119900220,20948,서울 동작구 상도동 287-4,서울특별시 동작구 국사봉길 156 (상도동),2.27,36.4,38.67,68,1875,1160
버스,영은교회,,2,N,Y,N,126.934095,37.49439578,상도동,11590102,,119900046,20550,서울 동작구 상도동 285-25,,37.3,11.75,49.05,2238,1875,2943
버스,성심슈퍼,,1,N,Y,N,126.9344156,37.49514297,상도동,11590102,,119900052,20543,서울 동작구 상도동 282-28,,34.8,14.13,48.93,1044,1875,1468
버스,KT동작지사,,1,N,Y,N,126.9344731,37.51218014,대방동,11590108,,119900197,20703,서울 동작구 대방동 45-14,서울특별시 동작구 등용로4길 139 (대방동),15.23,32.1,47.33,457,1875,1420
버스,갑을명가아파트,,1,N,Y,N,126.9344802,37.49360122,상도동,11590102,,119900219,20949,서울 동작구 상도동 458,"서울특별시 동작구 국사봉길 178 (상도동, 상도1차 갑을명가아파트)",6.5,51.1,57.6,195,1875,1728
버스,동광교회,,2,N,Y,N,126.9344857,37.50155436,상도동,11590102,,119900249,20681,서울 동작구 상도동 242-62,서울특별시 동작구 성대로1길 24 (상도동),74.8,26.92,101.72,4488,1875,6103
버스,강현중학교.동작청소년문화의집,,2,N,Y,N,126.9345123,37.50300042,상도동,11590102,,119900125,20868,서울 동작구 상도동 361-19,서울특별시 동작구 상도로15길 55 (상도동),15.25,79.2,94.45,915,1875,5667
버스,안일약국,,2,N,Y,N,126.9345558,37.49776166,상도동,11590102,,119900113,20883,서울 동작구 상도동 259-35,서울특별시 동작구 성대로 72 (상도동),18.08,86.68,104.77,1085,1875,6286
버스,KT동작전화국,,1,N,Y,N,126.9345611,37.51236942,대방동,11590108,,119900145,20843,서울 동작구 대방동 45-51,,12.6,19.17,31.77,378,1875,953
버스,갑을명가아파트,,2,N,Y,N,126.934574,37.49369409,상도동,11590102,,119900057,20537,서울 동작구 상도동 459,"서울특별시 동작구 국사봉길 175 (상도동, 상도2차갑을명가아파트)",45.07,12.77,57.83,2704,1875,3470
버스,삼성래미안.동작청소년문화의집,,1,N,Y,N,126.9348171,37.50553561,상도동,11590102,,119900152,20833,서울 동작구 상도동 450,"서울특별시 동작구 등용로 37 (상도동, 상도래미안1차아파트)",45.17,130.37,175.53,1355,1875,5266
버스,재넘이고개,,1,N,Y,N,126.935368,37.492825,상도동,11590102,,120000413,21346,서울 동작구 상도동 산 80-32,,190.23,172.1,362.33,5707,1875,10870
버스,당곡중.고등학교,,2,N,Y,N,126.9354613,37.49297099,상도동,11590102,,119900067,20522,서울 동작구 상도동 산 80-30,,23.25,4.82,28.07,1395,1875,1684
버스,당곡중.고등학교,,1,N,Y,N,126.9354998,37.49289802,상도동,11590102,,119900218,20950,서울 동작구 상도동 산 80-32,,11.13,47.87,59,334,1875,1770
버스,구중앙슈퍼앞,,1,N,Y,N,126.935504,37.49461192,상도동,11590102,,119900062,20529,서울 동작구 상도동 282-7,"서울특별시 동작구 국사봉1길 193 (상도동, 미소가)",37.4,10.13,47.53,1122,1875,1426
버스,KT동작지사,,4,N,Y,N,126.9356601,37.51303954,노량진동,11590101,,119000023,20111,서울 동작구 노량진동 28-7,서울특별시 동작구 노량진로 90 (노량진동),37.88,40.33,78.21,5682,1875,11731
버스,상도초등학교입구,,10,N,Y,N,126.9357683,37.50295988,상도동,11590102,,119000057,20150,서울 동작구 상도동 187-2,,111.92,159.13,271.06,30219,1875,73185
버스,경성의원.새마을금고앞,,1,N,Y,N,126.9359546,37.51261889,노량진동,11590101,,119900190,20729,서울 동작구 노량진동 263-9,서울특별시 동작구 노량진로6길 9 (노량진동),16.9,109.1,126,507,1875,3780
버스,경성의원.새마을금고앞,,1,N,Y,N,126.9359804,37.51279371,노량진동,11590101,,119900150,20836,서울 동작구 노량진동 264-1,,72.37,26.73,99.1,2171,1875,2973
버스,동작경희병원,,2,N,Y,N,126.9360217,37.50285279,상도동,11590102,,119900232,20932,서울 동작구 상도동 188-4,서울특별시 동작구 상도로 150 (상도동),37.08,20.73,57.82,2225,1875,3469
버스,사자암,,3,N,Y,N,126.936319,37.49376893,상도동,11590102,,119900078,20507,서울 동작구 상도동 283-59,,38.84,56.11,94.96,6992,1875,17092
버스,사자암,,1,N,Y,N,126.936405,37.49371671,상도동,11590102,,119900217,20951,서울 동작구 상도동 283-142,,5.73,24.63,30.37,172,1875,911
버스,주택가,,1,N,Y,N,126.9364798,37.50550408,상도동,11590102,,119900147,20840,서울 동작구 상도동 363-111,서울특별시 동작구 등용로 17 (상도동),4.4,45.33,49.73,132,1875,1492
버스,명창빌딩,,2,N,Y,N,126.9365067,37.50449666,상도동,11590102,,119900136,20854,서울 동작구 상도동 26-71,,28.67,92.13,120.8,1720,1875,7248
버스,동작하이슈퍼,,3,N,Y,N,126.9366392,37.49494234,상도동,11590102,,119900111,20886,서울 동작구 상도동 279-20,,34.61,106.18,140.79,3115,1875,12671
버스,동작하이슈퍼,,1,N,Y,N,126.9367297,37.49491806,상도동,11590102,,119900216,20952,서울 동작구 상도동 279-451,서울특별시 동작구 양녕로23길 125 (상도동),8.63,27.67,36.3,259,1875,1089
버스,사거리,,2,N,Y,N,126.9367943,37.49603636,상도동,11590102,,119900118,20877,서울 동작구 상도동 279-51,"서울특별시 동작구 성대로12길 48 (상도동, 유성빌라21차)",12.95,217.03,229.98,777,1875,13799
버스,제일성민교회,,3,N,Y,N,126.9373309,37.49539146,상도동,11590102,,119900115,20881,서울 동작구 상도동 279-20,,32.11,192.2,224.31,2890,1875,20188
버스,제일성민교회,,1,N,Y,N,126.9374011,37.49533743,상도동,11590102,,119900215,20953,서울 동작구 상도동 279-435,"서울특별시 동작구 성대로12길 66 (상도동, 우주빌라)",19.27,34.87,54.13,578,1875,1624
버스,국민은행,,1,N,Y,N,126.9375688,37.50441973,상도동,11590102,,119900141,20847,서울 동작구 상도동 366-5,서울특별시 동작구 상도로 163 (상도동),43.37,225.4,268.77,1301,1875,8063
버스,국민은행4번출구,,1,N,Y,N,126.9377215,37.50448109,상도동,11590102,,119900026,20574,서울 동작구 상도동 365-19,,257.43,57.53,314.97,7723,1875,9449
버스,노량진수산시장.CTS기독교TV,,15,N,Y,N,126.938456,37.513423,노량진동,11590101,,119000009,20009,서울 동작구 노량진동 40-12,서울특별시 동작구 노량진로 116-2 (노량진동),160.15,216.58,376.73,61179,1875,143911
버스,장승배기역,,11,N,Y,N,126.9385221,37.50467614,상도동,11590102,,119000058,20151,서울 동작구 상도동 26-20,서울특별시 동작구 상도로 249 (상도동),111.66,126.41,238.07,30148,1875,64280
버스,보문사,,1,N,Y,N,126.9385856,37.49618689,상도동,11590102,,119900210,20958,서울 동작구 상도동 279-458,,17.33,17.03,34.37,520,1875,1031
버스,보문사,,1,N,Y,N,126.9386456,37.49612024,상도동,11590102,,119900214,20954,서울 동작구 상도동 279-456,"서울특별시 동작구 양녕로23길 81 (상도동, 미성해드림)",22.7,55.07,77.77,681,1875,2333
버스,노량진수산시장.CTS기독교TV,,19,N,Y,N,126.9388656,37.51348008,노량진동,11590101,,119000010,20010,서울 동작구 노량진동 40-12,서울특별시 동작구 노량진로 116-2 (노량진동),253.34,163.56,416.9,132244,1875,217624
버스,7호선장승배기역2번출구,,2,N,Y,N,126.9389672,37.50393206,상도동,11590102,,119900246,20704,서울 동작구 상도동 364-31,,35.83,102.87,138.7,2150,1875,8322
버스,7호선장승배기역5번출구,,2,N,Y,N,126.9389753,37.50509629,상도동,11590102,,119900138,20851,서울 동작구 상도동 26-71,,74.5,102.85,177.35,4470,1875,10641
버스,7호선장승배기역.상도2치안센터,,4,N,Y,N,126.9391356,37.50417184,상도동,11590102,,119000104,20197,서울 동작구 상도동 364-36,서울특별시 동작구 장승배기로 73 (상도동),417.57,198.39,615.96,46768,1875,68988
버스,7호선장승배기역.상도2치안센터,,4,N,Y,N,126.9393255,37.50434045,상도동,11590102,,119000105,20198,서울 동작구 상도동 26-20,서울특별시 동작구 상도로 249 (상도동),102.44,325.57,428.01,11473,1875,47937
버스,장성교회,,2,N,Y,N,126.939904,37.507439,노량진동,11590101,,119900229,20938,서울 동작구 노량진동 230-44,서울특별시 동작구 장승배기로20길 39 (노량진동),66.12,67.62,133.73,3967,1875,8024
버스,장성교회,,18,N,Y,N,126.9399682,37.50821101,노량진동,11590101,,119000099,20192,서울 동작구 노량진동 309-1,,71.27,49.85,121.13,37846,1875,64319
버스,충남정육점,,1,N,Y,N,126.9399947,37.49914503,상도동,11590102,,119900132,20858,서울 동작구 상도동 202-68,,62.9,68,130.9,1887,1875,3927
버스,동작구청.노량진초등학교앞,,18,N,Y,N,126.940053,37.51055,노량진동,11590101,,119000097,20190,서울 동작구 노량진동 231-124,서울특별시 동작구 장승배기로 126-2 (노량진동),99.45,45.38,144.82,52806,1875,76902
버스,동작구청정문,,6,N,Y,N,126.9400622,37.51237684,노량진동,11590101,,119000134,20240,서울 동작구 노량진동 47-2,서울특별시 동작구 장승배기로 161 (노량진동),222.22,79.3,301.52,46667,1875,63320
버스,청화병원,,19,N,Y,N,126.9400798,37.50724508,노량진동,11590101,,119000100,20193,서울 동작구 노량진동 311-8,서울특별시 동작구 장승배기로 108 (노량진동),112.85,89.48,202.33,63423,1875,113708
버스,9호선노량진역.동작구청,,2,N,Y,N,126.9400888,37.51301484,노량진동,11590101,,119900144,20844,서울 동작구 노량진동 45-9,서울특별시 동작구 장승배기로 171 (노량진동),429.15,44.5,473.65,25749,1875,28419
버스,동아아파트,,1,N,Y,N,126.9401307,37.49660586,상도동,11590102,,119900211,20957,서울 동작구 상도동 215-15,,0.57,3.5,4.07,16,1875,114
버스,동아아파트,,1,N,Y,N,126.9401507,37.4963535,상도동,11590102,,119900213,20955,서울 동작구 상도동 409,"서울특별시 동작구 양녕로23길 43 (상도동, 동아아파트)",8.07,38.93,47,242,1875,1410
버스,동작구청.노량진초등학교앞,,19,N,Y,N,126.940337,37.510453,노량진동,11590101,,119000098,20191,서울 동작구 노량진동 236-4,서울특별시 동작구 장승배기로 144 (노량진동),31.06,124.68,155.74,17456,1875,87524
버스,화성목욕탕,,1,N,Y,N,126.940666,37.49977524,상도동,11590102,,119900135,20855,서울 동작구 상도동 202-68,,1.57,161.2,162.77,47,1875,4883
버스,화성목욕탕,,1,N,Y,N,126.9406673,37.49962656,상도동,11590102,,119900058,20536,서울 동작구 상도동 202-240,서울특별시 동작구 성대로 192 (상도동),89.83,3.07,92.9,2695,1875,2787
버스,동작문화복지센터.동작보건소,,8,N,Y,N,126.9407909,37.50493772,상도동,11590102,,119000059,20152,서울 동작구 상도동 373-124,,87.93,131.52,219.45,21104,1875,52668
버스,상도2동아이파크.포스코더샵아파트,,4,N,Y,N,126.9408309,37.50147931,상도동,11590102,,119000106,20199,서울 동작구 상도동 204-45,서울특별시 동작구 장승배기로 41 (상도동),51.03,267.75,318.78,5715,1875,35703
버스,행복유치원,,2,N,Y,N,126.9408686,37.496166,상도동,11590102,,119900076,20510,서울 동작구 상도동 210-113,"서울특별시 동작구 양녕로25길 71 (상도동, 유성주택)",163.72,174.33,338.06,14735,1875,30425
버스,상도2동아이파크.포스코더샵아파트,,3,N,Y,N,126.941136,37.501514,상도동,11590102,,119000107,20200,서울 동작구 상도동 201-38,,232.41,123.93,356.34,19058,1875,29220
버스,행복유치원,,1,N,Y,N,126.9412494,37.49575211,상도동,11590102,,119900212,20956,서울 동작구 상도동 210-486,서울특별시 동작구 양녕로23길 25 (상도동),5.13,31.1,36.23,154,1875,1087
버스,상도감리교회.보건소,,2,N,Y,N,126.9413119,37.50549486,상도동,11590102,,119900291,20972,서울 동작구 상도동 25-34,,0.27,19.77,20.03,8,1875,601
버스,노량진역,,5,N,Y,N,126.9414536,37.51372379,노량진동,11590101,,119900149,20837,서울 동작구 노량진동 60-11,서울특별시 동작구 노량진로 지하130 (노량진동),144.65,737.87,882.52,17358,1875,105902
버스,상도감리교회,,2,N,Y,N,126.9415426,37.50549137,상도동,11590102,,119900172,20803,서울 동작구 상도동 25-41,,48.23,10.97,59.2,1447,1875,1776
버스,새소망교회,,2,N,Y,N,126.9415658,37.50620956,노량진동,11590101,,119900096,20906,서울 동작구 노량진동 329-3,,19.63,52.9,72.53,589,1875,2176
버스,현대아이파크,,1,N,Y,N,126.9416028,37.50088857,상도동,11590102,,119900047,20549,서울 동작구 상도동 201-38,,125.6,61.7,187.3,3768,1875,5619
버스,상도2동주민센터,,4,N,Y,N,126.9417827,37.50505265,상도동,11590102,,119900189,20730,서울 동작구 상도동 170-1,서울특별시 동작구 상도로 208 (상도동),55.83,56.96,112.79,5025,1875,10151
버스,노량진역3번출구,,15,N,Y,N,126.941878,37.513495,노량진동,11590101,,119000024,20114,서울 동작구 노량진동 62-13,,125.12,548.78,673.9,51548,1875,277646
버스,새소망교회,,2,N,Y,N,126.9420034,37.50639721,노량진동,11590101,,119900166,20813,서울 동작구 노량진동 325,"서울특별시 동작구 만양로 19 (노량진동, 상도신동아리버파크아파트)",31.1,21.57,52.67,933,1875,1580
버스,경향렉스빌.롯데캐슬비엔,,4,N,Y,N,126.9427353,37.49598532,상도동,11590102,,119000127,20222,서울 동작구 상도동 217-6,,113.41,129.64,243.05,12702,1875,27222
버스,경향렉스빌.롯데캐슬비엔,,5,N,Y,N,126.942914,37.49592954,상도동,11590102,,119000126,20221,서울 동작구 상도동 210-6,,196.11,123.61,319.72,27848,1875,45400
버스,신동아아파트701동앞,,2,N,Y,N,126.9429719,37.50750243,노량진동,11590101,,119900099,20902,서울 동작구 노량진동 329-5,,19.8,91.3,111.1,594,1875,3333
버스,현진빌라.고마트,,2,N,Y,N,126.9430024,37.49721095,상도동,11590102,,119900106,20892,서울 동작구 상도동 210-6,,1.47,77.13,78.6,44,1875,2358
버스,롯데캐슬비엔,,1,N,Y,N,126.9430909,37.49684335,상도동,11590102,,119900054,20540,서울 동작구 상도동 210-6,,80.6,7.7,88.3,2418,1875,2649
버스,신동아아파트701동앞,,2,N,Y,N,126.9432253,37.50748092,노량진동,11590101,,119900158,20824,서울 동작구 노량진동 325,"서울특별시 동작구 만양로 19 (노량진동, 상도신동아리버파크아파트)",79.13,37.63,116.77,2374,1875,3503
버스,노량진역,,3,N,Y,N,126.9432479,37.51350389,노량진동,11590101,,119900126,20867,서울 동작구 노량진동 72-48,서울특별시 동작구 노량진로 156 (노량진동),1585.8,64.47,1650.27,95148,1875,99016
버스,상도4동약수맨션,,3,N,Y,N,126.9433569,37.49795904,상도동,11590102,,119000131,20228,서울 동작구 상도동 210-6,,224.06,231.22,455.28,18373,1875,37333
버스,노량진역2번출구,,12,N,Y,N,126.943467,37.513905,노량진동,11590101,,119000025,20115,서울 동작구 노량진동 67-8,서울특별시 동작구 노량진로 157-1 (노량진동),459.15,89.33,548.48,147847,1875,176610
버스,약수맨션.약수당약국,,3,N,Y,N,126.943517,37.498251,상도동,11590102,,119900107,20891,서울 동작구 상도동 210-6,,101.88,641.43,743.32,6113,1875,44599
버스,신상도초등학교,,3,N,Y,N,126.943532,37.499316,상도동,11590102,,119000108,20201,서울 동작구 상도동 208-4,,100.07,236,336.07,8206,1875,27558
버스,상도4동약수맨션,,5,N,Y,N,126.943548,37.497943,상도동,11590102,,119000125,20220,서울 동작구 상도동 210-6,,428.54,116.82,545.35,60852,1875,77440
버스,국사봉중학교,,2,N,Y,N,126.943573,37.49338424,상도동,11590102,,119900238,20926,서울 동작구 상도동 산 65-244,,3.77,76.67,80.43,113,1875,2413
버스,빌라삼거리.영도교회.약수터,,3,N,Y,N,126.9436054,37.49535407,상도동,11590102,,119900241,20922,서울 동작구 상도동 214-211,서울특별시 동작구 양녕로22가길 25 (상도동),51.65,62.65,114.3,3099,1875,6858
버스,방범초소,,3,N,Y,N,126.9436277,37.49433944,상도동,11590102,,119900240,20924,서울 동작구 상도동 214-1,,19.6,40.55,60.15,1176,1875,3609
버스,신상도초등학교,,3,N,Y,N,126.9436737,37.49937392,상도동,11590102,,119000124,20219,서울 동작구 상도동 208-4,,217.09,45.48,262.56,17801,1875,21530
버스,국사봉중학교,,2,N,Y,N,126.9437281,37.49318067,상도동,11590102,,119900027,20573,서울 동작구 상도동 산 65-196,,25.37,9.63,35,761,1875,1050
버스,방범초소,,2,N,Y,N,126.943742,37.49416828,상도동,11590102,,119900017,20584,서울 동작구 상도동 214-437,서울특별시 동작구 양녕로20길 20 (상도동),21.87,18.6,40.47,656,1875,1214
버스,상도브라운스톤,,2,N,Y,N,126.943805,37.50528612,상도동,11590102,,119900181,20756,서울 동작구 상도동 26-20,서울특별시 동작구 상도로 249 (상도동),12.9,39.97,52.87,387,1875,1586
버스,노량진역,,14,N,Y,N,126.943811,37.513733,노량진동,11590101,,119000011,20011,서울 동작구 노량진동 113-1,,163.4,94.03,257.43,62417,1875,98337
버스,신동아관리사무소,,2,N,Y,N,126.9440018,37.5083076,노량진동,11590101,,119900153,20832,서울 동작구 노량진동 325,"서울특별시 동작구 만양로 19 (노량진동, 상도신동아리버파크아파트)",114,39.43,153.43,3420,1875,4603
버스,노량진신한은행,,3,N,Y,N,126.9441708,37.51215539,노량진동,11590101,,119900227,20941,서울 동작구 노량진동 119-64,서울특별시 동작구 노량진로16길 31 (노량진동),289.15,104.4,393.55,17349,1875,23613
버스,노량진한국법학교육원,,5,N,Y,N,126.9443313,37.5123537,노량진동,11590101,,119900226,20942,서울 동작구 노량진동 118-14,서울특별시 동작구 만양로 95-2 (노량진동),61.08,242.62,303.7,7330,1875,36444
버스,신동아관리사무소,,2,N,Y,N,126.9445446,37.50849799,노량진동,11590101,,119900102,20899,서울 동작구 노량진동 329,"서울특별시 동작구 만양로13길 44 (노량진동, 태영아트빌)",24.03,151.6,175.63,721,1875,5269
버스,노량진역,,14,N,Y,N,126.9447115,37.51383259,노량진동,11590101,,119000012,20012,서울 동작구 노량진동 150-2,서울특별시 동작구 노량진로 165 (노량진동),119.36,140.52,259.88,43924,1875,95636
버스,동원베네스트,,2,N,Y,N,126.9447645,37.50320593,상도동,11590102,,119900088,20915,서울 동작구 상도동 528-2,서울특별시 동작구 상도로34길 36-3 (상도동),19.5,27.97,47.47,585,1875,1424
버스,강남교회.오거리,,3,N,Y,N,126.9447876,37.51024624,노량진동,11590101,,119900120,20874,서울 동작구 노량진동 224-10,서울특별시 동작구 만양로 75-3 (노량진동),208.9,237.18,446.08,12534,1875,26765
버스,강남교회.오거리,,5,N,Y,N,126.944929,37.51027785,노량진동,11590101,,119900162,20819,서울 동작구 노량진동 224,서울특별시 동작구 만양로 71 (노량진동),167.42,126.72,294.14,20090,1875,35297
버스,동원베네스트,,2,N,Y,N,126.9451749,37.50345392,상도동,11590102,,119900194,20725,서울 동작구 상도동 157-40,,15.13,39.53,54.67,454,1875,1640
버스,밤골.상도역롯데캐슬파크엘,,2,N,Y,N,126.9455074,37.50196545,상도동,11590102,,119900085,20918,서울 동작구 상도동 159-14,서울특별시 동작구 상도로34길 70 (상도동),67.33,40.77,108.1,2020,1875,3243
버스,밤골.상도역롯데캐슬파크엘,,2,N,Y,N,126.9455944,37.50215202,상도동,11590102,,119900309,20699,서울 동작구 상도동 157-50,,30.83,96.17,127,925,1875,3810
버스,밤골.상도역롯데캐슬파크엘,,1,N,Y,N,126.945916,37.50196,상도동,11590102,,119900109,20888,서울 동작구 상도동 159-336,,29.7,205.17,234.87,891,1875,7046
버스,상도노빌리티아파트,,7,N,Y,N,126.94594,37.504793,상도동,11590102,,119000061,20154,서울 동작구 상도동 29-133,서울특별시 동작구 상도로 246-2 (상도동),105.74,79.55,185.29,25378,1875,44470
버스,부강탕,,2,N,Y,N,126.9459783,37.50454733,상도동,11590102,,119900090,20913,서울 동작구 상도동 29-8,,110.77,28.3,139.07,3323,1875,4172
버스,부강탕,,2,N,Y,N,126.9459909,37.50436711,상도동,11590102,,119900247,20740,서울 동작구 상도동 29-7,서울특별시 동작구 상도로34길 7 (상도동),17.33,61.4,78.73,520,1875,2362
버스,밤골터널.상도역롯데캐슬파크엘,,1,N,Y,N,126.946013,37.501866,상도동,11590102,,119900031,20567,서울 동작구 상도동 159-336,,140.53,339.6,480.13,4216,1875,14404
버스,신동아상가,,2,N,Y,N,126.9460742,37.50813015,노량진동,11590101,,119900103,20897,서울 동작구 노량진동 329,"서울특별시 동작구 만양로13길 44 (노량진동, 태영아트빌)",20.63,182.93,203.57,619,1875,6107
버스,사육신공원,,3,N,Y,N,126.946297,37.513367,노량진동,11590101,,119000026,20117,서울 동작구 노량진동 148-5,서울특별시 동작구 노량진로 184 (노량진동),33,63.49,96.49,2970,1875,8684
버스,신동아상가,,2,N,Y,N,126.9463254,37.5079978,노량진동,11590101,,119900148,20839,서울 동작구 노량진동 325,"서울특별시 동작구 만양로 19 (노량진동, 상도신동아리버파크아파트)",124.9,27.43,152.33,3747,1875,4570
버스,대림아파트,,1,N,Y,N,126.9466417,37.50538385,상도동,11590102,,119900110,20887,서울 동작구 상도동 17-1,"서울특별시 동작구 흑석로 17-1 (상도1동, 상도동다세대주택)",484.13,460,944.13,14524,1875,28324
버스,대림아파트,,3,N,Y,N,126.946671,37.50518002,상도동,11590102,,119900180,20789,서울 동작구 상도동 903,"서울특별시 동작구 만양로 6 (상도동, e편한세상 상도 노빌리티)",241.96,179.53,421.49,21776,1875,37934
버스,상도노빌리티아파트,,8,N,Y,N,126.9468675,37.50432696,상도동,11590102,,119000062,20155,서울 동작구 상도동 34-21,,97.4,107.7,205.1,26297,1875,55376
버스,상도역7호선,,1,N,Y,N,126.9470766,37.50290692,상도1동,11590103,,119900112,20884,서울 동작구 상도1동 751-1,,1026.13,349.5,1375.63,30784,1875,41269
버스,상도역7호선,,1,N,Y,N,126.9472102,37.50274748,상도1동,11590103,,119900023,20577,서울 동작구 상도1동 736-2,서울특별시 동작구 양녕로 252 (상도1동),360.23,691.93,1052.17,10807,1875,31565
버스,상도역.하나은행,,2,N,Y,N,126.9473327,37.50381985,상도1동,11590103,,119900244,20790,서울 동작구 상도1동 691-1,서울특별시 동작구 상도로 265-15 (상도1동),462.07,910.43,1372.5,13862,1875,41175
버스,건영아파트,,2,N,Y,N,126.9476345,37.50744782,노량진동,11590101,,119900104,20894,서울 동작구 노량진동 329,"서울특별시 동작구 만양로13길 44 (노량진동, 태영아트빌)",22.8,99.4,122.2,684,1875,3666
버스,건영아파트,,2,N,Y,N,126.947662,37.507372,노량진동,11590101,,119900142,20846,서울 동작구 노량진동 329,"서울특별시 동작구 만양로13길 44 (노량진동, 태영아트빌)",3.47,10.13,13.6,104,1875,408
버스,신동아리버파크,,1,N,Y,N,126.9477108,37.50667651,상도동,11590102,,119900114,20882,서울 동작구 상도동 17-74,,163.73,970.67,1134.4,4912,1875,34032
버스,상도역1번출구,,3,N,Y,N,126.9478369,37.50258556,상도1동,11590103,,119900284,20985,서울 동작구 상도1동 744-1,서울특별시 동작구 상도로 278 (상도1동),10.6,44.67,55.27,636,1875,3316
버스,사육신공원,,11,N,Y,N,126.947977,37.513315,노량진동,11590101,,119000027,20119,서울 동작구 노량진동 148-69,,25.63,31.24,56.88,7690,1875,17063
버스,건영아파트,,3,N,Y,N,126.948004,37.506971,노량진동,11590101,,119900175,20799,서울 동작구 노량진동 324-2,,271.53,140.1,411.63,24438,1875,37047
버스,상도역,,12,N,Y,N,126.9486225,37.50162713,상도1동,11590103,,119000067,20160,서울 동작구 상도1동 799-2,서울특별시 동작구 상도로 292 (상도1동),115.89,125.13,241.02,45083,1875,93758
버스,상도역,,3,N,Y,N,126.9489458,37.50357996,상도1동,11590103,,119900108,20890,서울 동작구 상도1동 665-2,서울특별시 동작구 양녕로 268-1 (상도1동),862.89,136.98,999.87,77660,1875,89988
버스,노들역,,23,N,Y,N,126.949256,37.512825,노량진동,11590101,,119000013,20013,서울 동작구 노량진동 186-1,서울특별시 동작구 노량진로 212 (노량진동),86.47,56.73,143.2,53522,1875,88640
버스,상도터널상도동,,9,N,Y,N,126.9495037,37.50459881,상도1동,11590103,,119000065,20158,서울 동작구 상도1동 621,서울특별시 동작구 양녕로 281 (상도1동),132.72,287.11,419.83,35834,1875,113353
버스,상도터널상도동,,4,N,Y,N,126.9495191,37.50385865,상도1동,11590103,,119000066,20159,서울 동작구 상도1동 628,서울특별시 동작구 양녕로 274 (상도1동),491.39,232.85,724.24,58967,1875,86909
버스,상도역,,12,N,Y,N,126.9495197,37.50124906,상도1동,11590103,,119000068,20161,서울 동작구 상도1동 390-2,서울특별시 동작구 상도로 295-2 (상도1동),90.73,75.38,166.11,35386,1875,64784
버스,중대후문입구,,4,N,Y,N,126.9501363,37.50434551,상도1동,11590103,,119900013,20588,서울 동작구 상도1동 635,서울특별시 동작구 양녕로 280-1 (상도1동),298.58,203.65,502.23,35830,1875,60268
버스,이화약국,,4,N,Y,N,126.9505375,37.50495121,상도1동,11590103,,119900009,20596,서울 동작구 상도1동 528-1,서울특별시 동작구 매봉로 29 (상도1동),82.37,90.71,173.08,9884,1875,20769
버스,상도은빛어르신복지관,,3,N,Y,N,126.9505398,37.5063886,상도1동,11590103,,119900188,20731,서울 동작구 상도1동 519-1,서울특별시 동작구 매봉로 25 (상도1동),28.03,76.89,104.92,2523,1875,9443
버스,상도은빛어르신복지관.터널경로당,,1,N,Y,N,126.9509538,37.50654093,상도1동,11590103,,119900245,20875,서울 동작구 상도1동 528-1,서울특별시 동작구 매봉로 29 (상도1동),76.3,121.6,197.9,2289,1875,5937
버스,노들역,,14,N,Y,N,126.9509622,37.5127342,본동,11590104,,119000014,20014,서울 동작구 본동 344-3,,91.85,133.5,225.34,34351,1875,84279
버스,노들역,,3,N,Y,N,126.951007,37.512565,본동,11590104,,119000029,20122,서울 동작구 본동 390-4,,19.37,36.46,55.82,1743,1875,5024
버스,노들역,,11,N,Y,N,126.951048,37.512865,본동,11590104,,119000028,20121,서울 동작구 본동 359-3,서울특별시 동작구 노량진로 225 (본동),111.17,72,183.17,33351,1875,54951
버스,삼성래미안아파트,,2,N,Y,N,126.9510848,37.51034544,본동,11590104,,119900129,20864,서울 동작구 본동 492,"서울특별시 동작구 매봉로 123 (본동, 본동삼성래미안아파트)",63.22,190.58,253.8,3793,1875,15228
버스,상도동중앙하이츠빌.상도전통시장,,12,N,Y,N,126.951185,37.49881318,상도동,11590102,,119000069,20162,서울 동작구 상도동 518-1,,88.89,127.05,215.94,34666,1875,84217
버스,극동아파트,,2,N,Y,N,126.9512098,37.51111052,본동,11590104,,119900131,20859,서울 동작구 본동 148-9,,18.18,71.48,89.67,1091,1875,5380
버스,상도은빛어르신복지관.터널경로당,,1,N,Y,N,126.9512513,37.50657169,상도1동,11590103,,119900002,20676,서울 동작구 상도1동 535,서울특별시 동작구 매봉로 36 (상도1동),128.7,183.77,312.47,3861,1875,9374
버스,신동아정문,,1,N,Y,N,126.9512523,37.51014997,본동,11590104,,119900193,20726,서울 동작구 본동 481-2,,247.53,105.97,353.5,7426,1875,10605
버스,한신아파트,,2,N,Y,N,126.9512589,37.50873975,본동,11590104,,119900124,20869,서울 동작구 본동 487,"서울특별시 동작구 매봉로 99 (본동, 한신휴플러스아파트)",54.57,249.72,304.28,3274,1875,18257
버스,극동아파트앞,,1,N,Y,N,126.9513637,37.51107274,본동,11590104,,119900185,20745,서울 동작구 본동 481-1,,15.67,130.23,145.9,470,1875,4377
버스,신동아상가,,1,N,Y,N,126.9514071,37.50875963,본동,11590104,,119900231,20933,서울 동작구 본동 457-283,,123.67,103.1,226.77,3710,1875,6803
버스,건영아파트후문,,1,N,Y,N,126.9515027,37.5078063,상도1동,11590103,,119900121,20872,서울 동작구 상도1동 508-1,서울특별시 동작구 매봉로 63 (상도1동),201.63,603.03,804.67,6049,1875,24140
버스,건영아파트,,1,N,Y,N,126.9515988,37.50788294,상도1동,11590103,,119900205,20686,서울 동작구 상도1동 507-4,서울특별시 동작구 상도로61길 72-1 (상도동),402.2,279.9,682.1,12066,1875,20463
버스,상도동중앙하이츠빌.상도전통시장,,12,N,Y,N,126.9517744,37.49868997,상도동,11590102,,119000070,20163,서울 동작구 상도동 518-1,,134.5,58.89,193.39,52455,1875,75424
버스,극락정사,,1,N,Y,N,126.9518057,37.50804792,본동,11590104,,119900288,20981,서울 동작구 본동 481-5,,1.17,15.63,16.8,35,1875,504
버스,본동시장,,2,N,Y,N,126.9519738,37.51223991,본동,11590104,,119900134,20856,서울 동작구 본동 163-5,,474.27,46.73,521,28456,1875,31260
버스,노들역5번출구,,1,N,Y,N,126.9521593,37.51229045,본동,11590104,,119900254,20787,서울 동작구 본동 163-8,서울특별시 동작구 매봉로 178 (본동),31.43,514.87,546.3,943,1875,16389
버스,노들역5번출구앞,,1,N,Y,N,126.952533,37.512541,본동,11590104,,119900208,20960,서울 동작구 본동 149-6,서울특별시 동작구 노량진로 지하238 (본동),64.07,64.97,129.03,1922,1875,3871
버스,숭실대입구역,,7,N,Y,N,126.9528,37.496923,상도동,11590102,,119000071,20164,서울 동작구 상도동 517,,100.24,105.27,205.51,18043,1875,36992
버스,상도1동주민센터.상도3차래미안,,1,N,Y,N,126.953262,37.49822,상도동,11590102,,119000140,20246,서울 동작구 상도동 439,"서울특별시 동작구 상도로53길 70 (상도동, 상도에스에이치빌)",93.27,258.97,352.23,2798,1875,10567
버스,숭실대입구역,,8,N,Y,N,126.9533492,37.49616661,상도동,11590102,,119000072,20165,서울 동작구 상도동 489-3,서울특별시 동작구 상도로62길 44 (상도동),502.45,298.13,800.58,120587,1875,192139
버스,상도1동주민센터.상도3차래미안,,1,N,Y,N,126.953358,37.498407,상도동,11590102,,119000139,20245,서울 동작구 상도동 439,"서울특별시 동작구 상도로53길 70 (상도동, 상도에스에이치빌)",140.6,137.2,277.8,4218,1875,8334
버스,노들역4번출구앞,,2,N,Y,N,126.9533594,37.51245728,본동,11590104,,119000294,20250,서울 동작구 본동 150,"서울특별시 동작구 노량진로24길 2 (본동, 한강쌍용아파트)",23.98,18.5,42.48,1199,1875,2124
버스,중앙대후문,,2,N,Y,N,126.953431,37.5045505,상도동,11590102,,119000110,20203,서울 동작구 상도동 425-1,,487.33,332.37,819.7,14620,1875,24591
버스,금양빌딩,,1,N,Y,N,126.9535019,37.49950651,상도동,11590102,,119000316,20235,서울 동작구 상도동 439,"서울특별시 동작구 상도로53길 70 (상도동, 상도에스에이치빌)",73.67,99.17,172.83,2210,1875,5185
버스,중앙대후문,,3,N,Y,N,126.953542,37.50505,상도동,11590102,,119900010,20595,서울 동작구 상도동 7-55,서울특별시 동작구 흑석로 25 (상도동),440.46,282.83,723.29,39641,1875,65096
버스,본동초등학교,,1,N,Y,N,126.953555,37.5107267,본동,11590104,,119900164,20815,서울 동작구 본동 136-3,서울특별시 동작구 노량진로26길 16-34 (본동),0.25,1.44,1.69,4,1875,27
버스,숭실대입구역2번출구,,1,N,Y,N,126.953556,37.496203,상도동,11590102,,119900253,20810,서울 동작구 상도동 514,서울특별시 동작구 상도로 365-2 (상도동),1663.03,202.53,1865.57,49891,1875,55967
버스,상도3차삼성래미안후문,,2,N,Y,N,126.953569,37.50094074,상도동,11590102,,119000138,20244,서울 동작구 상도동 432-1,"서울특별시 동작구 상도로53길 41 (상도동, 호애)",260.87,183.8,444.67,7826,1875,13340
버스,중앙대후문,,2,N,Y,N,126.9536356,37.50480829,상도동,11590102,,119000109,20202,서울 동작구 상도동 439,"서울특별시 동작구 상도로53길 70 (상도동, 상도에스에이치빌)",125.33,661.67,787,3760,1875,23610
버스,상도터널노량진동,,5,N,Y,N,126.9536979,37.51200632,본동,11590104,,119000064,20157,서울 동작구 본동 136-2,,179.95,258.75,438.69,26992,1875,65804
버스,경동아파트,,1,N,Y,N,126.9537175,37.50948414,본동,11590104,,119900290,20979,서울 동작구 본동 132-2,,2.37,15.73,18.1,71,1875,543
버스,숭실대입구역,,16,N,Y,N,126.9537335,37.49646142,상도동,11590102,,119000073,20166,서울 동작구 상도동 514,서울특별시 동작구 상도로 365-2 (상도동),285.02,346.89,631.91,128258,1875,284358
버스,상도3차삼성래미안후문,,1,N,Y,N,126.9538227,37.50105476,상도동,11590102,,119000137,20243,서울 동작구 상도동 439,"서울특별시 동작구 상도로53길 70 (상도동, 상도에스에이치빌)",132.13,162.17,294.3,3964,1875,8829
버스,래미안상도3차중문,,1,N,Y,N,126.953869,37.499874,상도동,11590102,,119000317,20233,서울 동작구 상도동 431,"서울특별시 동작구 상도로53길 8 (상도동, 래미안상도3차아파트)",60.33,236.4,296.73,1810,1875,8902
버스,상도SH빌아파트상도팰리스후문,,2,N,Y,N,126.953972,37.502655,상도동,11590102,,119000135,20241,서울 동작구 상도동 430,"서울특별시 동작구 상도로53길 70 (상도동, 상도에스에이치빌)",76.2,176.97,253.17,2286,1875,7595
버스,중앙대후문,,3,N,Y,N,126.9539816,37.50501298,흑석동,11590105,,119900105,20893,서울 동작구 흑석동 211-39,,192.51,1051.56,1244.07,17326,1875,111966
버스,상도SH빌아파트상도팰리스후문,,1,N,Y,N,126.9542926,37.50314151,상도동,11590102,,119000136,20242,서울 동작구 상도동 439,"서울특별시 동작구 상도로53길 70 (상도동, 상도에스에이치빌)",119.3,133.17,252.47,3579,1875,7574
버스,노들역.노량진교회,,1,N,Y,N,126.954474,37.512428,본동,11590104,,119900156,20508,서울 동작구 본동 47-52,서울특별시 동작구 노량진로 지하238 (본동),6.1,2.52,8.62,256,1875,362
버스,동양중학교,,1,N,Y,N,126.9548037,37.50911421,본동,11590104,,119900289,20980,서울 동작구 본동 126-450,서울특별시 동작구 매봉로6길 16 (본동),0.97,18.6,19.57,29,1875,587
버스,한강대교남단(가상),,2,N,Y,N,126.9555809,37.51461663,본동,11590104,,119000299,20963,서울 동작구 본동 475,서울특별시 동작구 노량진로 지하238 (본동),0.5,0.5,1,1,1875,2
버스,봉현초등학교,,10,N,Y,N,126.956215,37.491679,상도동,11590102,,119000074,20167,서울 동작구 상도동 124,,83.07,217.03,300.1,22430,1875,81027
버스,봉천고개.관악현대아파트,,8,N,Y,N,126.9565953,37.49173261,상도동,11590102,,119000075,20168,서울 동작구 상도동 407-1,,215.18,208.6,423.78,51643,1875,101706
버스,봉천고개관악현대아파트,,1,N,Y,N,126.9566324,37.4921183,상도동,11590102,,119900179,20791,서울 동작구 상도동 407-1,,81.97,375.9,457.87,2459,1875,13736
버스,숭실대정문앞,,6,N,Y,N,126.957055,37.49515,상도동,11590102,,119000076,20169,서울 동작구 상도동 505-4,서울특별시 동작구 사당로 24 (상도동),80.51,207.62,288.13,14492,1875,51863
버스,중앙대중문,,1,N,Y,N,126.957272,37.50664,흑석동,11590105,,119000112,20205,서울 동작구 흑석동 221-1,서울특별시 동작구 흑석로7길 17 (흑석동),176.07,115.27,291.33,5282,1875,8740
버스,숭실대정문앞,,6,N,Y,N,126.9572808,37.49531836,상도동,11590102,,119000077,20170,서울 동작구 상도동 512-9,,113.06,66.08,179.13,20350,1875,32244
버스,중앙대중문,,3,N,Y,N,126.957288,37.50673852,흑석동,11590105,,119900014,20587,서울 동작구 흑석동 205-17,,170.5,67.47,237.97,15345,1875,21417
버스,중앙대중문,,3,N,Y,N,126.9573559,37.50648935,흑석동,11590105,,119900255,20896,서울 동작구 흑석동 221,서울특별시 동작구 흑석로 84 (흑석동),33.71,196.92,230.63,3034,1875,20757
버스,중앙대정문,,3,N,Y,N,126.9582233,37.50674377,흑석동,11590105,,119900101,20898,서울 동작구 흑석동 221,서울특별시 동작구 흑석로 84 (흑석동),47.93,288.94,336.88,4314,1875,30319
버스,중앙대정문,,1,N,Y,N,126.958294,37.506811,흑석동,11590105,,119000111,20204,서울 동작구 흑석동 221-1,서울특별시 동작구 흑석로7길 17 (흑석동),82.13,539.6,621.73,2464,1875,18652
버스,중앙대정문,,4,N,Y,N,126.959113,37.507237,흑석동,11590105,,119000113,20206,서울 동작구 흑석동 221-1,서울특별시 동작구 흑석로7길 17 (흑석동),428.92,64.46,493.38,51471,1875,59206
버스,테니스장앞,,1,N,Y,N,126.9593671,37.49811161,상도동,11590102,,119900140,20848,서울 동작구 상도동 421-2,,0.4,25.2,25.6,12,1875,768
버스,숭실대별관앞,,5,N,Y,N,126.959895,37.494983,상도동,11590102,,119000079,20172,서울 동작구 상도동 512-1,,74.04,182.73,256.77,11106,1875,38516
버스,유앤미아파트,,2,N,Y,N,126.960133,37.500922,흑석동,11590105,,119900089,20914,서울 동작구 흑석동 79-291,,4.2,295.08,299.28,252,1875,17957
버스,숭실대별관앞,,5,N,Y,N,126.9602929,37.49463907,상도동,11590102,,119000078,20171,서울 동작구 상도동 509,서울특별시 동작구 사당로 50 (상도동),106.93,135.26,242.19,16040,1875,36329
버스,중앙대병원,,1,N,Y,N,126.9603642,37.50743565,흑석동,11590105,,119900285,20984,서울 동작구 흑석동 224-1,서울특별시 동작구 흑석로 102 (흑석동),11.73,37.13,48.87,352,1875,1466
버스,유앤미아파트,,1,N,Y,N,126.960459,37.500707,흑석동,11590105,,119900061,20530,서울 동작구 흑석동 253-4,,519.9,6.37,526.27,15597,1875,15788
버스,달마사,,2,N,Y,N,126.960569,37.500332,흑석동,11590105,,119900080,20505,서울 동작구 흑석동 253-89,"서울특별시 동작구 서달로 90 (흑석동, 흑석자이아파트)",60.82,53.3,114.12,3649,1875,6847
버스,달마사,,1,N,Y,N,126.960694,37.499535,흑석동,11590105,,119900298,20885,서울 동작구 흑석동 257-57,,1.21,2,3.21,29,1875,77
버스,중앙대병원,,3,N,Y,N,126.9607328,37.50768989,흑석동,11590105,,119900033,20565,서울 동작구 흑석동 86-181,,400.78,87.09,487.87,36070,1875,43908
버스,흑석동효사정앞,,13,N,Y,N,126.960745,37.511554,흑석동,11590105,,119000030,20123,서울 동작구 흑석동 172-5,,38.14,76.72,114.85,12052,1875,36294
버스,은로초등학교,,2,N,Y,N,126.9607815,37.50325738,흑석동,11590105,,119900092,20910,서울 동작구 흑석동 86-191,,12.22,310.63,322.85,733,1875,19371
버스,중앙대부속초등학교.롯데캐슬에듀포레,,2,N,Y,N,126.960786,37.504918,흑석동,11590105,,119900094,20908,서울 동작구 흑석동 340-10,,20.82,125.87,146.68,1249,1875,8801
버스,숭실대후문,,1,N,Y,N,126.9610346,37.49509528,상도동,11590102,,119900059,20535,서울 동작구 상도동 512,서울특별시 동작구 상도로 369 (상도동),6.83,6,12.83,205,1875,385
버스,중대부속초등학교,,1,N,Y,N,126.9610502,37.50537246,흑석동,11590105,,119900028,20571,서울 동작구 흑석동 228-2,,180.4,154.77,335.17,5412,1875,10055
버스,숭실대후문,,1,N,Y,N,126.9611601,37.49504846,상도동,11590102,,119900143,20845,서울 동작구 상도동 103-2,서울특별시 동작구 서달로 4 (상도동),2.27,21.53,23.8,68,1875,714
버스,흑석동효사정앞,,13,N,Y,N,126.9612375,37.5115729,흑석동,11590105,,119000031,20124,서울 동작구 흑석동 172-3,,70.28,48.33,118.62,21718,1875,36653
버스,중앙대병원후문.흑석시장,,2,N,Y,N,126.9612696,37.50646276,흑석동,11590105,,119900097,20904,서울 동작구 흑석동 86-181,,137.48,57.17,194.65,8249,1875,11679
버스,중앙대학교,,2,N,Y,N,126.961323,37.508167,흑석동,11590105,,119000101,20194,서울 동작구 흑석동 183-1,서울특별시 동작구 흑석로 110 (흑석동),1419.13,793.87,2213,85148,1875,132780
버스,중앙대병원,,2,N,Y,N,126.9613765,37.50754052,흑석동,11590105,,119900100,20901,서울 동작구 흑석동 224-8,,1054.23,630.77,1685,63254,1875,101100
버스,중앙대학교,,1,N,Y,N,126.9614383,37.50834522,흑석동,11590105,,119000103,20196,서울 동작구 흑석동 182-7,서울특별시 동작구 흑석로 110-1 (흑석동),924.13,427.9,1352.03,27724,1875,40561
버스,중앙대학교,,3,N,Y,N,126.9615072,37.50850924,흑석동,11590105,,119000102,20195,서울 동작구 흑석동 181-19,서울특별시 동작구 흑석로 114 (흑석동),298.93,264.77,563.7,26904,1875,50733
버스,서달산약수터,,1,N,Y,N,126.9620217,37.49984892,흑석동,11590105,,119900297,20935,서울 동작구 흑석동 256-14,,0.27,6.93,7.2,8,1875,216
버스,흑석역,,2,N,Y,N,126.962302,37.509202,흑석동,11590105,,119900286,20983,서울 동작구 흑석동 130-3,,8.45,9.07,17.52,507,1875,1051
버스,자이아파트정문앞,,2,N,Y,N,126.9627803,37.48913684,사당동,11590107,,119900081,20504,서울 동작구 사당동 1139,"서울특별시 동작구 사당로2가길 102 (사당동, 사당자이아파트)",260.82,7.48,268.3,15649,1875,16098
버스,자이아파트정문앞,,2,N,Y,N,126.9628435,37.48930537,사당동,11590107,,119900154,20830,서울 동작구 사당동 190-199,서울특별시 동작구 사당로2가길 105 (사당동),4.78,147.83,152.62,287,1875,9157
버스,사당롯데캐슬골든포레.사당해그린,,5,N,Y,N,126.963072,37.492436,사당동,11590107,,119000319,20254,서울 동작구 사당동 산 31-37,,106.49,41.02,147.51,17890,1875,24782
버스,자이아파트상가앞,,2,N,Y,N,126.963156,37.4886828,사당동,11590107,,119900070,20519,서울 동작구 사당동 1139,"서울특별시 동작구 사당로2가길 102 (사당동, 사당자이아파트)",114.7,0.87,115.57,6882,1875,6934
버스,흑석역.흑석동빗물펌프장,,8,N,Y,N,126.963213,37.508297,흑석동,11590105,,119000032,20125,서울 동작구 흑석동 103-2,서울특별시 동작구 서달로 175 (흑석동),174.19,203.36,377.55,41805,1875,90612
버스,LG아파트상가,,2,N,Y,N,126.9635608,37.48860093,사당동,11590107,,119900159,20823,서울 동작구 사당동 708-535,,1.67,304.97,306.63,100,1875,18398
버스,청호아파트,,1,N,Y,N,126.963789,37.500751,흑석동,11590105,,119900296,20966,서울 동작구 흑석동 산 70-7,,16.63,55.87,72.5,499,1875,2175
버스,푸르지오후문,,1,N,Y,N,126.964318,37.501598,흑석동,11590105,,119900295,20967,서울 동작구 흑석동 336,"서울특별시 동작구 흑석한강로 27 (흑석동, 흑석한강푸르지오)",7.17,13.03,20.2,215,1875,606
버스,신남성초교입구,,2,N,Y,N,126.9645032,37.48790286,사당동,11590107,,119900262,20812,서울 동작구 사당동 708-535,,0.62,75.27,75.88,37,1875,4553
버스,신남성초교입구,,2,N,Y,N,126.9645406,37.48770913,사당동,11590107,,119900275,20997,서울 동작구 사당동 산 32-8,,24.35,0.68,25.03,1461,1875,1502
버스,신남성초교후문,,1,N,Y,N,126.9645999,37.48902837,사당동,11590107,,119900049,20547,서울 동작구 사당동 199-1,서울특별시 동작구 사당로 146 (사당동),62,8.47,70.47,1860,1875,2114
버스,사당.인정아파트,,1,N,Y,N,126.9649636,37.48997103,사당동,11590107,,119900037,20561,서울 동작구 사당동 산 31-39,,64,15.27,79.27,1920,1875,2378
버스,푸르지오상가,,1,N,Y,N,126.965036,37.503417,흑석동,11590105,,119900294,20968,서울 동작구 흑석동 336-7,,10.23,21.23,31.47,307,1875,944
버스,흑석역.명수대현대아파트,,12,N,Y,N,126.9650448,37.50749841,흑석동,11590105,,119000033,20126,서울 동작구 흑석동 9-27,서울특별시 동작구 현충로 104 (흑석동),125.82,82.23,208.04,32964,1875,54507
버스,삼호.오네뜨아파트,,1,N,Y,N,126.9653451,37.48660372,사당동,11590107,,119900276,20998,서울 동작구 사당동 산 32-8,,46.13,2.67,48.8,1384,1875,1464
버스,흑석한강푸르지오,,1,N,Y,N,126.965352,37.504296,흑석동,11590105,,119900293,20969,서울 동작구 흑석동 336-7,,6.53,16.93,23.47,196,1875,704
버스,흑석역.명수대현대아파트,,9,N,Y,N,126.9655922,37.50758507,흑석동,11590105,,119000034,20127,서울 동작구 흑석동 9-22,,95.38,75.23,170.61,18409,1875,32928
버스,삼호APT.오네뜨아파트,,2,N,Y,N,126.9656301,37.48654523,사당동,11590107,,119900173,20802,서울 동작구 사당동 708-533,,2.83,103.08,105.92,170,1875,6355
버스,사당5치안센터,,6,N,Y,N,126.9656493,37.48902778,사당동,11590107,,119000080,20173,서울 동작구 사당동 197-2,서울특별시 동작구 사당로 136 (사당동),49.81,23.9,73.7,10260,1875,15183
버스,총신대,,6,N,Y,N,126.9661798,37.48874228,사당동,11590107,,119000081,20174,서울 동작구 사당동 200-1,서울특별시 동작구 사당로 143 (사당동),56.62,111.28,167.89,9625,1875,28542
버스,흑석동명수대현대아파트,,3,N,Y,N,126.966272,37.507348,흑석동,11590105,,119000035,20128,서울 동작구 흑석동 22-9,,11.73,99.25,110.98,704,1875,6659
버스,동작고교,,3,N,Y,N,126.9664294,37.48182186,사당동,11590107,,119900261,20568,서울 동작구 사당동 236-9,,56.62,55.6,112.22,5096,1875,10100
버스,동작고등학교,,3,N,Y,N,126.9664442,37.48157226,사당동,11590107,,119900198,20702,서울 동작구 사당동 238-3,,32.47,62.96,95.42,2922,1875,8588
버스,흑석동주민센터,,1,N,Y,N,126.9664605,37.50586692,흑석동,11590105,,119900292,20970,서울 동작구 흑석동 335-4,,5.9,18.4,24.3,177,1875,729
버스,총신대,,7,N,Y,N,126.966476,37.487863,사당동,11590107,,119000082,20175,서울 동작구 사당동 200-9,,93.54,32.98,126.52,19083,1875,25811
버스,갑을명가,,3,N,Y,N,126.966767,37.482572,사당동,11590107,,119900043,20554,서울 동작구 사당동 708-743,,12.12,29.22,41.34,1091,1875,3721
버스,사당솔밭도서관,,3,N,Y,N,126.967056,37.48401713,사당동,11590107,,119900312,20494,서울 동작구 사당동 산 32-2,,21.39,11.17,32.56,1925,1875,2930
버스,사당솔밭도서관,,3,N,Y,N,126.967088,37.48342692,사당동,11590107,,119900192,20727,서울 동작구 사당동 708-806,,6.1,24.08,30.18,549,1875,2716
버스,동작고교.사당5동주민센터,,2,N,Y,N,126.9674875,37.48509948,사당동,11590107,,119900177,20794,서울 동작구 사당동 산 32-59,,8.75,72.05,80.8,525,1875,4848
버스,사당5동주민센터,,1,N,Y,N,126.967507,37.485085,사당동,11590107,,119900277,20999,서울 동작구 사당동 산 32-59,,16.23,3.43,19.67,487,1875,590
버스,사당중학교,,5,N,Y,N,126.9681789,37.48663695,사당동,11590107,,119000084,20177,서울 동작구 사당동 211-2,,49.08,83.5,132.58,8835,1875,23865
버스,사당중학교,,6,N,Y,N,126.968275,37.486355,사당동,11590107,,119000083,20176,서울 동작구 사당동 211-2,,63.81,62.3,126.1,13144,1875,25977
버스,삼거리,,3,N,Y,N,126.9683026,37.48559981,사당동,11590107,,119900263,20541,서울 동작구 사당동 226-5,,158.44,42.08,200.52,14260,1875,18047
버스,삼거리,,2,N,Y,N,126.9684496,37.48553497,사당동,11590107,,119900183,20747,서울 동작구 사당동 224-26,서울특별시 동작구 솔밭로 106 (사당동),16.65,136.32,152.97,999,1875,9178
버스,비계,,12,N,Y,N,126.9685845,37.506437,흑석동,11590105,,119000037,20130,서울 동작구 흑석동 28-3,,49.13,74.62,123.75,11988,1875,30196
버스,사당문화복지관,,2,N,Y,N,126.969576,37.485346,사당동,11590107,,119900006,20600,서울 동작구 사당동 221,,25.7,88.1,113.8,1542,1875,6828
버스,사당종합체육관,,1,N,Y,N,126.9696348,37.49252403,사당동,11590107,,119900320,20534,서울 동작구 사당동 산 21-9,서울특별시 동작구 사당로27길 232 (사당동),161.8,335,496.8,4854,1875,14904
버스,남성역,,5,N,Y,N,126.9707465,37.48492912,사당동,11590107,,119000085,20178,서울 동작구 사당동 산 25-33,서울특별시 동작구 사당로 지하218 (사당동),202.65,64.21,266.87,30398,1875,40030
버스,두산위브아파트,,2,N,Y,N,126.9708755,37.48487779,사당동,11590107,,119900280,20990,서울 동작구 사당동 산 25-33,서울특별시 동작구 사당로 지하218 (사당동),223.07,34.48,257.55,13384,1875,15453
버스,남성역,,5,N,Y,N,126.971093,37.484588,사당동,11590107,,119000086,20179,서울 동작구 사당동 708-530,,73.89,136.78,210.67,11084,1875,31601
버스,삼성래미안.롯데캐슬,,2,N,Y,N,126.97115,37.489628,사당동,11590107,,119900082,20503,서울 동작구 사당동 1133,"서울특별시 동작구 사당로23바길 9 (사당동, 동작삼성래미안아파트)",378.81,210.53,589.34,44700,1875,69542
버스,롯데캐슬.샤인,,1,N,Y,N,126.971203,37.491098,사당동,11590107,,119900321,20558,서울 동작구 사당동 708-526,,73.6,3.63,77.23,2208,1875,2317
버스,롯데캐슬,,1,N,Y,N,126.9712716,37.48982344,사당동,11590107,,119900315,20526,서울 동작구 사당동 173-42,,23.53,391.2,414.73,706,1875,12442
버스,롯데캐슬.샤인,,1,N,Y,N,126.971489,37.490918,사당동,11590107,,119900319,20545,서울 동작구 사당동 1132,"서울특별시 동작구 사당로27길 190 (사당동, 롯데캐슬)",12.8,173.57,186.37,384,1875,5591
버스,흑석동한강현대아파트,,12,N,Y,N,126.971748,37.505867,흑석동,11590105,,119000038,20131,서울 동작구 흑석동 28-1,"서울특별시 동작구 현충로 151 (흑석동, 한강현대아파트)",17.19,47.93,65.12,4160,1875,15758
버스,대림아파트후문,,2,N,Y,N,126.9721846,37.48865193,사당동,11590107,,119900071,20518,서울 동작구 사당동 169-8,서울특별시 동작구 사당로17길 8 (사당동),132.25,4.45,136.7,7935,1875,8202
버스,남성역.남성역골목시장,,2,N,Y,N,126.972224,37.484187,사당동,11590107,,119900001,20682,서울 동작구 사당동 252,서울특별시 동작구 사당로 223 (사당동),35.1,261.77,296.87,2106,1875,17812
버스,대림현대아파트,,1,N,Y,N,126.9724841,37.48615684,사당동,11590107,,119900077,20509,서울 동작구 사당동 708-860,서울특별시 동작구 사당로17길 69 (사당동),235.85,297.7,533.55,14151,1875,32013
버스,대림아파트후문,,2,N,Y,N,126.9725907,37.48846189,사당동,11590107,,119900182,20751,서울 동작구 사당동 708-545,,1.55,86.05,87.6,93,1875,5256
버스,남성역골목시장,,4,N,Y,N,126.972782,37.483676,사당동,11590107,,119000088,20181,서울 동작구 사당동 254-1,,73.68,48.34,122.03,10684,1875,17694
버스,예술인마을,,16,N,Y,N,126.9728451,37.47604923,사당동,11590107,,119000049,20142,서울 동작구 사당동 1129,서울특별시 동작구 남부순환로 지하2089 (사당동),100.28,141.56,241.83,41113,1875,99151
버스,남성역골목시장,,6,N,Y,N,126.973014,37.483805,사당동,11590107,,119000087,20180,서울 동작구 사당동 712-14,,132.11,94.71,226.82,27612,1875,47406
버스,삼일공원,,2,N,Y,N,126.9738555,37.48685101,사당동,11590107,,119900060,20533,서울 동작구 사당동 산 24-17,서울특별시 동작구 사당로23길 57-7 (사당동),54.12,5.82,59.93,3247,1875,3596
버스,대림프라자.사당3동주민센터,,1,N,Y,N,126.9738758,37.48392602,사당동,11590107,,119900065,20524,서울 동작구 사당동 708-402,서울특별시 동작구 사당로17길 17 (사당동),117.7,5.03,122.73,3531,1875,3682
버스,삼일공원,,2,N,Y,N,126.9740161,37.48697269,사당동,11590107,,119900187,20732,서울 동작구 사당동 708-829,,3.65,112.1,115.75,219,1875,6945
버스,극동상가,,2,N,Y,N,126.9740958,37.49168729,사당동,11590107,,119900256,20502,서울 동작구 사당동 105,"서울특별시 동작구 동작대로29길 91 (사당동, 사당우성아파트)",88.08,138.8,226.88,10570,1875,27226
버스,극동아파트110동,,1,N,Y,N,126.974121,37.49084746,사당동,11590107,,119900258,20517,서울 동작구 사당동 105,"서울특별시 동작구 동작대로29길 91 (사당동, 사당우성아파트)",56.83,2,58.83,1705,1875,1765
버스,극동아파트110동,,1,N,Y,N,126.9746719,37.49036369,사당동,11590107,,119900257,20516,서울 동작구 사당동 105,"서울특별시 동작구 동작대로29길 91 (사당동, 사당우성아파트)",44.2,1.37,45.57,1326,1875,1367
버스,동작삼일수영장,,2,N,Y,N,126.9747872,37.48717651,사당동,11590107,,119900178,20792,서울 동작구 사당동 164-56,,6.92,64.17,71.08,415,1875,4265
버스,동작삼일수영장,,2,N,Y,N,126.9747984,37.48739368,사당동,11590107,,119900039,20559,서울 동작구 사당동 164-72,,35.23,2.12,37.35,2114,1875,2241
버스,남성초등학교.사당청소년문화의집,,4,N,Y,N,126.9748407,37.48601049,사당동,11590107,,119900050,20546,서울 동작구 사당동 산 24-17,서울특별시 동작구 사당로23길 57-7 (사당동),10.86,11.69,22.55,1303,1875,2706
버스,남성초등학교.사당청소년문화의집,,4,N,Y,N,126.9749764,37.48613757,사당동,11590107,,119900195,20706,서울 동작구 사당동 708-642,,3.85,24.98,28.83,462,1875,3460
버스,사당시장,,3,N,Y,N,126.9751267,37.48309007,사당동,11590107,,119900055,20539,서울 동작구 사당동 318-8,서울특별시 동작구 사당로 244 (사당동),174.63,54.23,228.87,15717,1875,20598
버스,삼일초등학교앞,,2,N,Y,N,126.9756633,37.48810573,사당동,11590107,,119900233,20931,서울 동작구 사당동 105-22,서울특별시 동작구 사당로23나길 27 (사당동),18.83,1.52,20.35,1130,1875,1221
버스,테니스장.우성아파트304동,,2,N,Y,N,126.9759361,37.49061897,사당동,11590107,,119900259,20829,서울 동작구 사당동 105,"서울특별시 동작구 동작대로29길 91 (사당동, 사당우성아파트)",4.65,50.87,55.52,279,1875,3331
버스,우성201동.극동112동,,2,N,Y,N,126.9760206,37.48817068,사당동,11590107,,119900174,20801,서울 동작구 사당동 105,"서울특별시 동작구 동작대로29길 91 (사당동, 사당우성아파트)",1.33,62.98,64.32,80,1875,3859
버스,사당동대아신협앞,,5,N,Y,N,126.97629,37.483377,사당동,11590107,,119000296,20252,서울 동작구 사당동 708-360,,70.99,39.84,110.83,10506,1875,16403
버스,극동아파트112동,,2,N,Y,N,126.976344,37.488596,사당동,11590107,,119900260,20532,서울 동작구 사당동 105,"서울특별시 동작구 동작대로29길 91 (사당동, 사당우성아파트)",40.97,2.23,43.2,2458,1875,2592
버스,신동아아파트,,2,N,Y,N,126.9765787,37.49000725,사당동,11590107,,119900160,20822,서울 동작구 사당동 105-2,"서울특별시 동작구 동작대로29길 91 (사당동, 사당우성아파트)",5.72,48.05,53.77,343,1875,3226
버스,동작역.국립현충원,,12,N,Y,N,126.9766526,37.5031886,동작동,11590106,,119000041,20134,서울 동작구 동작동 131-1,,78.27,131.96,210.23,19098,1875,51297
버스,동작역.국립현충원,,12,N,Y,N,126.976865,37.502586,동작동,11590106,,119000040,20133,서울 동작구 동작동 131-1,,93.83,47.76,141.58,24583,1875,37095
버스,남성초등학교입구,,4,N,Y,N,126.9769232,37.48375635,사당동,11590107,,119900310,20496,서울 동작구 사당동 323-6,,40.1,44.36,84.46,3609,1875,7601
버스,삼거리우편물취급소,,4,N,Y,N,126.9770554,37.48416458,사당동,11590107,,119900038,20560,서울 동작구 사당동 324-20,서울특별시 동작구 사당로23길 57-14 (사당동),2.72,43.14,45.86,326,1875,5503
버스,시장입구,,2,N,Y,N,126.9771578,37.4894721,사당동,11590107,,119900167,20811,서울 동작구 사당동 105-6,,20.87,21.6,42.47,1252,1875,2548
버스,삼거리우편물취급소,,4,N,Y,N,126.9772691,37.48421778,사당동,11590107,,119900201,20698,서울 동작구 사당동 708-624,,53.62,17.62,71.24,6435,1875,8549
버스,남성초등학교,,4,N,Y,N,126.97843,37.48429923,사당동,11590107,,119000090,20183,서울 동작구 사당동 152-9,,41.04,38.33,79.37,6156,1875,11906
버스,남성초등학교,,4,N,Y,N,126.978585,37.484075,사당동,11590107,,119000089,20182,서울 동작구 사당동 1003-49,,30.38,71.42,101.79,4435,1875,14862
버스,사당1동주민센터입구,,7,N,Y,N,126.9787426,37.4840874,사당동,11590107,,119900209,20959,서울 동작구 사당동 1003-49,,43.72,91.58,135.3,9181,1875,28413
버스,동작대교(가상),,15,N,Y,N,126.9797337,37.50511884,동작동,11590106,,119000304,20987,서울 동작구 동작동 316-3,서울특별시 동작구 동작대로 335 (동작동),0,1,1,0,1875,3
버스,이수역9번출구,,4,N,Y,N,126.979895,37.484445,사당동,11590107,,119000091,20184,서울 동작구 사당동 148-40,,57.99,88.09,146.09,8699,1875,21913
버스,이수역,,2,N,Y,N,126.979985,37.484516,사당동,11590107,,119900022,20578,서울 동작구 사당동 144-4,서울특별시 동작구 동작대로 105-2 (사당동),34.02,153.72,187.73,2041,1875,11264
버스,이수역10번출구,,4,N,Y,N,126.9801875,37.48483286,사당동,11590107,,119000092,20185,서울 동작구 사당동 144-4,서울특별시 동작구 동작대로 105-2 (사당동),170.97,70.48,241.45,25646,1875,36218
버스,동작대교전망카페,,2,N,Y,N,126.9802792,37.50576281,동작동,11590106,,121000314,22396,서울 동작구 동작동 316-3,서울특별시 동작구 동작대로 335 (동작동),31.48,34.83,66.32,1889,1875,3979
버스,이수역,,6,N,Y,N,126.9806262,37.48500144,사당동,11590107,,119900075,20511,서울 동작구 사당동 144-4,서울특별시 동작구 동작대로 105-2 (사당동),330.42,135.64,466.06,68397,1875,96474
버스,정금마을,,1,N,Y,N,126.9812176,37.49383867,동작동,11590106,,119900305,20978,서울 동작구 동작동 333-6,,10.97,66.27,77.23,329,1875,2317
버스,정금마을,,1,N,Y,N,126.9812426,37.49374405,동작동,11590106,,119900306,20498,서울 동작구 동작동 산 4-2,서울특별시 동작구 동작대로 171 (동작동),20.5,1.5,22,615,1875,660
버스,사당역9번출구앞,,7,N,Y,N,126.9813959,37.47739263,사당동,11590107,,119000302,20253,서울 동작구 사당동 1042-22,,446.23,196.26,642.49,65149,1875,93803
버스,사당역10번출구,,1,N,Y,N,126.9815811,37.47868741,사당동,11590107,,119900083,20500,서울 동작구 사당동 1112,서울특별시 동작구 동작대로 43-2 (사당동),67.78,13.93,81.72,4067,1875,4903
버스,방배노인종합복지관,,19,N,Y,N,126.9818146,37.48067903,사당동,11590107,,119000284,20020,서울 동작구 사당동 345-15,,68.15,133.82,201.97,26305,1875,77961
버스,이수시너스.이수역7번출구,,3,N,Y,N,126.981878,37.483918,사당동,11590107,,119900044,20552,서울 동작구 사당동 1112,서울특별시 동작구 동작대로 43-2 (사당동),37.36,167.28,204.63,3362,1875,18417
버스,사당동우체국앞,,16,N,Y,N,126.9819451,37.48322737,사당동,11590107,,119000285,20019,서울 동작구 사당동 339-23,,159.68,120.4,280.09,46468,1875,81505
버스,총신대역,,2,N,Y,N,126.982049,37.487354,사당동,11590107,,119900196,20705,서울 동작구 사당동 134-1,서울특별시 동작구 동작대로 113-2 (사당동),489.25,128.03,617.28,29355,1875,37037
버스,이수역,,1,N,Y,N,126.982089,37.486574,사당동,11590107,,119900184,20746,서울 동작구 사당동 144-4,서울특별시 동작구 동작대로 105-2 (사당동),501.8,85.83,587.63,15054,1875,17629
버스,총신대입구역.남성시장입구앞,,16,N,Y,N,126.9822244,37.48821683,사당동,11590107,,119000286,20018,서울 동작구 사당동 736-1,서울특별시 동작구 동작대로 지하117 (사당동),269.55,213.79,483.34,95690,1875,171586
버스,경문고등학교,,2,N,Y,N,126.982453,37.49018,사당동,11590107,,119900202,20697,서울 동작구 사당동 82-5,,49.9,21.87,71.77,2994,1875,4306
버스,갯마을,,1,N,Y,N,126.982546,37.496232,동작동,11590106,,119900204,20694,서울 동작구 동작동 102-65,서울특별시 동작구 동작대로 213 (동작동),93.87,148.03,241.9,2816,1875,7257
버스,정금마을,,1,N,Y,N,126.982565,37.494339,동작동,11590106,,119900199,20701,서울 동작구 동작동 66-29,,59.47,10.3,69.77,1784,1875,2093
버스,경문고교.배나무골앞,,16,N,Y,N,126.9825871,37.49159468,사당동,11590107,,119000287,20017,서울 동작구 사당동 산 1-9,,78.91,120.47,199.38,27934,1875,70580
버스,정금마을.방배경찰서,,16,N,Y,N,126.9826144,37.49423389,동작동,11590106,,119000288,20016,서울 동작구 동작동 55-3,,112.28,85,197.27,39746,1875,69835
버스,정금마을,,17,N,Y,N,126.982748,37.4932972,동작동,11590106,,121000530,22033,서울 동작구 동작동 56-1,,95.08,88.75,183.83,36511,1875,70591
버스,갯마을앞,,13,N,Y,N,126.9833117,37.49755505,동작동,11590106,,119000289,20015,서울 동작구 동작동 94-1,,151.77,256.78,408.55,39915,1875,107448
따릉이,흑석한강푸르지오(110동),,,N,N,Y,126.9647141,37.50311279,흑석동,11590105,2092,,,,,,,7.22,,,247.5
따릉이,흑석한강푸르지오 106동앞,,,N,N,Y,126.9661789,37.50535583,흑석동,11590105,2064,,,,,,,3,,,43.33
따릉이,흑석역 4번출구,,,N,N,Y,126.9634934,37.50858688,흑석동,11590105,2026,,,,,,,26.39,,,645.5
따릉이,흑석역 1번출구,,,N,N,Y,126.9636154,37.50938034,흑석동,11590105,2025,,,,,,,104.1,,,2001.66
따릉이,흑석롯데캐슬에듀포레(107동),,,N,N,Y,126.9607315,37.50470352,흑석동,11590105,2083,,,,,,,16.42,,,467.33
따릉이,흑석동효사정앞,,,N,N,Y,126.9612808,37.51120377,흑석동,11590105,4153,,,,,,,13,,,313.66
따릉이,흑석동주민센터 입구,,,N,N,Y,126.9667358,37.50682831,흑석동,11590105,4180,,,,,,,11.65,,,253.33
따릉이,흑석 아크로리버하임(103동),,,N,N,Y,126.9616318,37.51083755,흑석동,11590105,2078,,,,,,,9.06,,,190.5
따릉이,총신대 앞(육교),,,N,N,Y,126.9664764,37.48815918,사당동,11590107,2068,,,,,,,6.42,,,187.66
따릉이,중앙대학교 중앙광장,,,N,N,Y,126.9577789,37.50667191,흑석동,11590105,2079,,,,,,,9.1,,,209.66
따릉이,중앙대학교 정문 1,,,N,N,Y,126.9591522,37.50704193,흑석동,11590105,2027,,,,,,,25.74,,,562.66
따릉이,중대후문 마을버스정류장,,,N,N,Y,126.9502564,37.50444412,상도1동,11590103,4173,,,,,,,24.84,,,597.5
따릉이,정금마을 마을버스정류장,,,N,N,Y,126.9824448,37.49466324,동작동,11590106,2036,,,,,,,29.94,,,628.66
따릉이,장승배기역2번출구뒷편쪽,,,N,N,Y,126.9389877,37.50449753,상도동,11590102,2020,,,,,,,23.81,,,603
따릉이,장승배기역 5번출구,,,N,N,Y,126.9393616,37.50585175,상도동,11590102,2013,,,,,,,57.97,,,1293.16
따릉이,이수역9번출구,,,N,N,Y,126.9805908,37.48470306,사당동,11590107,2091,,,,,,,38.58,,,1052.66
따릉이,이수역 11번출구쪽,,,N,N,Y,126.9816208,37.48550797,사당동,11590107,2032,,,,,,,72.84,,,1854.83
따릉이,이수성결교회 옆,,,N,N,Y,126.9836884,37.49814987,동작동,11590106,4178,,,,,,,4.29,,,104.33
따릉이,유한양행앞,,,N,N,Y,126.9342423,37.51293945,대방동,11590108,2007,,,,,,,43.29,,,1130.66
따릉이,양문교회 앞,,,N,N,Y,126.9071121,37.48939896,신대방동,11590109,2066,,,,,,,63.03,,,1549.16
따릉이,신대방삼거리역 6번출구쪽,,,N,N,Y,126.9295654,37.49985504,대방동,11590108,2015,,,,,,,86.42,,,2094
따릉이,신대방삼거리역 3번출구쪽,,,N,N,Y,126.9270935,37.49964523,대방동,11590108,2016,,,,,,,49.97,,,1164.66
따릉이,신대방삼거리,,,N,N,Y,126.9279785,37.49845505,신대방동,11590109,4169,,,,,,,54.26,,,1348.83
따릉이,숭실대학교(중문),,,N,N,Y,126.9563751,37.49550629,상도동,11590102,2094,,,,,,,13.03,,,273.33
따릉이,숭실대 입구역3번 출구 앞,,,N,N,Y,126.953682,37.4966011,상도동,11590102,2069,,,,,,,21.43,,,567.83
따릉이,서울특별시 동작관악교육지원청,,,N,N,Y,126.9406509,37.50251389,상도동,11590102,2096,,,,,,,4.5,,,77.83
따릉이,서울시여성가족재단,,,N,N,Y,126.9270859,37.51198959,대방동,11590108,2065,,,,,,,11.94,,,366
따릉이,상도효성해링턴플레이스,,,N,N,Y,126.9415131,37.50543213,상도동,11590102,4152,,,,,,,19.39,,,448.66
따릉이,상도중앙하이츠빌 입구,,,N,N,Y,126.9497299,37.50024796,상도동,11590102,2088,,,,,,,12.45,,,308.33
따릉이,상도역 1번출구,,,N,N,Y,126.948204,37.50217819,상도1동,11590103,2024,,,,,,,22.1,,,489.5
따릉이,상도SH빌아파트 입구,,,N,N,Y,126.9545975,37.50321198,상도동,11590102,2093,,,,,,,6.88,,,178
따릉이,상도 아이파크 아파트,,,N,N,Y,126.9417496,37.5008812,상도동,11590102,2057,,,,,,,15.32,,,366.16
따릉이,삼일초등학교 인근,,,N,N,Y,126.9735642,37.48907852,사당동,11590107,2048,,,,,,,17.39,,,438.5
따릉이,삼일수영장 앞,,,N,N,Y,126.9743576,37.48712158,사당동,11590107,2086,,,,,,,42.42,,,1183.16
따릉이,삼익아파트,,,N,N,Y,126.9448471,37.51054764,노량진동,11590101,2054,,,,,,,52.03,,,1388.66
따릉이,사육신공원앞,,,N,N,Y,126.9480591,37.51335907,노량진동,11590101,2003,,,,,,,42.58,,,1026.16
따릉이,사당중학교 버스정류소,,,N,N,Y,126.9680481,37.48683548,사당동,11590107,2041,,,,,,,10.97,,,217.66
따릉이,사당역10번출구(금강빌딩),,,N,N,Y,126.9815064,37.4791069,사당동,11590107,2089,,,,,,,37.94,,,984.66
따릉이,사당역 7번출구쪽,,,N,N,Y,126.9805756,37.47689056,사당동,11590107,2034,,,,,,,25.74,,,666.33
따릉이,사당새마을금고,,,N,N,Y,126.9678421,37.48665237,사당동,11590107,2062,,,,,,,16.19,,,416.66
따릉이,사당동 아르테스 웨딩앞,,,N,N,Y,126.9815826,37.48149109,사당동,11590107,2033,,,,,,,42.68,,,1188
따릉이,비계 버스정류소,,,N,N,Y,126.9690781,37.5063591,흑석동,11590105,2040,,,,,,,8.48,,,180.5
따릉이,보라매역?동작세무서 버스정류장(강남중학교방면),,,N,N,Y,126.9198685,37.49766922,신대방동,11590109,2067,,,,,,,64.55,,,1639.83
따릉이,보라매역 8번출구,,,N,N,Y,126.9210815,37.50007629,대방동,11590108,2009,,,,,,,41.45,,,952
따릉이,보라매병원역 1번출구,,,N,N,Y,126.9234314,37.49322128,신대방동,11590109,4179,,,,,,,215.87,,,5049
따릉이,보라매공원역 2번출구,,,N,N,Y,126.9178162,37.49582291,신대방동,11590109,4181,,,,,,,61.81,,,1305
따릉이,보라매공원 정문,,,N,N,Y,126.9177933,37.49707794,신대방동,11590109,2059,,,,,,,63.68,,,1454.33
따릉이,보라매 두산위브 건너편,,,N,N,Y,126.9148026,37.49651337,신대방동,11590109,237,,,,,,,81.71,,,1986.5
따릉이,롯데캐슬 101동 앞,,,N,N,Y,126.9459076,37.50157547,상도동,11590102,4177,,,,,,,10.61,,,272
따릉이,동작역 7번출구,,,N,N,Y,126.9760895,37.50318146,동작동,11590106,2038,,,,,,,12.45,,,314
따릉이,동작역 5번출구 동작주차공원,,,N,N,Y,126.97715,37.50318909,동작동,11590106,2037,,,,,,,43.6,,,686.5
따릉이,동작구민 체육센터,,,N,N,Y,126.9165268,37.49449921,신대방동,11590109,2056,,,,,,,37.47,,,1076.83
따릉이,동작경찰서,,,N,N,Y,126.9435272,37.5135231,노량진동,11590101,2058,,,,,,,83.03,,,1941.5
따릉이,대방지하보도(대방동경남아너스빌아파트),,,N,N,Y,126.9254379,37.51213455,대방동,11590108,2080,,,,,,,70.58,,,1582.16
따릉이,대방역2번출구,,,N,N,Y,126.9274139,37.51262665,대방동,11590108,4175,,,,,,,46.23,,,1049
따릉이,대림아파트 후문 상가 옆,,,N,N,Y,126.9719086,37.48886871,사당동,11590107,2071,,,,,,,15.97,,,504.66
따릉이,대림사거리(동작상떼빌아파트),,,N,N,Y,126.9062271,37.48836136,신대방동,11590109,2012,,,,,,,40.71,,,1047.5
따릉이,노량진역 5번출구,,,N,N,Y,126.9399719,37.51324844,노량진동,11590101,2050,,,,,,,108.74,,,2633
따릉이,노량진역 2번 출구 앞,,,N,N,Y,126.9430695,37.51391983,노량진동,11590101,2070,,,,,,,61.77,,,1347.33
따릉이,노량진근린공원 대방공원,,,N,N,Y,126.9280701,37.5093689,대방동,11590108,2008,,,,,,,20.1,,,453.83
따릉이,노량진근린공원,,,N,N,Y,126.9285049,37.50680542,대방동,11590108,4158,,,,,,,8.59,,,195.16
따릉이,노량진1동 청소년독서실,,,N,N,Y,126.9471359,37.50785828,노량진동,11590101,4162,,,,,,,16.45,,,358
따릉이,노들역 3번출구,,,N,N,Y,126.9541626,37.51193619,본동,11590104,2077,,,,,,,58.71,,,1196.33
따릉이,노들역 1번출구,,,N,N,Y,126.9524689,37.51284409,본동,11590104,2002,,,,,,,153.68,,,3136
따릉이,남성역3번출구 뒤,,,N,N,Y,126.97155,37.48463058,사당동,11590107,2060,,,,,,,62.19,,,1448.16
따릉이,기아자동차 사당점 앞,,,N,N,Y,126.9779205,37.48377991,사당동,11590107,2090,,,,,,,47.87,,,1188.66
따릉이,구로교 아래,,,N,N,Y,126.9035034,37.48500824,신대방동,11590109,4167,,,,,,,57.77,,,1447.66
따릉이,경문고등학교 앞,,,N,N,Y,126.9824066,37.49150085,사당동,11590107,2095,,,,,,,32.52,,,859.83
따릉이,강남중학교 앞,,,N,N,Y,126.9215775,37.50274277,대방동,11590108,2085,,,,,,,50.19,,,1211.66
따릉이,e편한세상 상도노빌리티 앞,,,N,N,Y,126.946785,37.50456238,상도동,11590102,2084,,,,,,,26.9,,,627.16
따릉이,7호선 이수역7번출구,,,N,N,Y,126.9817963,37.4846077,사당동,11590107,2082,,,,,,,37.19,,,1000
