GID,위도,경도,생활인구수
다사495448,37.50153859,126.9292253,320
다사488442,37.49609213,126.9213478,120
다사527426,37.48187873,126.9655689,67
다사476431,37.48611034,126.9078514,179
다사501456,37.50878177,126.935959,106
다사540421,37.47743767,126.9803034,111
다사502444,37.49797129,126.9371716,202
다사538426,37.48193436,126.9780102,208
다사522440,37.49447162,126.9598229,201
다사513449,37.50253655,126.9495824,289
다사496449,37.50244537,126.9303498,296
다사476434,37.4888143,126.90783,495
다사533423,37.47920524,126.972374,157
다사534420,37.47650629,126.973524,246
다사536424,37.48012168,126.9757607,392
다사524456,37.50890316,126.9619818,271
다사515446,37.4998431,126.9518649,319
다사520457,37.50978379,126.9574496,68
다사529426,37.48188895,126.9678309,81
다사478434,37.48882562,126.9100923,248
다사508440,37.49439814,126.9439859,176
다사512444,37.49802465,126.9484842,280
다사511455,37.50793393,126.9472799,141
다사534432,37.48732227,126.9734481,222
다사537434,37.48914,126.9768289,237
다사500449,37.50246711,126.9348751,114
다사518459,37.51157602,126.9551736,341
다사514440,37.49442989,126.9507732,633
다사509453,37.50612067,126.9450304,99
다사531421,37.47739246,126.9701248,394
다사520444,37.49806656,126.9575344,245
다사518440,37.49445084,126.955298,187
다사538424,37.48013169,126.9780227,488
다사521444,37.49807175,126.9586656,512
다사501449,37.50247251,126.9360064,154
다사532453,37.50624006,126.9710524,294
다사502440,37.494366,126.9371986,175
다사503446,37.49977933,126.9382893,307
다사520458,37.51068511,126.9574431,14
다사502459,37.51149113,126.9370701,284
다사517443,37.4971496,126.9541471,53
다사517442,37.49624827,126.9541537,0
다사530452,37.50532858,126.968796,0
다사525435,37.48998044,126.9632488,145
다사538428,37.48373702,126.9779976,26
다사515461,37.51336296,126.951766,212
다사501440,37.4943606,126.9360674,298
다사524437,37.49177796,126.9621047,534
다사537422,37.47832403,126.9769043,420
다사526452,37.50530815,126.9642705,104
다사521448,37.50167705,126.9586396,624
다사526436,37.49088691,126.9643735,125
다사525433,37.48817779,126.9632617,238
다사491443,37.49701003,126.9247346,305
다사525455,37.50800699,126.9631197,27
다사519453,37.50617329,126.9563443,161
다사530431,37.48640069,126.9689301,354
다사537435,37.49004133,126.9768226,437
다사479436,37.4906339,126.9112092,404
다사510452,37.50522466,126.9461684,132
다사527433,37.48818804,126.9655239,126
다사516445,37.49894702,126.9530027,258
다사498446,37.49975229,126.9326329,102
다사531437,37.49181374,126.9700229,276
다사499447,37.50065904,126.9337574,320
다사520459,37.51158644,126.9574365,0
다사487444,37.49788923,126.9202027,0
다사539429,37.48464334,126.9791224,66
다사492451,37.5042261,126.9258107,33
다사514458,37.51065373,126.9506543,185
다사498459,37.51146947,126.9325442,60
다사504458,37.51060057,126.9393398,263
다사537436,37.49094266,126.9768163,412
다사538434,37.48914501,126.97796,347
다사483440,37.49426165,126.9157057,658
다사540442,37.49636563,126.9801723,134
다사504451,37.50429131,126.9393869,30
다사527449,37.50260929,126.9654211,286
다사541432,37.48735729,126.9813659,11
다사482437,37.49155209,126.9145956,269
다사516447,37.50074967,126.9529896,429
다사523444,37.49808209,126.9609282,0
다사507460,37.51241928,126.9427207,172
다사532435,37.49001615,126.9711668,301
다사492452,37.50512742,126.9258038,31
다사538441,37.49545432,126.9779161,111
다사521441,37.49536777,126.9586852,12
다사512448,37.50162995,126.9484577,162
다사513462,37.51425376,126.9494964,121
다사539428,37.48374201,126.9791287,253
다사530423,37.47919004,126.9689811,29
다사538431,37.48644101,126.9779788,308
다사534436,37.49092759,126.9734228,438
다사503463,37.5151018,126.9381745,9
다사540434,37.48915498,126.9802223,276
다사535421,37.47741266,126.9746486,400
다사526430,37.48547893,126.9644121,40
다사489445,37.49880163,126.9224582,651
다사540433,37.48825365,126.9802285,124
다사488450,37.5033027,126.9212922,0
다사516449,37.50255232,126.9529764,422
다사533424,37.48010657,126.9723677,336
다사531422,37.47829379,126.9701184,258
다사507450,37.50340605,126.9427877,426
다사532434,37.48911482,126.9711732,688
다사497461,37.51326667,126.9313991,264
다사516442,37.49624304,126.9530225,136
다사512460,37.51244583,126.9483781,83
다사514442,37.49623254,126.95076,747
다사532422,37.47829885,126.9712494,365
다사479438,37.49243654,126.9111951,484
다사515452,37.50525105,126.9518253,220
다사513450,37.50343788,126.9495758,209
다사495440,37.49432801,126.9292802,40
다사530432,37.48730202,126.9689237,173
다사534429,37.48461828,126.9734671,356
다사501453,37.5060778,126.9359793,63
다사529453,37.50622482,126.9676582,6
다사527450,37.50351062,126.9654147,339
다사532423,37.47920019,126.9712431,233
다사535427,37.48282065,126.9746108,117
다사497450,37.50335214,126.9314743,13
다사529451,37.50442216,126.967671,13
다사491447,37.50061531,126.924707,368
다사541442,37.4963706,126.9813036,219
다사506443,37.49709144,126.9417034,255
다사508454,37.50701668,126.9438923,535
다사491448,37.50151664,126.9247001,468
다사499454,37.5069683,126.9337097,206
다사524447,37.50079123,126.9620401,412
다사535430,37.48552464,126.9745918,162
다사491444,37.49791135,126.9247277,561
다사481439,37.49334912,126.9134504,58
다사492458,37.51053534,126.9257623,356
다사501450,37.50337384,126.9359996,232
다사528452,37.50531839,126.9665332,6
다사487445,37.49879055,126.9201957,7
다사540429,37.48464832,126.9802535,316
다사492444,37.49791685,126.925859,551
다사514455,37.50794976,126.9506741,366
다사519438,37.4926534,126.9564423,168
다사539433,37.48824867,126.9790974,145
다사497447,37.50064818,126.9314948,106
다사494459,37.51144764,126.9280184,103
다사524449,37.50259388,126.9620271,486
다사524435,37.4899753,126.9621176,178
다사539441,37.49545931,126.9790473,195
다사528428,37.48368651,126.9666871,0
다사518444,37.49805614,126.9552718,234
다사531432,37.48730709,126.9700548,318
다사475435,37.48970995,126.9066918,16
다사523458,37.51070066,126.9608374,417
다사537433,37.48823867,126.9768352,260
다사477437,37.49152393,126.9089398,0
다사531430,37.48550443,126.9700675,203
다사542439,37.49367157,126.9824535,133
다사494448,37.50153312,126.928094,397
다사521451,37.50438103,126.9586201,458
다사532433,37.48821349,126.9711795,135
다사515460,37.51246164,126.9517726,45
다사482440,37.49425605,126.9145745,544
다사497446,37.49974685,126.9315016,40
다사499441,37.49525111,126.9337982,354
다사525454,37.50710566,126.9631262,121
다사500461,37.51328296,126.9347936,226
다사508453,37.50611535,126.943899,455
다사475434,37.48880863,126.9066989,81
다사534437,37.49182892,126.9734165,510
다사503459,37.51149652,126.9382016,284
다사516460,37.51246688,126.9529041,281
다사533436,37.49092254,126.9722916,443
다사504450,37.50338999,126.9393937,66
다사514448,37.50164049,126.9507204,416
다사495444,37.4979333,126.9292528,315
다사517444,37.49805092,126.9541406,510
다사511447,37.50072334,126.947333,467
다사478432,37.48702298,126.9101064,107
다사525445,37.49899372,126.9631843,9
다사492450,37.50332478,126.9258176,119
다사492442,37.49611421,126.9258728,344
다사510441,37.49531009,126.9462417,242
다사503461,37.51329916,126.938188,61
다사513442,37.49622728,126.9496287,387
다사512442,37.496222,126.9484975,338
다사481438,37.4924478,126.9134574,299
다사496462,37.51416254,126.9302607,178
다사516450,37.50345364,126.9529699,431
다사541427,37.48285063,126.981397,67
다사537431,37.48643601,126.9768477,309
다사520441,37.49536258,126.9575539,60
다사517439,37.49354429,126.9541734,393
다사482435,37.48974945,126.9146097,50
다사506445,37.49889409,126.9416899,339
다사535437,37.49183395,126.9745476,381
다사505447,37.50069139,126.9405452,394
다사490444,37.49790584,126.9235965,113
다사528427,37.48278518,126.9666935,244
다사498452,37.50516022,126.932592,152
다사510460,37.51243524,126.9461152,203
다사482441,37.49515737,126.9145675,176
다사498457,37.50966683,126.9325579,27
다사539421,37.47743269,126.9791725,328
다사494445,37.49882915,126.9281146,13
다사491451,37.5042206,126.9246793,310
다사533453,37.50624513,126.9721838,318
다사536421,37.47741768,126.9757796,443
다사489451,37.50420956,126.9224166,207
다사512447,37.50072863,126.9484644,292
다사506458,37.51061129,126.9416027,183
다사513448,37.50163523,126.949589,230
다사533434,37.48911988,126.9723043,222
다사503442,37.49617403,126.9383164,379
다사490447,37.5006098,126.9235757,34
다사512445,37.49892598,126.9484776,97
다사495445,37.49883462,126.9292459,165
다사521440,37.49446644,126.9586917,361
다사514456,37.50885109,126.9506675,437
다사493458,37.51054084,126.9268938,42
다사521450,37.5034797,126.9586266,405
다사507452,37.5052087,126.9427743,226
다사538436,37.49094767,126.9779475,202
다사533430,37.48551456,126.9723297,193
다사499445,37.4988564,126.933771,221
다사521456,37.50888766,126.9585875,234
다사532420,37.47649619,126.9712621,332
다사499448,37.50156037,126.9337506,128
다사502442,37.49616865,126.9371851,420
다사484442,37.49606988,126.9168229,87
다사508461,37.51332593,126.9438455,14
다사536427,37.48282567,126.9757418,167
다사487443,37.49698791,126.9202096,152
다사504453,37.50609396,126.9393735,129
다사525437,37.4917831,126.9632359,376
다사494461,37.51325028,126.9280046,59
다사504459,37.51150189,126.939333,229
다사493442,37.4961197,126.927004,224
다사535425,37.48101799,126.9746234,472
다사510461,37.51333657,126.9461085,152
다사503457,37.50969387,126.9382151,279
다사535429,37.48462331,126.9745982,263
다사490437,37.49159658,126.9236449,819
다사491458,37.51052984,126.9246309,311
다사494447,37.50063179,126.9281009,405
다사506453,37.50610468,126.9416362,525
다사483441,37.49516297,126.9156987,366
다사506456,37.50880865,126.9416161,137
다사502460,37.51239245,126.9370633,213
다사512458,37.51064319,126.9483914,314
다사505461,37.5133099,126.940451,394
다사514460,37.51245638,126.9506411,0
다사491457,37.50962852,126.9246378,304
다사522455,37.50799151,126.9597255,251
다사510453,37.50612598,126.9461618,340
다사505458,37.51060594,126.9404712,116
다사499449,37.50246169,126.9337438,303
다사524431,37.48636998,126.9621435,86
다사528450,37.50351573,126.9665461,110
다사510443,37.49711274,126.9462284,340
다사528431,37.4863905,126.9666679,286
다사540428,37.48374699,126.9802597,346
다사538422,37.47832903,126.9780353,289
다사541440,37.49456794,126.981316,275
다사496448,37.50154405,126.9303566,295
다사537421,37.47742269,126.9769106,346
다사492457,37.50963402,126.9257692,507
다사528432,37.48729182,126.9666615,299
다사514452,37.50524579,126.9506939,99
다사513455,37.5079445,126.9495427,751
다사539424,37.48013668,126.9791537,442
다사499440,37.49434978,126.933805,281
다사540443,37.49726696,126.9801661,189
다사479439,37.49333786,126.911188,138
다사522456,37.50889284,126.959719,70
다사476432,37.48701166,126.9078442,162
다사506455,37.50790732,126.9416228,44
다사510459,37.51153392,126.9461218,343
다사535439,37.49363661,126.974535,119
다사505453,37.50609932,126.9405049,51
다사527431,37.48638538,126.9655368,490
다사511450,37.50342731,126.9473131,73
다사512451,37.50433392,126.9484378,415
다사509445,37.49891008,126.9450838,275
다사505460,37.51240858,126.9404578,148
다사506454,37.507006,126.9416295,0
다사481442,37.49605308,126.9134292,474
다사497442,37.49614156,126.9315289,368
다사482439,37.49335473,126.9145816,507
다사492441,37.49521289,126.9258797,433
다사517441,37.49534694,126.9541603,56
다사541439,37.49366661,126.9813223,17
다사514441,37.49533122,126.9507666,454
다사534421,37.47740762,126.9735177,476
다사481436,37.49064516,126.9134715,0
다사496440,37.49433347,126.9304114,405
다사539434,37.48915,126.9790911,700
다사489444,37.49790031,126.9224652,67
다사504457,37.50969925,126.9393465,208
다사518445,37.49895747,126.9552653,454
다사492455,37.50783138,126.925783,474
다사508457,37.50972064,126.9438723,275
다사501444,37.4979659,126.9360403,384
다사529432,37.48729693,126.9677926,242
다사495462,37.51415708,126.9291292,458
다사523446,37.49988475,126.9609152,296
다사509449,37.50251538,126.9450571,254
다사512455,37.50793922,126.9484113,185
다사542443,37.49727689,126.9824286,315
다사505454,37.50700065,126.9404981,249
다사480437,37.49154086,126.9123333,522
다사531452,37.50533367,126.9699274,9
다사516454,37.50705894,126.9529435,353
다사474432,37.4870003,126.9055821,110
다사520456,37.50888246,126.9574561,206
다사524438,37.49267928,126.9620982,539
다사508449,37.50251006,126.9439258,313
다사515455,37.50795502,126.9518056,180
다사524455,37.50800184,126.9619883,142
다사501457,37.50968309,126.9359522,104
다사527432,37.48728671,126.9655303,436
다사515443,37.49713912,126.9518846,269
다사498453,37.50606155,126.9325852,146
다사503462,37.51420048,126.9381813,452
다사483442,37.49606429,126.9156917,284
다사523452,37.5052927,126.9608763,0
다사498447,37.50065362,126.9326261,71
다사502438,37.49256335,126.9372122,0
다사530430,37.48549936,126.9689364,168
다사490441,37.49520187,126.9236172,211
다사507453,37.50611002,126.9427676,525
다사511459,37.51153922,126.9472533,363
다사508448,37.50160873,126.9439324,466
다사501460,37.51238705,126.9359318,177
다사491453,37.50602324,126.9246655,193
다사492456,37.5087327,126.9257761,492
다사490442,37.49610319,126.9236103,346
다사498450,37.50335758,126.9326056,348
다사514445,37.49893652,126.9507402,203
다사523457,37.50979933,126.9608439,484
다사492438,37.49250892,126.9259004,193
다사513463,37.51515508,126.9494898,48
다사542440,37.4945729,126.9824472,100
다사499446,37.49975772,126.9337642,317
다사527454,37.50711592,126.965389,116
다사528453,37.50621971,126.9665268,341
다사499450,37.50336301,126.933737,308
다사481435,37.48974384,126.9134786,252
다사493445,37.49882367,126.9269833,811
다사528430,37.48548917,126.9666743,116
다사509446,37.49981141,126.9450771,278
다사502455,37.50788584,126.9370972,11
다사526433,37.48818292,126.9643928,180
다사502445,37.49887262,126.9371648,151
다사534451,37.50444752,126.9733279,20
다사502450,37.50337923,126.937131,0
다사504455,37.5078966,126.93936,6
다사524441,37.49538327,126.9620789,6
다사529452,37.50532349,126.9676646,0
다사530453,37.50622991,126.9687896,107
다사539423,37.47923535,126.97916,380
다사517440,37.49444562,126.9541668,235
다사509444,37.49800876,126.9450904,412
다사497455,37.50785875,126.9314401,81
다사533435,37.49002121,126.972298,448
다사495460,37.51235444,126.929143,792
다사496442,37.49613612,126.9303977,401
다사494441,37.49522386,126.9281421,285
다사499453,37.50606698,126.9337165,161
다사477434,37.48881997,126.9089611,419
다사493446,37.49972499,126.9269765,496
다사507445,37.49889943,126.9428212,382
다사516446,37.49984834,126.9529962,336
다사512440,37.49441935,126.9485108,249
다사490443,37.49700451,126.9236034,658
다사492440,37.49431157,126.9258866,326
다사539440,37.49455798,126.9790536,309
다사518437,37.49174686,126.9553177,92
다사498441,37.49524568,126.932667,407
다사501459,37.51148573,126.9359386,104
다사535436,37.49093262,126.974554,583
다사530436,37.49090733,126.9688981,135
다사502446,37.49977394,126.9371581,143
다사497439,37.4934376,126.9315494,326
다사523448,37.5016874,126.9609023,110
다사478433,37.4879243,126.9100993,287
다사489446,37.49970295,126.9224513,123
다사518454,37.5070694,126.9552064,20
다사524432,37.48727131,126.962137,11
다사490445,37.49880716,126.9235895,401
다사526435,37.48998558,126.9643799,357
다사496446,37.4997414,126.9303703,167
다사527453,37.5062146,126.9653954,281
다사496459,37.51145858,126.9302813,58
다사524436,37.49087663,126.9621112,334
다사539420,37.47653135,126.9791787,0
다사536432,37.48733233,126.9757103,259
다사531451,37.50443234,126.9699338,0
다사513460,37.51245111,126.9495096,0
다사495447,37.50063727,126.9292322,334
다사505452,37.505198,126.9405116,27
다사511457,37.50973658,126.9472666,639
다사498439,37.49344303,126.9326806,362
다사532452,37.50533874,126.9710588,10
다사520440,37.49446125,126.9575605,322
다사509451,37.50431803,126.9450437,341
다사500454,37.50697372,126.9348411,125
다사525434,37.48907912,126.9632552,350
다사493444,37.49792235,126.9269902,253
다사507458,37.51061663,126.9427341,116
다사506457,37.50970997,126.9416094,207
다사524448,37.50169256,126.9620336,53
다사509452,37.50521935,126.9450371,33
다사501458,37.51058441,126.9359454,99
다사516456,37.50886159,126.9529304,44
다사512449,37.50253127,126.9484511,118
다사491449,37.50241796,126.9246931,391
다사522451,37.50438621,126.9597515,307
다사541431,37.48645596,126.9813721,31
다사491456,37.5087272,126.9246447,733
다사541433,37.48825862,126.9813596,114
다사476433,37.48791298,126.9078371,365
다사531438,37.49271507,126.9700166,8
다사509456,37.50882464,126.9450104,407
다사516452,37.50525629,126.9529567,168
다사525447,37.50079638,126.9631714,156
다사494460,37.51234896,126.9280115,306
다사492443,37.49701553,126.9258659,408
다사506462,37.51421658,126.9415758,11
다사508456,37.50881932,126.943879,35
다사478435,37.48972694,126.9100852,227
다사496445,37.49884008,126.9303772,232
다사489441,37.49519635,126.922486,144
다사492454,37.50693006,126.9257899,276
다사521443,37.49717042,126.9586722,0
다사535424,37.48011665,126.9746297,314
다사496443,37.49703744,126.9303909,397
다사533431,37.48641589,126.9723233,448
다사529454,37.50712614,126.9676518,294
다사477431,37.48611601,126.9089824,138
다사498443,37.49704833,126.9326534,429
다사475433,37.48790731,126.906706,501
다사478438,37.4924309,126.9100639,310
다사515453,37.50615237,126.9518187,264
다사513447,37.5007339,126.9495957,125
다사542442,37.49637556,126.9824348,109
다사476436,37.49061694,126.9078158,7
다사511458,37.5106379,126.9472599,260
다사479432,37.48702862,126.9112375,55
다사501441,37.49526193,126.9360607,383
다사531433,37.48820842,126.9700484,459
다사531435,37.49001108,126.9700357,280
다사541425,37.48104797,126.9814095,82
다사499460,37.51237622,126.9336689,211
다사507456,37.50881399,126.9427475,0
다사506450,37.50340071,126.9416564,626
다사504460,37.51240321,126.9393263,34
다사511448,37.50162466,126.9473264,281
다사512456,37.50884054,126.9484047,439
다사519439,37.49355472,126.9564358,173
다사493448,37.50152763,126.9269627,392
다사502441,37.49526732,126.9371919,415
다사502449,37.50247791,126.9371378,30
다사534428,37.48371694,126.9734734,70
다사518448,37.50166145,126.9552457,200
다사518455,37.50797072,126.9551998,42
다사498449,37.50245626,126.9326124,283
다사501442,37.49616325,126.9360539,296
다사519441,37.49535738,126.9564227,81
다사539437,37.49185399,126.9790724,209
다사533452,37.5053438,126.9721901,0
다사517449,37.50255755,126.9541078,292
다사533432,37.48731722,126.972317,171
다사490452,37.5051164,126.923541,292
다사537429,37.48463335,126.9768603,33
다사519455,37.50797594,126.9563312,194
다사506459,37.51151261,126.941596,229
다사511454,37.50703261,126.9472865,773
다사517455,37.5079655,126.9540684,66
다사530426,37.48189403,126.968962,64
다사528454,37.50712104,126.9665204,131
다사540432,37.48735232,126.9802348,130
다사534422,37.47830896,126.9735114,473
다사508462,37.51422726,126.9438388,0
다사533426,37.48190924,126.972355,180
다사534433,37.4882236,126.9734418,450
다사503447,37.50068065,126.9382826,319
다사492449,37.50242346,126.9258245,436
다사499451,37.50426433,126.9337302,248
다사524454,37.50710051,126.9619948,97
다사513452,37.50524052,126.9495626,153
다사539422,37.47833402,126.9791662,253
다사503441,37.49527271,126.9383231,321
다사502458,37.51058981,126.9370769,232
다사479434,37.48883126,126.9112234,211
다사529429,37.48459294,126.9678117,240
다사493449,37.50242895,126.9269558,364
다사515448,37.50164575,126.9518517,252
다사514450,37.50344314,126.9507072,411
다사530451,37.50442726,126.9688024,7
다사480440,37.49424482,126.9123121,511
다사507446,37.49980076,126.9428145,171
다사500459,37.51148032,126.9348071,6
다사518438,37.49264819,126.9553111,417
다사529425,37.48098761,126.9678373,120
다사507451,37.50430737,126.942781,596
다사505450,37.50339536,126.940525,0
다사508445,37.49890476,126.9439525,61
다사503440,37.49437138,126.9383299,149
다사504440,37.49437676,126.9394611,0
다사490446,37.49970848,126.9235826,225
다사529438,37.4927049,126.9677542,159
다사520453,37.50617849,126.9574757,0
다사532451,37.50443741,126.9710651,7
다사509459,37.51152861,126.9449904,185
다사510450,37.50342201,126.9461818,319
다사524446,37.4998899,126.9620465,110
다사503458,37.51059519,126.9382083,309
다사519459,37.51158123,126.9563051,237
다사502457,37.50968849,126.9370836,203
다사501461,37.51328837,126.935925,20
다사501443,37.49706458,126.9360471,260
다사475432,37.48700599,126.9067131,603
다사533433,37.48821855,126.9723107,273
다사492447,37.50062082,126.9258383,133
다사541430,37.48555463,126.9813783,41
다사498445,37.49885097,126.9326397,323
다사497453,37.50605611,126.9314538,8
다사501448,37.50157119,126.9360132,329
다사494456,37.50874368,126.928039,87
다사509458,37.51062729,126.944997,309
다사493440,37.49431706,126.9270178,71
다사534423,37.47921029,126.973505,347
다사526448,37.50170284,126.9642962,354
다사536438,37.49274031,126.9756725,74
다사493459,37.51144216,126.9268869,136
다사500442,37.49615785,126.9349226,284
다사498455,37.50786419,126.9325715,141
다사478437,37.49152958,126.910071,0
다사493456,37.5087382,126.9269076,0
다사497460,37.51236535,126.9314059,504
다사481441,37.49515176,126.9134363,9
다사528455,37.50802237,126.966514,572
다사524433,37.48817264,126.9621306,321
다사516451,37.50435497,126.9529633,421
다사511460,37.51244054,126.9472467,211
다사532428,37.48370684,126.9712113,281
다사534431,37.48642094,126.9734544,146
다사540425,37.481043,126.9802785,269
다사497456,37.50876007,126.9314333,101
다사477433,37.48791865,126.9089682,263
다사515441,37.49533647,126.9518978,437
다사540436,37.49095764,126.9802098,233
다사482442,37.49605869,126.9145605,341
다사491437,37.4916021,126.9247761,392
다사509461,37.51333126,126.944977,92
다사523440,37.49447678,126.9609541,13
다사481434,37.48884252,126.9134856,84
다사511461,37.51334187,126.94724,188
다사508463,37.51512858,126.9438321,0
다사499452,37.50516565,126.9337233,288
다사516441,37.49534171,126.953029,312
다사501452,37.50517648,126.9359861,471
다사541443,37.49727193,126.9812973,257
다사497449,37.50245082,126.9314811,276
다사474433,37.48790162,126.9055749,276
다사502451,37.50428055,126.9371242,162
다사503450,37.50338462,126.9382623,70
다사475431,37.48610467,126.9067203,444
다사509450,37.5034167,126.9450504,273
다사502453,37.5060832,126.9371107,97
다사523449,37.50258873,126.9608958,146
다사512446,37.4998273,126.948471,120
다사481433,37.48794119,126.9134927,21
다사538421,37.47742769,126.9780415,243
다사495457,37.50965048,126.9291635,539
다사510445,37.49891539,126.9462151,208
다사514444,37.49803519,126.9507468,251
다사541436,37.49096262,126.981341,179
다사536428,37.483727,126.9757355,34
다사510455,37.50792863,126.9461485,115
다사517450,37.50345888,126.9541012,252
다사494458,37.51054632,126.9280252,73
다사497444,37.49794421,126.9315153,316
다사490455,37.50782036,126.9235202,291
다사477436,37.49062261,126.9089469,176
다사491450,37.50331928,126.9246862,421
다사515458,37.51065899,126.9517858,397
다사520448,37.50167186,126.9575083,284
다사534426,37.48191428,126.9734861,332
다사523453,37.50619403,126.9608699,0
다사532432,37.48731216,126.9711859,521
다사498448,37.50155494,126.9326193,116
다사534434,37.48912493,126.9734355,584
다사529424,37.48008628,126.9678437,79
다사530421,37.47738738,126.9689938,221
다사521457,37.50978898,126.958581,105
다사541424,37.48014663,126.9814157,17
다사507443,37.49709678,126.9428346,84
다사531436,37.49091241,126.9700293,349
다사482438,37.49245341,126.9145886,0
다사535420,37.47651133,126.974655,110
다사507455,37.50791267,126.9427542,7
다사540431,37.48645099,126.980241,259
다사531423,37.47919512,126.9701121,518
다사504443,37.49708073,126.9394409,285
다사503445,37.498878,126.9382961,165
다사540439,37.49366164,126.980191,170
다사536420,37.47651635,126.9757859,98
다사511442,37.49621671,126.9473663,109
다사514462,37.51425903,126.9506279,613
다사516444,37.49804569,126.9530093,252
다사509448,37.50161405,126.9450638,138
다사510448,37.50161936,126.9461951,269
다사509441,37.49530478,126.9451104,240
다사536433,37.48823366,126.975704,587
다사537439,37.49364666,126.9767974,156
다사483443,37.49696561,126.9156847,14
다사536439,37.49364164,126.9756662,124
다사506448,37.50159806,126.9416698,252
다사530424,37.48009137,126.9689747,309
다사503456,37.50879255,126.9382218,185
다사507454,37.50701134,126.9427609,220
다사515440,37.49443514,126.9519044,290
다사495442,37.49613066,126.9292665,528
다사512453,37.50613657,126.9484246,327
다사514459,37.51155506,126.9506477,15
다사495450,37.50334123,126.9292116,208
다사501446,37.49976854,126.9360268,264
다사488447,37.50059874,126.9213131,19
다사511456,37.50883525,126.9472732,347
다사522457,37.50979416,126.9597125,165
다사518446,37.4998588,126.9552587,369
다사519458,37.51067991,126.9563116,179
다사532427,37.48280551,126.9712177,339
다사502456,37.50878716,126.9370904,285
다사515457,37.50975767,126.9517924,679
다사506449,37.50249939,126.9416631,396
다사525449,37.50259903,126.9631585,202
다사507441,37.49529413,126.942848,116
다사515456,37.50885634,126.951799,146
다사504456,37.50879793,126.9393532,125
다사513453,37.50614185,126.949556,253
다사529428,37.48369161,126.9678181,334
다사541441,37.49546927,126.9813098,0
다사517454,37.50706418,126.954075,231
다사518439,37.49354951,126.9553046,365
다사525436,37.49088177,126.9632423,393
다사500450,37.50336843,126.9348683,243
다사506447,37.50069674,126.9416765,258
다사532425,37.48100285,126.9712304,342
다사491454,37.50692456,126.9246586,459
다사541435,37.49006128,126.9813472,265
다사506442,37.49619012,126.9417101,58
다사474430,37.48519766,126.9055963,90
다사495443,37.49703198,126.9292596,481
다사514454,37.50704844,126.9506807,322
다사503448,37.50158197,126.9382758,72
다사512457,37.50974187,126.948398,359
다사526434,37.48908425,126.9643864,133
다사517452,37.50526153,126.9540881,51
다사515444,37.49804045,126.951878,76
다사508451,37.50431271,126.9439124,366
다사516443,37.49714436,126.9530159,100
다사527451,37.50441194,126.9654083,91
다사506444,37.49799277,126.9416966,462
다사532454,37.50714139,126.971046,95
다사500452,37.50517107,126.9348547,405
다사538430,37.48553968,126.9779851,254
다사515442,37.49623779,126.9518912,295
다사532419,37.47559486,126.9712685,58
다사532431,37.48641083,126.9711922,266
다사541428,37.48375196,126.9813908,280
다사506452,37.50520335,126.941643,311
다사521446,37.4998744,126.9586526,287
다사511453,37.50613128,126.9472932,192
다사538437,37.491849,126.9779412,275
다사536423,37.47922035,126.975767,422
다사540424,37.48014166,126.9802847,307
다사507444,37.49799811,126.9428279,392
다사500451,37.50426975,126.9348615,363
다사537438,37.49274533,126.9768037,191
다사538446,37.49996097,126.9778847,0
다사519456,37.50887726,126.9563247,146
다사522453,37.50618886,126.9597385,38
다사495441,37.49522933,126.9292733,332
다사541438,37.49276528,126.9813285,150
다사505446,37.49979006,126.9405519,246
다사508442,37.49620079,126.9439725,317
다사489442,37.49609767,126.9224791,236
다사526451,37.50440682,126.9642769,0
다사515454,37.5070537,126.9518121,250
다사530438,37.49270999,126.9688854,155
다사477435,37.48972129,126.908954,249
다사500446,37.49976314,126.9348955,184
다사534425,37.48101295,126.9734924,315
다사492460,37.51233798,126.9257485,0
다사479437,37.49153522,126.9112021,214
다사517447,37.5007549,126.9541209,397
다사509443,37.49710743,126.9450971,342
다사505459,37.51150726,126.9404645,29
다사510444,37.49801407,126.9462217,272
다사513443,37.4971286,126.9496221,99
다사480434,37.48883689,126.9123545,238
다사517437,37.49174164,126.9541865,218
다사540437,37.49185897,126.9802035,155
다사515459,37.51156032,126.9517792,249
다사536435,37.49003632,126.9756914,785
다사503460,37.51239784,126.9381948,538
다사528426,37.48188385,126.9666999,151
다사492445,37.49881818,126.9258521,351
다사517459,37.5115708,126.9540421,170
다사501451,37.50427516,126.9359929,243
다사509442,37.49620611,126.9451038,417
다사526453,37.50620947,126.964264,271
다사537420,37.47652136,126.9769168,0
다사528438,37.4926998,126.966623,6
다사506461,37.51331526,126.9415825,29
다사527452,37.50531327,126.9654019,482
다사488444,37.49789477,126.9213339,224
다사512441,37.49532067,126.9485041,355
다사515439,37.49353382,126.951911,132
다사500447,37.50066446,126.9348887,400
다사542441,37.49547423,126.982441,9
다사496458,37.51055726,126.9302881,223
다사537432,37.48733734,126.9768414,428
다사494442,37.49612518,126.9281352,270
다사506460,37.51241393,126.9415892,810
다사512454,37.50703789,126.9484179,393
다사541429,37.48465329,126.9813846,14
다사498438,37.49254171,126.9326874,9
다사510454,37.50702731,126.9461551,633
다사501454,37.50697912,126.9359725,0
다사480442,37.49604746,126.912298,353
다사506446,37.49979541,126.9416832,425
다사500458,37.510579,126.9348139,10
다사497457,37.50966139,126.9314264,299
다사497458,37.51056271,126.9314196,434
다사502452,37.50518188,126.9371175,117
다사510462,37.51423789,126.9461018,0
다사493447,37.50062631,126.9269696,230
다사540423,37.47924033,126.980291,225
다사524434,37.48907397,126.9621241,534
다사505456,37.50880329,126.9404847,56
다사538432,37.48734235,126.9779725,444
다사491441,37.49520739,126.9247485,261
다사535435,37.49003129,126.9745603,310
다사537426,37.48192935,126.9768791,412
다사495446,37.49973594,126.929239,90
다사515449,37.50254707,126.9518451,396
다사525456,37.50890831,126.9631133,0
다사497443,37.49704289,126.9315221,290
다사507449,37.50250473,126.9427944,355
다사498442,37.496147,126.9326602,302
다사488446,37.49969742,126.92132,32
다사511451,37.50432863,126.9473065,178
다사533425,37.4810079,126.9723614,353
다사531427,37.48280044,126.9700866,275
다사520438,37.49265859,126.9575735,252
다사523438,37.49267413,126.9609671,69
다사509447,37.50071273,126.9450704,237
다사539436,37.49095266,126.9790786,290
다사522448,37.50168223,126.9597709,407
다사479435,37.48973258,126.9112163,302
다사518460,37.51247734,126.955167,104
다사493443,37.49702102,126.9269971,542
다사531425,37.48099778,126.9700993,369
다사519461,37.51338388,126.956292,8
다사538429,37.48463835,126.9779914,172
다사506451,37.50430203,126.9416497,103
다사529433,37.48819826,126.9677862,387
다사513444,37.49802993,126.9496155,165
다사531434,37.48910975,126.970042,408
다사484443,37.4969712,126.9168159,594
다사523455,37.50799668,126.9608569,66
다사492459,37.51143666,126.9257554,415
다사539431,37.48644601,126.9791099,343
다사488445,37.4987961,126.921327,321
다사532429,37.48460817,126.9712049,232
다사492439,37.49341024,126.9258935,166
다사535422,37.47831399,126.9746423,395
다사515451,37.50434972,126.9518319,375
다사503455,37.50789123,126.9382286,45
다사488443,37.49699345,126.9213409,192
다사539439,37.49365665,126.9790598,703
다사530428,37.4836967,126.9689492,264
다사516440,37.49444039,126.9530356,127
다사521438,37.49266378,126.9587047,225
다사478431,37.48612166,126.9101135,28
다사523459,37.51160198,126.960831,25
다사507457,37.50971531,126.9427408,227
다사503453,37.50608858,126.9382421,309
다사537425,37.48102802,126.9768854,285
다사526449,37.50260417,126.9642898,156
다사538440,37.49455299,126.9779224,114
다사502447,37.50067526,126.9371513,158
다사507447,37.50070208,126.9428078,609
다사535432,37.4873273,126.9745792,185
다사538435,37.49004634,126.9779537,398
다사517458,37.51066947,126.9540487,159
다사514446,37.49983784,126.9507336,203
다사536434,37.48913499,126.9756977,344
다사509455,37.50792332,126.9450171,468
다사540430,37.48554966,126.9802473,223
다사497440,37.49433892,126.9315426,409
다사526437,37.49178823,126.9643671,37
다사542434,37.48916491,126.9824846,8
다사512443,37.49712333,126.9484909,256
다사517446,37.49985357,126.9541275,298
다사508459,37.51152329,126.9438589,367
다사527456,37.50891858,126.9653761,0
다사500445,37.49886182,126.9349023,276
다사498440,37.49434436,126.9326738,381
다사476435,37.48971562,126.9078229,76
다사497445,37.49884553,126.9315084,360
다사533419,37.47559991,126.9723994,69
다사493439,37.49341574,126.9270247,0
다사511446,37.49982201,126.9473397,298
다사525450,37.50350036,126.963152,0
다사514453,37.50614712,126.9506873,216
다사502439,37.49346468,126.9372054,37
다사480435,37.48973822,126.9123474,224
다사529430,37.48549427,126.9678054,189
다사530437,37.49180866,126.9688918,321
다사528451,37.50441706,126.9665397,293
다사508443,37.49710211,126.9439659,214
다사516455,37.50796027,126.952937,302
다사539430,37.48554468,126.9791162,278
다사478439,37.49333222,126.9100568,163
다사531426,37.48189911,126.970093,309
다사538425,37.48103302,126.9780164,356
다사491452,37.50512192,126.9246724,279
다사513458,37.51064847,126.9495229,129
다사527434,37.48908937,126.9655175,81
다사495458,37.5105518,126.9291567,201
다사489447,37.50060427,126.9224444,41
다사532436,37.49091748,126.9711605,144
다사519457,37.50977859,126.9563181,7
다사520454,37.50707981,126.9574692,149
다사511443,37.49711804,126.9473596,244
다사505444,37.49798741,126.9405654,354
다사531424,37.48009645,126.9701057,384
다사496441,37.49523479,126.9304046,362
다사498456,37.50876551,126.9325647,44
다사516448,37.50165099,126.952983,349
다사500444,37.49796049,126.9349091,229
다사542444,37.49817822,126.9824224,312
다사504448,37.50158735,126.9394072,114
다사519452,37.50527196,126.9563508,85
다사532426,37.48190418,126.971224,334
다사490454,37.50691904,126.9235272,798
다사510447,37.50071804,126.9462017,715
다사530422,37.47828871,126.9689875,84
다사520439,37.49355992,126.957567,684
다사496439,37.49343215,126.9304182,82
다사492448,37.50152214,126.9258314,356
다사519460,37.51248256,126.9562985,79
다사512452,37.50523525,126.9484312,478
다사505448,37.50159271,126.9405385,157
다사523451,37.50439138,126.9608828,140
다사514457,37.50975241,126.9506609,278
다사529434,37.48909958,126.9677798,224
다사514451,37.50434447,126.9507006,217
다사525453,37.50620434,126.9631326,12
다사522454,37.50709019,126.959732,62
다사517457,37.50976815,126.9540553,225
다사514463,37.51516035,126.9506213,396
다사511444,37.49801936,126.947353,250
다사517438,37.49264296,126.9541799,338
다사496457,37.50965594,126.930295,142
다사540422,37.478339,126.9802972,254
다사538423,37.47923036,126.978029,326
다사515445,37.49894177,126.9518715,134
다사503443,37.49707535,126.9383096,280
다사496444,37.49793876,126.930384,483
다사534427,37.48281561,126.9734797,111
다사535434,37.48912996,126.9745666,212
다사500443,37.49705917,126.9349159,262
다사510451,37.50432334,126.9461751,113
다사500440,37.4943552,126.9349362,359
다사494443,37.49702651,126.9281284,234
다사531428,37.48370177,126.9700802,254
다사534430,37.48551961,126.9734608,196
다사535423,37.47921532,126.974636,403
다사492446,37.4997195,126.9258452,103
다사526447,37.50080151,126.9643027,125
다사511449,37.50252599,126.9473198,250
다사503444,37.49797668,126.9383029,232
다사535426,37.48191932,126.9746171,313
다사512459,37.51154451,126.9483848,180
다사511445,37.49892069,126.9473463,111
다사495459,37.51145312,126.9291498,636
다사514447,37.50073917,126.950727,301
다사532437,37.49181881,126.9711541,20
다사537430,37.48553468,126.976854,16
다사533420,37.47650125,126.9723931,218
다사498451,37.5042589,126.9325988,192
다사539435,37.49005133,126.9790849,261
다사536426,37.48192434,126.9757481,254
다사524444,37.49808725,126.9620595,0
다사493462,37.51414612,126.9268662,170
다사489450,37.50330823,126.9224235,321
다사499444,37.49795508,126.9337778,320
다사539432,37.48734734,126.9791037,657
다사521455,37.50798633,126.9585941,330
다사502443,37.49706997,126.9371784,337
다사507461,37.5133206,126.942714,61
다사532424,37.48010152,126.9712367,262
다사540435,37.49005631,126.980216,259
다사526454,37.5071108,126.9642576,183
다사518452,37.50526675,126.9552195,122
다사510458,37.5106326,126.9461285,212
다사508441,37.49529946,126.9439792,307
다사490453,37.50601772,126.9235341,429
다사535428,37.48372198,126.9746045,20
다사503452,37.50518726,126.9382488,433
다사518441,37.49535217,126.9552915,106
다사531429,37.4846031,126.9700739,151
다사537427,37.48283069,126.9768729,267
다사514449,37.50254182,126.9507138,351
다사526457,37.50981478,126.9642383,6
다사515462,37.51426429,126.9517594,80
다사477432,37.48701733,126.9089753,272
다사499442,37.49615243,126.9337914,256
다사490451,37.50421508,126.9235479,398
다사520455,37.50798114,126.9574626,339
다사518447,37.50076012,126.9552522,396
다사490456,37.50872168,126.9235133,178
다사491446,37.49971399,126.9247139,252
다사489443,37.49699899,126.9224721,374
다사504447,37.50068602,126.9394139,290
다사501447,37.50066987,126.93602,375
다사500460,37.51238164,126.9348004,137
다사515450,37.5034484,126.9518385,354
다사500453,37.50607239,126.9348479,161
다사530435,37.490006,126.9689045,73
다사521449,37.50257838,126.9586331,316
다사528439,37.49360113,126.9666166,0
다사517460,37.51247212,126.9540356,0
다사498444,37.49794965,126.9326465,330
다사521447,37.50077572,126.9586461,484
다사510456,37.50882995,126.9461418,375
다사502461,37.51329377,126.9370565,0
다사530454,37.50713124,126.9687832,226
다사510449,37.50252069,126.9461884,220
다사494444,37.49792783,126.9281215,116
다사505443,37.49708609,126.9405721,104
다사529427,37.48279028,126.9678245,278
다사522459,37.51159681,126.9596995,98
다사541426,37.4819493,126.9814033,79
다사520445,37.49896788,126.9575279,28
다사524457,37.50980449,126.9619754,508
다사495449,37.50243991,126.9292184,399
다사504441,37.49527808,126.9394543,200
다사518458,37.5106747,126.9551802,375
다사501445,37.49886722,126.9360335,306
다사513457,37.50974714,126.9495295,529
다사518457,37.50977337,126.9551867,225
다사534424,37.48011162,126.9734987,372
다사501439,37.49345928,126.9360742,110
다사538439,37.49365166,126.9779286,312
다사531420,37.47649113,126.9701312,111
다사536437,37.49183898,126.9756788,244
다사522447,37.5007809,126.9597774,399
다사509462,37.51423258,126.9449703,0
다사516439,37.49353906,126.9530422,265
다사520451,37.50437584,126.9574887,122
다사506441,37.49528879,126.9417168,336
다사524453,37.50619919,126.9620013,331
다사508458,37.51062197,126.9438656,368
다사537437,37.49184399,126.97681,178
다사514443,37.49713387,126.9507534,129
다사496460,37.5123599,126.9302744,171
다사517448,37.50165623,126.9541143,239
다사502448,37.50157659,126.9371445,164
다사509460,37.51242993,126.9449837,289
다사529437,37.49180357,126.9677606,47
다사536425,37.48102301,126.9757544,412
다사499439,37.49344846,126.9338118,388
다사519445,37.49896268,126.9563966,107
다사521458,37.5106903,126.9585745,73
다사536436,37.49093765,126.9756851,292
다사491445,37.49881267,126.9247208,248
다사519444,37.49806136,126.9564031,201
다사515447,37.50074442,126.9518583,388
다사537424,37.48012669,126.9768917,454
다사542435,37.49006624,126.9824783,61
다사499443,37.49705375,126.9337846,316
다사504442,37.4961794,126.9394476,125
다사540438,37.49276031,126.9801973,396
다사530429,37.48459803,126.9689428,223
다사505455,37.50790197,126.9404914,43
다사510457,37.50973128,126.9461352,303
다사510442,37.49621142,126.946235,357
다사480438,37.49244218,126.9123262,254
다사516436,37.49083508,126.9530619,0
다사507438,37.49259016,126.9428681,0
다사518453,37.50616807,126.9552129,78
다사522446,37.49987958,126.9597839,171
다사533427,37.48281057,126.9723487,230
다사480439,37.4933435,126.9123192,691
다사531431,37.48640576,126.9700611,366
다사498454,37.50696287,126.9325783,281
다사532421,37.47739752,126.9712558,363
다사495456,37.50874916,126.9291704,105
다사496456,37.50875462,126.9303018,439
다사513454,37.50704317,126.9495493,365
다사539438,37.49275532,126.9790661,201
다사505462,37.51421122,126.9404443,0
다사513456,37.50884582,126.9495361,285
다사505445,37.49888874,126.9405587,268
다사509440,37.49440346,126.9451171,68
다사540440,37.49456297,126.9801848,196
다사490450,37.50331376,126.9235549,343
다사538427,37.48283569,126.9780039,111
다사530434,37.48910467,126.9689109,86
다사537428,37.48373202,126.9768666,36
다사537423,37.47922536,126.976898,410
다사512461,37.51334716,126.9483715,13
다사539425,37.48103802,126.9791475,365
다사534452,37.50534885,126.9733215,75
다사513446,37.49983258,126.9496023,388
다사478436,37.49062826,126.9100781,123
다사518456,37.50887205,126.9551933,39
다사540427,37.48284566,126.980266,317
다사520460,37.51248776,126.95743,0
다사516438,37.49263773,126.9530487,128
다사496461,37.51326122,126.9302676,260
다사507442,37.49619546,126.9428413,124
다사533421,37.47740258,126.9723867,403
다사531453,37.50623499,126.969921,375
다사536431,37.486431,126.9757166,26
다사494446,37.49973047,126.9281077,108
다사534435,37.49002626,126.9734291,179
다사507440,37.49439281,126.9428547,71
다사513445,37.49893125,126.9496089,456
다사521439,37.49356511,126.9586982,214
다사542436,37.49096758,126.9824721,20
다사497454,37.50695743,126.9314469,0
다사525448,37.5016977,126.9631649,1794
다사508447,37.50070741,126.9439391,78
다사529431,37.4863956,126.967799,220
다사521454,37.507085,126.9586006,89
다사504446,37.4997847,126.9394206,313
다사505442,37.49618477,126.9405788,284
다사517445,37.49895225,126.954134,263
다사513441,37.49532595,126.9496353,427
다사494450,37.50333576,126.9280802,44
다사519437,37.49175207,126.9564488,268
다사489452,37.50511088,126.9224096,25
다사536422,37.47831901,126.9757733,405
다사533429,37.48461323,126.972336,83
다사480433,37.48793557,126.9123616,161
다사474431,37.48609898,126.9055892,413
다사497459,37.51146403,126.9314127,126
다사480436,37.49063954,126.9123404,58
다사541423,37.4792453,126.981422,23
다사541444,37.49817326,126.9812911,184
다사479433,37.48792994,126.9112304,246
다사497441,37.49524024,126.9315358,352
다사519446,37.49986401,126.95639,59
다사493441,37.49521838,126.9270109,291
다사475430,37.48520335,126.9067274,9
다사491442,37.49610871,126.9247415,446
다사491455,37.50782588,126.9246516,254
다사493460,37.51234348,126.92688,10
다사511452,37.50522996,126.9472998,520
다사507459,37.51151796,126.9427274,286
다사538433,37.48824368,126.9779663,62
다사540444,37.49816829,126.9801598,13
다사530425,37.4809927,126.9689683,302
다사504444,37.49798205,126.9394341,403
다사494449,37.50243444,126.9280871,391
다사504452,37.50519264,126.9393802,138
다사514461,37.5133577,126.9506345,0
다사541434,37.48915995,126.9813534,204
다사505449,37.50249403,126.9405318,163
다사508444,37.49800344,126.9439592,258
다사539426,37.48193935,126.9791412,32
다사533422,37.47830391,126.9723804,213
다사520449,37.50257319,126.9575018,132
다사531454,37.50713632,126.9699146,278
다사494462,37.5141516,126.9279977,148
다사513440,37.49442462,126.949642,152
다사500448,37.50156578,126.9348819,267
다사538438,37.49275033,126.9779349,312
다사508450,37.50341138,126.9439191,197
다사540426,37.48194433,126.9802722,198
다사528433,37.48819315,126.966655,87
다사493450,37.50333028,126.9269489,165
다사523456,37.50889801,126.9608504,29
다사497448,37.5015495,126.9314879,532
다사533428,37.4837119,126.9723424,121
다사539427,37.48284068,126.9791349,279
다사481440,37.49425044,126.9134433,396
다사496447,37.50064273,126.9303635,378
다사512450,37.5034326,126.9484445,88
다사532430,37.4855095,126.9711986,637
다사504445,37.49888338,126.9394274,234
다사505457,37.50970461,126.9404779,236
다사479440,37.49423918,126.9111809,271
다사507448,37.5016034,126.9428011,154
다사473430,37.48519197,126.9044653,139
다사529455,37.50802747,126.9676454,220
다사519440,37.49445605,126.9564292,280
다사513451,37.5043392,126.9495692,36
다사498460,37.51237079,126.9325374,26
다사523441,37.49537811,126.9609476,12
다사496450,37.50334669,126.9303429,90
다사473431,37.48609329,126.9044581,207
다사530427,37.48279536,126.9689556,374
다사503451,37.50428594,126.9382556,0
다사520443,37.49716523,126.9575409,54
다사500441,37.49525652,126.9349294,386
다사508452,37.50521403,126.9439057,225
다사526455,37.50801212,126.9642512,49
다사480441,37.49514614,126.9123051,857
다사508460,37.51242461,126.9438522,187
다사500439,37.49345388,126.934943,194
다사508446,37.49980609,126.9439458,11
다사519454,37.50707461,126.9563378,219
다사522458,37.51069549,126.959706,162
다사508455,37.507918,126.9438856,648
다사490436,37.49069526,126.9236519,335
다사509457,37.50972597,126.9450037,285
다사490438,37.49249791,126.923638,237
다사515438,37.49263249,126.9519176,
다사527425,37.4809774,126.9655753,
다사539444,37.4981633,126.9790285,
다사489435,37.48978842,126.9225277,
다사487441,37.49518527,126.9202236,
다사532448,37.50173343,126.9710842,
다사528425,37.48098252,126.9667063,
다사510440,37.49440877,126.9462483,
다사524440,37.49448194,126.9620853,
다사484435,37.48976063,126.916872,
다사509439,37.49350213,126.9451238,
다사536429,37.48462833,126.9757292,
다사523461,37.51340463,126.960818,
다사535438,37.49273528,126.9745413,
다사493464,37.51594875,126.9268524,
다사519443,37.49716003,126.9564096,
다사534450,37.50354619,126.9733342,
다사504463,37.51510718,126.939306,
다사511462,37.51424319,126.9472334,
다사537448,37.50175862,126.9767408,
다사536445,37.49904962,126.9756284,
다사526446,37.49990018,126.9643091,
다사525446,37.49989505,126.9631778,
다사518451,37.50436542,126.955226,
다사527436,37.49089203,126.9655047,
다사533450,37.50354114,126.9722028,
다사531419,37.47558979,126.9701375,
다사487438,37.4924813,126.9202445,
다사529439,37.49360623,126.9677478,
다사529423,37.47918495,126.9678501,
다사526458,37.5107161,126.9642318,
다사536450,37.50355626,126.9755969,
다사534443,37.49723689,126.9733785,
다사473432,37.48699461,126.904451,
다사479431,37.4861273,126.9112446,
다사525451,37.50440168,126.9631456,
다사516437,37.49173641,126.9530553,
다사537444,37.4981533,126.976766,
다사527445,37.49900398,126.9654468,
다사494463,37.51505292,126.9279908,
다사535453,37.50625522,126.9744466,
다사507439,37.49349148,126.9428614,
다사493454,37.50693556,126.9269213,
다사540453,37.50628025,126.9801036,
다사512465,37.51695245,126.948345,
다사524426,37.48186334,126.9621758,
다사521452,37.50528235,126.9586136,
다사519447,37.50076533,126.9563835,
다사520462,37.51429041,126.957417,
다사543445,37.4990845,126.9835474,
다사497463,37.51506931,126.9313854,
다사490435,37.48979394,126.9236588,
다사528442,37.49630511,126.9665974,
다사532456,37.50894405,126.9710333,
다사527446,37.49990531,126.9654404,
다사503438,37.49256873,126.9383434,
다사482436,37.49065077,126.9146027,
다사518443,37.49715482,126.9552784,
다사482443,37.49696001,126.9145534,
다사522462,37.51430078,126.95968,
다사521453,37.50618368,126.9586071,
다사498461,37.51327211,126.9325306,
다사512462,37.51424848,126.9483649,
다사527444,37.49810265,126.9654533,
다사525441,37.49538841,126.9632101,
다사521459,37.51159163,126.958568,
다사527441,37.49539867,126.9654725,
다사499459,37.5114749,126.9336757,
다사507463,37.51512324,126.9427006,
다사507464,37.51602456,126.9426939,
다사541422,37.47834397,126.9814282,
다사496454,37.50695198,126.9303155,
다사533445,37.4990345,126.9722346,
다사529443,37.49721154,126.9677222,
다사491460,37.51233248,126.924617,
다사524445,37.49898858,126.962053,
다사535433,37.48822863,126.9745729,
다사499456,37.50877094,126.9336961,
다사513459,37.51154979,126.9495162,
다사537451,37.5044626,126.976722,
다사501462,37.51418969,126.9359183,
다사489449,37.50240691,126.9224305,
다사536452,37.50535892,126.9755843,
다사511440,37.49441406,126.9473795,
다사536447,37.50085227,126.9756158,
다사529441,37.49540889,126.967735,
다사534444,37.49813822,126.9733722,
다사494451,37.50423708,126.9280734,
다사503454,37.50698991,126.9382353,
다사534449,37.50264486,126.9733405,
다사493453,37.50603424,126.9269282,
다사517461,37.51337344,126.954029,
다사489440,37.49429503,126.922493,
다사534447,37.50084221,126.9733532,
다사506439,37.49348614,126.9417302,
다사501464,37.51599234,126.9359047,
다사486441,37.49517971,126.9190924,
다사504449,37.50248867,126.9394004,
다사539450,37.50357128,126.978991,
다사485443,37.49697678,126.9179472,
다사519463,37.51518653,126.9562789,
다사516464,37.51607218,126.9528778,
다사526438,37.49268956,126.9643606,
다사500455,37.50787504,126.9348343,
다사517463,37.51517609,126.9540159,
다사517462,37.51427477,126.9540224,
다사537443,37.49725197,126.9767723,
다사540452,37.50537892,126.9801098,
다사525439,37.49358576,126.963223,
다사514464,37.51606167,126.9506147,
다사503439,37.49347006,126.9383366,
다사532450,37.50353608,126.9710715,
다사532441,37.49542413,126.9711287,
다사523437,37.4917728,126.9609735,
다사530447,37.50082195,126.9688279,
다사516458,37.51066424,126.9529172,
다사522443,37.4971756,126.9598034,
다사493452,37.50513292,126.9269351,
다사510463,37.51513921,126.9460952,
다사509463,37.5151339,126.9449637,
다사474434,37.48880294,126.9055678,
다사536454,37.50716157,126.9755717,
다사531442,37.49632039,126.9699911,
다사513438,37.49262197,126.9496552,
다사534438,37.49273025,126.9734101,
다사523428,37.48366084,126.9610318,
다사526443,37.4971962,126.9643284,
다사531455,37.50803765,126.9699083,
다사522439,37.49357029,126.9598294,
다사528423,37.47917985,126.9667191,
다사540448,37.5017736,126.9801348,
다사511463,37.51514451,126.9472267,
다사524458,37.51070582,126.9619689,
다사529450,37.50352084,126.9676774,
다사514466,37.51786432,126.9506015,
다사531439,37.4936164,126.9700102,
다사489438,37.49249238,126.9225068,
다사530439,37.49361132,126.968879,
다사529422,37.47828362,126.9678565,
다사486437,37.49157442,126.9191203,
다사495463,37.5150584,126.9291224,
다사528422,37.47827852,126.9667255,
다사543443,37.49728184,126.9835598,
다사528440,37.49450246,126.9666102,
다사495452,37.50514387,126.9291979,
다사481437,37.49154648,126.9134645,
다사536446,37.49995095,126.9756221,
다사537449,37.50265995,126.9767345,
다사544446,37.49999077,126.9846725,
다사522452,37.50528753,126.959745,
다사499461,37.51327754,126.9336621,
다사523429,37.48456217,126.9610253,
다사495453,37.50604519,126.929191,
다사535445,37.49904459,126.9744971,
다사528447,37.50081175,126.9665653,
다사539447,37.50086729,126.9790098,
다사535441,37.49543927,126.9745224,
다사538445,37.49905964,126.977891,
다사527424,37.48007607,126.9655817,
다사524450,37.50349521,126.9620207,
다사534441,37.49543424,126.9733912,
다사542445,37.49907955,126.9824161,
다사523450,37.50349005,126.9608893,
다사531444,37.49812304,126.9699784,
다사528429,37.48458784,126.9666807,
다사486435,37.48977178,126.9191342,
다사499455,37.50786962,126.9337029,
다사524451,37.50439654,126.9620142,
다사531443,37.49722172,126.9699847,
다사525440,37.49448708,126.9632165,
다사535447,37.50084725,126.9744845,
다사528449,37.50261441,126.9665525,
다사533439,37.49362653,126.9722726,
다사495455,37.50784784,126.9291773,
다사510446,37.49981672,126.9462084,
다사535451,37.50445256,126.9744592,
다사521442,37.49626909,126.9586787,
다사500456,37.50877636,126.9348275,
다사524429,37.48456733,126.9621564,
다사527442,37.4963,126.9654661,
다사536442,37.49634563,126.9756473,
다사540451,37.50447759,126.9801161,
다사486436,37.4906731,126.9191273,
다사526440,37.49449222,126.9643477,
다사539442,37.49636064,126.9790411,
다사519449,37.50256799,126.9563704,
다사542438,37.49277024,126.9824597,
다사539449,37.50266995,126.9789972,
다사543446,37.49998583,126.9835412,
다사487436,37.49067866,126.9202584,
다사527438,37.49269469,126.9654918,
다사530433,37.48820335,126.9689173,
다사525460,37.51251361,126.9630875,
다사538443,37.49725698,126.9779035,
다사516465,37.5169735,126.9528712,
다사491440,37.49430606,126.9247554,
다사496455,37.5078533,126.9303087,
다사529440,37.49450756,126.9677414,
다사529446,37.49991553,126.967703,
다사496463,37.51506386,126.9302539,
다사483436,37.49065637,126.9157338,
다사509465,37.51693654,126.9449503,
다사485436,37.49066753,126.9179961,
다사543448,37.50178849,126.9835288,
다사497452,37.50515479,126.9314606,
다사525430,37.4854738,126.963281,
다사541420,37.4765413,126.9814406,
다사485442,37.49607546,126.9179541,
다사489437,37.49159106,126.9225138,
다사504461,37.51330454,126.9393195,
다사533444,37.49813317,126.9722409,
다사534439,37.49363158,126.9734038,
다사487440,37.49428394,126.9202305,
다사533443,37.49723185,126.9722472,
다사488448,37.50150006,126.9213061,
다사532447,37.5008321,126.9710906,
다사485439,37.4933715,126.9179751,
다사484440,37.49426724,126.9168369,
다사493457,37.50963952,126.9269007,
다사535431,37.48642597,126.9745855,
다사488449,37.50240138,126.9212992,
다사483439,37.49336033,126.9157128,
다사504464,37.5160085,126.9392993,
다사533446,37.49993583,126.9722282,
다사539453,37.50627526,126.9789722,
다사523454,37.50709535,126.9608634,
다사527428,37.48368139,126.965556,
다사526439,37.49359089,126.9643542,
다사535444,37.49814326,126.9745034,
다사488451,37.50420402,126.9212852,
다사529445,37.4990142,126.9677094,
다사517451,37.5043602,126.9540946,
다사533440,37.49452786,126.9722663,
다사480432,37.48703425,126.9123686,
다사532445,37.49902944,126.9711033,
다사506464,37.51601922,126.9415624,
다사528434,37.48909448,126.9666486,
다사494454,37.50694104,126.9280527,
다사531441,37.49541906,126.9699975,
다사527437,37.49179336,126.9654982,
다사490449,37.50241244,126.9235618,
다사538448,37.50176363,126.9778722,
다사508439,37.49349681,126.9439926,
다사518449,37.50256277,126.9552391,
다사535442,37.4963406,126.9745161,
다사538450,37.50356628,126.9778596,
다사530443,37.49721663,126.9688535,
다사529456,37.5089288,126.967639,
다사481443,37.4969544,126.9134222,
다사519442,37.4962587,126.9564162,
다사489454,37.50691351,126.9223958,
다사540447,37.50087228,126.9801411,
다사510464,37.51604053,126.9460885,
다사520452,37.50527716,126.9574822,
다사518464,37.51608264,126.9551408,
다사516459,37.51156556,126.9529107,
다사530457,37.50983522,126.9687641,
다사495461,37.51325576,126.9291361,
다사528424,37.48008118,126.9667127,
다사511464,37.51604583,126.9472201,
다사502454,37.50698452,126.9371039,
다사515464,37.51606693,126.9517462,
다사490440,37.49430055,126.9236242,
다사528445,37.4990091,126.9665781,
다사517436,37.49084031,126.9541931,
다사472430,37.48518626,126.9033342,
다사511465,37.51694716,126.9472134,
다사500462,37.51418428,126.9347868,
다사525425,37.48096715,126.9633133,
다사501438,37.49255796,126.936081,
다사528436,37.49089714,126.9666358,
다사530446,37.49992062,126.9688343,
다사529448,37.50171818,126.9676902,
다사525444,37.49809239,126.9631907,
다사484439,37.49336592,126.9168439,
다사523435,37.48997014,126.9609865,
다사483435,37.48975505,126.9157408,
다사536449,37.50265493,126.9756032,
다사533454,37.50714645,126.9721774,
다사539446,37.49996596,126.979016,
다사505438,37.49257947,126.9406057,
다사501437,37.49165663,126.9360878,
다사533451,37.50444247,126.9721965,
다사541421,37.47744263,126.9814344,
다사532438,37.49272014,126.9711478,
다사538452,37.50536894,126.9778471,
다사520442,37.4962639,126.9575474,
다사488438,37.49248685,126.9213757,
다사527427,37.48278006,126.9655625,
다사486443,37.49698235,126.9190784,
다사498462,37.51417343,126.9325237,
다사539443,37.49726197,126.9790348,
다사494452,37.5051384,126.9280665,
다사533438,37.4927252,126.972279,
다사518463,37.51518132,126.9551474,
다사526442,37.49629488,126.9643349,
다사483438,37.49245901,126.9157198,
다사539452,37.50537394,126.9789784,
다사530445,37.49901929,126.9688407,
다사535448,37.50174857,126.9744782,
다사513464,37.5160564,126.9494831,
다사488439,37.49338817,126.9213687,
다사483437,37.49155769,126.9157268,
다사507465,37.51692589,126.9426872,
다사533447,37.50083716,126.9722219,
다사528446,37.49991042,126.9665717,
다사513439,37.4935233,126.9496486,
다사535454,37.50715654,126.9744403,
다사477438,37.49242525,126.9089327,
다사526450,37.50350549,126.9642834,
다사545446,37.4999957,126.9858038,
다사520447,37.50077053,126.9575148,
다사534448,37.50174354,126.9733468,
다사535446,37.49994592,126.9744908,
다사537446,37.49995596,126.9767534,
다사505464,37.51601386,126.9404308,
다사487439,37.49338262,126.9202375,
다사540449,37.50267493,126.9801286,
다사514438,37.49262724,126.9507864,
다사520446,37.49986921,126.9575213,
다사533442,37.49633052,126.9722536,
다사484436,37.49066196,126.916865,
다사539448,37.50176862,126.9790035,
다사525428,37.48367114,126.9632939,
다사514465,37.516963,126.9506081,
다사537445,37.49905463,126.9767597,
다사528441,37.49540378,126.9666038,
다사490439,37.49339923,126.9236311,
다사498464,37.51597607,126.9325101,
다사537442,37.49635064,126.9767786,
다사484441,37.49516856,126.9168299,
다사526424,37.48007095,126.9644507,
다사511441,37.49531539,126.9473729,
다사524460,37.51250847,126.961956,
다사529421,37.47738229,126.9678629,
다사524443,37.49718592,126.9620659,
다사531445,37.49902437,126.969972,
다사542429,37.48465825,126.9825156,
다사530455,37.50803256,126.9687768,
다사530441,37.49541398,126.9688662,
다사531450,37.50353101,126.9699401,
다사487437,37.49157998,126.9202514,
다사540420,37.47653633,126.9803097,
다사497451,37.50425346,126.9314674,
다사487447,37.50059319,126.9201818,
다사524442,37.49628459,126.9620724,
다사527448,37.50170796,126.9654276,
다사509464,37.51603522,126.944957,
다사529435,37.49000091,126.9677734,
다사500464,37.51598693,126.9347732,
다사530440,37.49451265,126.9688726,
다사527457,37.5098199,126.9653697,
다사526431,37.48638026,126.9644057,
다사487446,37.49969187,126.9201887,
다사497464,37.51597063,126.9313786,
다사537452,37.50536393,126.9767157,
다사505463,37.51511254,126.9404376,
다사523434,37.48906882,126.960993,
다사476437,37.49151826,126.9078087,
다사525427,37.48276981,126.9633004,
다사534454,37.5071515,126.9733089,
다사527435,37.4899907,126.9655111,
다사534419,37.47560496,126.9735303,
다사501463,37.51509101,126.9359115,
다사526426,37.48187361,126.9644378,
다사533455,37.50804778,126.9721711,
다사532455,37.50804272,126.9710397,
다사537453,37.50626526,126.9767094,
다사486439,37.49337707,126.9191063,
다사485440,37.49427282,126.9179681,
다사533449,37.50263982,126.9722092,
다사522445,37.49897825,126.9597904,
다사532442,37.49632546,126.9711223,
다사530448,37.50172327,126.9688215,
다사530450,37.50352593,126.9688088,
다사524439,37.49358061,126.9620918,
다사482434,37.48884813,126.9146167,
다사536448,37.5017536,126.9756095,
다사500457,37.50967768,126.9348207,
다사488436,37.4906842,126.9213896,
다사522449,37.50258356,126.9597644,
다사515465,37.51696825,126.9517396,
다사493451,37.5042316,126.926942,
다사544447,37.5008921,126.9846663,
다사520450,37.50347451,126.9574953,
다사495451,37.50424255,126.9292047,
다사517453,37.50616285,126.9540815,
다사532446,37.49993077,126.9710969,
다사526444,37.49809753,126.964322,
다사505441,37.49528344,126.9405856,
다사488441,37.49519081,126.9213548,
다사525452,37.50530301,126.9631391,
다사502462,37.51419509,126.9370498,
다사494455,37.50784236,126.9280459,
다사526425,37.48097228,126.9644443,
다사544444,37.49818811,126.9846849,
다사528435,37.48999581,126.9666422,
다사543444,37.49818317,126.9835536,
다사530420,37.47648605,126.9690002,
다사504454,37.50699528,126.9393667,
다사477430,37.48521468,126.9089895,
다사538449,37.50266495,126.9778659,
다사496452,37.50514933,126.9303292,
다사522442,37.49627427,126.9598099,
다사539445,37.49906463,126.9790223,
다사480431,37.48613293,126.9123757,
다사505451,37.50429668,126.9405183,
다사533448,37.50173849,126.9722155,
다사529447,37.50081685,126.9676966,
다사526428,37.48367627,126.964425,
다사526427,37.48277494,126.9644314,
다사536444,37.49814829,126.9756347,
다사492437,37.4916076,126.9259073,
다사503464,37.51600312,126.9381678,
다사516462,37.51426953,126.9528909,
다사496453,37.50605066,126.9303224,
다사534455,37.50805283,126.9733025,
다사492453,37.50602874,126.9257969,
다사527440,37.49449734,126.965479,
다사525426,37.48186848,126.9633068,
다사479442,37.49604182,126.9111668,
다사541437,37.49186395,126.9813347,
다사499463,37.51508018,126.9336484,
다사522461,37.51339946,126.9596865,
다사506438,37.49258482,126.9417369,
다사488440,37.49428949,126.9213617,
다사524430,37.48546866,126.9621499,
다사516463,37.51517085,126.9528843,
다사507462,37.51422192,126.9427073,
다사520437,37.49175727,126.95758,
다사489436,37.49068974,126.9225207,
다사515437,37.49173116,126.9519241,
다사484438,37.4924646,126.9168509,
다사500438,37.49255255,126.9349498,
다사536440,37.49454297,126.9756599,
다사542437,37.49186891,126.9824659,
다사537454,37.50716659,126.9767031,
다사505440,37.49438212,126.9405923,
다사532444,37.49812811,126.9711096,
다사499462,37.51417886,126.9336552,
다사499457,37.50967226,126.9336893,
다사483434,37.48885373,126.9157479,
다사542428,37.48375692,126.9825219,
다사512439,37.49351802,126.9485174,
다사538453,37.50627027,126.9778408,
다사485437,37.49156886,126.9179891,
다사523460,37.51250331,126.9608245,
다사542448,37.50178354,126.9823975,
다사491459,37.51143116,126.924624,
다사491438,37.49250342,126.9247692,
다사521445,37.49897307,126.9586591,
다사525429,37.48457247,126.9632875,
다사523427,37.48275951,126.9610383,
다사531449,37.50262968,126.9699465,
다사524428,37.483666,126.9621629,
다사535452,37.50535389,126.9744529,
다사519448,37.50166666,126.956377,
다사528437,37.49179847,126.9666294,
다사493463,37.51504744,126.9268593,
다사484437,37.49156328,126.916858,
다사518436,37.49084553,126.9553242,
다사524461,37.51340979,126.9619495,
다사534440,37.49453291,126.9733975,
다사526456,37.50891345,126.9642447,
다사502437,37.49166203,126.9372189,
다사485438,37.49247018,126.9179821,
다사485435,37.48976621,126.9180031,
다사542433,37.48826358,126.9824908,
다사485441,37.49517414,126.9179611,
다사538451,37.50446761,126.9778533,
다사503449,37.50248329,126.9382691,
다사527455,37.50801725,126.9653826,
다사511439,37.49351274,126.9473862,
다사541448,37.50177858,126.9812661,
다사506440,37.49438747,126.9417235,
다사512464,37.51605113,126.9483516,
다사512438,37.4926167,126.948524,
다사516457,37.50976291,126.9529238,
다사518462,37.51427999,126.9551539,
다사504439,37.49347543,126.9394678,
다사508464,37.5160299,126.9438255,
다사532449,37.50263475,126.9710778,
다사539451,37.50447261,126.9789847,
다사488437,37.49158553,126.9213826,
다사510439,37.49350744,126.946255,
다사493461,37.5132448,126.9268731,
다사538442,37.49635565,126.9779098,
다사537440,37.49454799,126.9767911,
다사529444,37.49811287,126.9677158,
다사522450,37.50348488,126.959758,
다사515463,37.51516561,126.9517528,
다사481432,37.48703987,126.9134997,
다사523447,37.50078607,126.9609087,
다사494464,37.51595424,126.927984,
다사526432,37.48728159,126.9643992,
다사498463,37.51507475,126.9325169,
다사530449,37.5026246,126.9688152,
다사521460,37.51249295,126.9585615,
다사472431,37.48608758,126.903327,
다사505439,37.49348079,126.940599,
다사506465,37.51692054,126.9415557,
다사528444,37.49810777,126.9665845,
다사534446,37.49994088,126.9733595,
다사532439,37.49362147,126.9711414,
다사518442,37.49625349,126.9552849,
다사499458,37.51057358,126.9336825,
다사504462,37.51420586,126.9393128,
다사542430,37.48555959,126.9825094,
다사544445,37.49908944,126.9846787,
다사513465,37.51695773,126.9494765,
다사486442,37.49608103,126.9190854,
다사482433,37.4879468,126.9146238,
다사506463,37.5151179,126.9415691,
다사531440,37.49451773,126.9700038,
다사523442,37.49627944,126.9609411,
다사502463,37.51509641,126.937043,
다사530456,37.50893389,126.9687705,
다사530442,37.49631531,126.9688598,
다사518450,37.5034641,126.9552326,
다사501455,37.50788045,126.9359657,
다사525431,37.48637513,126.9632746,
다사497462,37.51416799,126.9313922,
다사536443,37.49724696,126.975641,
다사529436,37.49090224,126.967767,
다사516453,37.50615762,126.9529501,
다사491439,37.49340474,126.9247623,
다사512463,37.5151498,126.9483582,
다사531447,37.50082703,126.9699592,
다사487442,37.49608659,126.9202166,
다사479441,37.4951405,126.9111738,
다사493455,37.50783688,126.9269145,
다사508438,37.49259549,126.9439993,
다사542431,37.48646092,126.9825032,
다사498458,37.51056815,126.932551,
다사541446,37.49997592,126.9812786,
다사510465,37.51694186,126.9460819,
다사527439,37.49359601,126.9654854,
다사538444,37.49815831,126.9778973,
다사519450,37.50346931,126.9563639,
다사494440,37.49432254,126.928149,
다사533441,37.49542919,126.9722599,
다사490457,37.509623,126.9235064,
다사525458,37.51071096,126.9631004,
다사488435,37.48978288,126.9213965,
다사494453,37.50603972,126.9280596,
다사489453,37.50601219,126.9224027,
다사513461,37.51335244,126.949503,
다사526459,37.51161743,126.9642254,
다사536430,37.48552967,126.9757229,
다사522441,37.49537294,126.9598164,
다사526445,37.49899886,126.9643156,
다사527458,37.51072123,126.9653633,
다사528458,37.51072634,126.9664948,
다사489448,37.50150559,126.9224374,
다사536453,37.50626024,126.975578,
다사536441,37.4954443,126.9756536,
다사486440,37.49427839,126.9190993,
다사536451,37.50445759,126.9755906,
다사529442,37.49631021,126.9677286,
다사476430,37.48520902,126.9078585,
다사527423,37.47917474,126.9655881,
다사478440,37.49423354,126.9100497,
다사532440,37.4945228,126.9711351,
다사519462,37.51428521,126.9562855,
다사519451,37.50437064,126.9563574,
다사527447,37.50080664,126.965434,
다사500463,37.51508561,126.93478,
다사537441,37.49544931,126.9767849,
다사540441,37.4954643,126.9801786,
다사523443,37.49718076,126.9609347,
다사542446,37.49998088,126.9824099,
다사537447,37.50085729,126.9767471,
다사523439,37.49357546,126.9609606,
다사540446,37.49997095,126.9801473,
다사512466,37.51785377,126.9483383,
다사538420,37.47652636,126.9780478,
다사519464,37.51608785,126.9562724,
다사537450,37.50356128,126.9767283,
다사525438,37.49268443,126.9632294,
다사524427,37.48276467,126.9621693,
다사535443,37.49724193,126.9745098,
다사530444,37.49811796,126.9688471,
다사541449,37.50267991,126.9812599,
다사495454,37.50694651,126.9291841,
다사534445,37.49903955,126.9733658,
다사538447,37.5008623,126.9778784,
다사525457,37.50980964,126.9631068,
다사526441,37.49539355,126.9643413,
다사542432,37.48736225,126.982497,
다사542427,37.48285559,126.9825281,
다사504438,37.49257411,126.9394745,
다사534453,37.50625018,126.9733152,
다사531456,37.50893897,126.9699019,
다사496451,37.50424801,126.9303361,
다사502464,37.51599773,126.9370362,
다사521461,37.51339428,126.958555,
다사490448,37.50151112,126.9235687,
다사528456,37.50892369,126.9665076,
다사522444,37.49807692,126.9597969,
다사499464,37.51598151,126.9336416,
다사535450,37.50355123,126.9744655,
다사525443,37.49719107,126.9631972,
다사531446,37.4999257,126.9699656,
다사527430,37.48548405,126.9655432,
다사517464,37.51607741,126.9540093,
다사528457,37.50982502,126.9665012,
다사524459,37.51160714,126.9619624,
다사525459,37.51161229,126.9630939,
다사524452,37.50529786,126.9620077,
다사535449,37.5026499,126.9744719,
다사486444,37.49788367,126.9190714,
다사521462,37.5142956,126.9585485,
다사525432,37.48727646,126.9632681,
다사531448,37.50172836,126.9699529,
다사523436,37.49087147,126.96098,
다사517456,37.50886682,126.9540618,
다사534442,37.49633556,126.9733848,
다사543447,37.50088716,126.983535,
다사526423,37.47916962,126.9644571,
다사540450,37.50357626,126.9801223,
다사542447,37.50088221,126.9824037,
다사541445,37.49907459,126.9812849,
다사486438,37.49247574,126.9191133,
다사526429,37.4845776,126.9644185,
다사541447,37.50087725,126.9812724,
다사533437,37.49182387,126.9722853,
다사529457,37.50983012,126.9676326,
다사523445,37.49898342,126.9609217,
다사489439,37.4933937,126.9224999,
다사532443,37.49722679,126.971116,
다사516461,37.51336821,126.9528975,
다사509454,37.507022,126.9450237,
다사527429,37.48458272,126.9655496,
다사513466,37.51785905,126.9494699,
다사491436,37.49070077,126.924783,
다사520461,37.51338909,126.9574235,
다사508465,37.51693122,126.9438188,
다사520463,37.51519173,126.9574104,
다사529449,37.50261951,126.9676838,
다사522460,37.51249814,126.959693,
다사514439,37.49352856,126.9507798,
다사528443,37.49720644,126.9665909,
다사494457,37.509645,126.9280321,
다사540445,37.49906962,126.9801536,
다사535440,37.49453794,126.9745287,
다사525442,37.49628974,126.9632036,
다사527443,37.49720133,126.9654597,
다사528448,37.50171308,126.9665589,
다사518461,37.51337867,126.9551605,
