대중교통,역(정류장)명,호선명,노선(수),지하철 여부(Y/N),버스 여부(Y/N),따릉이 여부(Y/N),X좌표,Y좌표,동 이름,GID,대여소번호,NODE_ID,ARS_ID,지번_주소,도로명_주소,일평균승차승객수,일평균하차승객수,일평균총승객수,월승차승객수,월하차승객수,월이용객수
지하철,금호,3,,Y,N,N,127.015785,37.548269,금호동3가,11200111,,,,,,8304.57,7820.37,16124.94,249137,234611,483748
지하철,답십리,5,,Y,N,N,127.05266,37.566833,용답동,11200122,,,,,,16342.37,14787.4,31129.77,490271,443622,933893
지하철,뚝섬,2,,Y,N,N,127.047413,37.54718,성수동1가,11200114,,,,,,26766.6,27627.07,54393.67,802998,828812,1631810
지하철,마장,5,,Y,N,N,127.042921,37.566066,마장동,11200105,,,,,,6135.57,5771.7,11907.27,184067,173151,357218
지하철,상왕십리,2,,Y,N,N,127.028872,37.564504,하왕십리동,11200102,,,,,,14847.23,14506.97,29354.2,445417,435209,880626
지하철,서울숲,"	수인·분당선",,Y,N,N,127.044689,37.543685,성수동1가,11200114,,,,,,15032.37,15997.33,31029.7,450971,479920,930891
지하철,성수,2,,Y,N,N,127.055983,37.544628,성수동2가,11200115,,,,,,48671.23,52445.53,101116.76,1460137,1573366,3033503
지하철,신금호,5,,Y,N,N,127.020403,37.554504,금호동1가,11200109,,,,,,6479.43,6869.13,13348.56,194383,206074,400457
지하철,신답,2,,Y,N,N,127.047143,37.569706,용답동,11200122,,,,,,1664.07,1841.5,3505.57,49922,55245,105167
지하철,옥수 3호선,3,,Y,N,N,127.017303,37.541653,옥수동,11200113,,,,,,9284.1,9523.57,18807.67,278523,285707,564230
지하철,옥수 경의중앙,경의·중앙선,,Y,N,N,127.018672,37.540446,옥수동,11200113,,,,,,63.43,43.87,107.3,1903,1316,3219
지하철,왕십리(성동구청) 2호선,2,,Y,N,N,127.035505,37.561159,행당동,11200107,,,,,,16473.47,14938.67,31412.14,494204,448160,942364
지하철,왕십리(성동구청) 5호선,5,,Y,N,N,127.037059,37.56184,행당동,11200107,,,,,,4581.33,5013.73,9595.06,137440,150412,287852
지하철,왕십리(성동구청) 수인분당,수인·분당선,,Y,N,N,127.038352,37.561827,행당동,11200108,,,,,,,,,,,
지하철,왕십리(성동구청) 경의중앙,경의·중앙선,,Y,N,N,127.038352,37.561827,행당동,11200109,,,,,,16990.93,16793.53,33784.46,509728,503806,1013534
지하철,용답,2,,Y,N,N,127.050855,37.562181,사근동,11200106,,,,,,3251.63,3241.73,6493.36,97549,97252,194801
지하철,장한평,5,,Y,N,N,127.063961,37.561563,용답동,11200122,,,,,,19747.27,19513.5,39260.77,592418,585405,1177823
지하철,한양대,2,,Y,N,N,127.043709,37.555422,행당동,11200107,,,,,,14095.67,15518.07,29613.74,422870,465542,888412
지하철,행당,5,,Y,N,N,127.029482,37.557297,행당동,11200107,,,,,,8152.03,7278.7,15430.73,244561,218361,462922
버스,e편한세상금호109동,,2,N,Y,N,127.021876,37.553483,금호동1가,11200109,,103900267,4879,서울 성동구 금호동1가 558-1,,2.97,45.2,48.17,89,1356,1445
버스,e편한세상금호117동,,2,N,Y,N,127.024679,37.552657,금호동1가,11200109,,103900131,4602,서울 성동구 금호동1가 1825,,14.87,78.43,93.3,446,2353,2799
버스,GS25,,1,N,Y,N,127.0671618,37.55030467,송정동,11200118,,103900057,4659,서울 성동구 송정동 73-577,서울특별시 성동구 광나루로11길 28 (송정동),40.5,65.27,105.77,1215,1958,3173
버스,GS주유소,,1,N,Y,N,127.0251254,37.54681133,금호동4가,11200112,,103900147,4697,서울 성동구 금호동4가 189,,184.57,72.5,257.07,5537,2175,7712
버스,SK테크노빌딩앞,,1,N,Y,N,127.050228,37.545888,성수동1가,11200114,,103000139,4241,서울 성동구 성수동2가 276-5,서울특별시 성동구 성수이로 101-1 (성수동2가),8.7,59.43,68.13,261,1783,2044
버스,경동초등학교입구,,2,N,Y,N,127.04948,37.54377,성수동1가,11200114,,103000141,4243,서울 성동구 성수동1가 694-3,,40.27,64.2,104.47,2416,3852,6268
버스,경동초등학교입구,,2,N,Y,N,127.0492129,37.5433913,성수동1가,11200114,,103000142,4244,서울 성동구 성수동1가 656-6,,83.5,40.25,123.75,5010,2415,7425
버스,경동초등학교입구,,1,N,Y,N,127.051155,37.545895,성수동2가,11200115,,103900299,4547,서울 성동구 성수동2가 276-5,서울특별시 성동구 성수이로 101-1 (성수동2가),59.55,25.57,85.12,3573,1534,5107
버스,경수중학교,,,N,Y,N,127.0622986,37.53816503,성수동2가,11200115,,103000091,,서울 광진구 자양동 236,서울특별시 광진구 동일로 56 (자양동),747.5,555.43,1302.93,22425,16663,39088
버스,경수중학교,,,N,Y,N,127.0570118,37.53828654,성수동2가,11200115,,103000094,,서울 성동구 성수동2가 331-9,,172.3,78.37,250.67,5169,2351,7520
버스,경수중학교,,,N,Y,N,127.0572982,37.53969986,성수동2가,11200115,,103000095,,서울 성동구 성수동2가 269-278,서울특별시 성동구 성수이로12길 17-1 (성수동2가),62.97,319.4,382.37,1889,9582,11471
버스,경수중학교입구,,,N,Y,N,127.059621,37.543514,성수동2가,11200115,,103900048,,서울 성동구 성수동2가 289-36,,49.37,10.67,60.04,1481,320,1801
버스,경수중학교입구,,,N,Y,N,127.060089,37.543363,성수동2가,11200115,,103900297,,서울 성동구 성수동2가 289-36,,10.13,162.9,173.03,304,4887,5191
버스,경일중고등학교,,1,N,Y,N,127.049131,37.542316,성수동1가,11200114,,103900251,4852,서울 성동구 성수동1가 694-3,,5.3,54.9,60.2,159,1647,1806
버스,경일중고등학교,,1,N,Y,N,127.04921,37.542503,성수동1가,11200114,,103900262,4863,서울 성동구 성수동1가 26-7,,46.03,5.97,52,1381,179,1560
버스,경일초등학교앞,,2,N,Y,N,127.048207,37.540772,성수동1가,11200114,,103000143,4245,서울 성동구 성수동1가 72-128,,30.07,77.3,107.37,1804,4638,6442
버스,경일초등학교앞,,2,N,Y,N,127.048175,37.540917,성수동1가,11200114,,103000144,4246,서울 성동구 성수동1가 72-128,,73.85,41.15,115,4431,2469,6900
버스,경일초등학교입구,,2,N,Y,N,127.046372,37.541079,성수동1가,11200114,,103000084,4183,서울 성동구 성수동1가 656-1277,,105.2,5.33,110.53,3156,160,3316
버스,경일초등학교입구,,2,N,Y,N,127.046014,37.541382,성수동1가,11200114,,103000085,4184,서울 성동구 성수동1가 656-235,서울특별시 성동구 뚝섬로1길 2 (성수동1가),4.73,109.6,114.33,142,3288,3430
버스,광희중학교.응봉역,,1,N,Y,N,127.0350585,37.55191103,응봉동,11200108,,103900175,4821,서울 성동구 응봉동 59,"서울특별시 성동구 독서당로63길 59 (응봉동, 응봉동다세대)",25.03,52.77,77.8,751,1583,2334
버스,국민은행,,1,N,Y,N,127.0122219,37.54269716,옥수동,11200113,,103900190,4802,서울 성동구 옥수동 산 5-150,,47.47,37.83,85.3,1424,1135,2559
버스,국민은행,,1,N,Y,N,127.0127561,37.5427782,옥수동,11200113,,103900191,4803,서울 성동구 옥수동 244-11,서울특별시 성동구 독서당로 194-1 (옥수동),20.87,36.43,57.3,626,1093,1719
버스,군자교남단,,4,N,Y,N,127.072438,37.557542,송정동,11200118,,103000117,4216,서울 성동구 송정동 97-41,,74.96,89.44,164.4,8396,10017,18413
버스,극동.풍림아파트,,1,N,Y,N,127.023641,37.55904489,하왕십리동,11200102,,103900111,4658,서울 성동구 하왕십리동 1000-674,,73.6,308.57,382.17,2208,9257,11465
버스,극동그린아파트,,2,N,Y,N,127.011905,37.54206463,옥수동,11200113,,103000179,4282,서울 성동구 옥수동 559,서울특별시 성동구 독서당로 184 (옥수동),62.32,17.13,79.45,3739,1028,4767
버스,극동그린아파트앞,,3,N,Y,N,127.011393,37.542003,옥수동,11200113,,103000168,4270,서울 성동구 옥수동 산 5-149,,30.2,43.23,73.43,2718,3891,6609
버스,극동아파트,,3,N,Y,N,127.023935,37.558095,하왕십리동,11200102,,103000172,4275,서울 성동구 하왕십리동 1060,,154.93,98.52,253.45,9296,5911,15207
버스,극동아파트4동,,1,N,Y,N,127.0116845,37.5435055,옥수동,11200113,,103900004,4759,서울 성동구 옥수동 428,서울특별시 성동구 독서당로 187 (옥수동),68.87,1.43,70.3,2066,43,2109
버스,극동아파트4동,,1,N,Y,N,127.0115883,37.54353164,옥수동,11200113,,103900005,4758,서울 성동구 옥수동 428,서울특별시 성동구 독서당로 187 (옥수동),0.9,120.47,121.37,27,3614,3641
버스,극동아파트5동,,1,N,Y,N,127.011079,37.54315954,옥수동,11200113,,103900149,4501,서울 성동구 옥수동 428,서울특별시 성동구 독서당로 187 (옥수동),88.9,170.15,259.05,5334,10209,15543
버스,극동아파트7동,,1,N,Y,N,127.0126657,37.54372076,옥수동,11200113,,103900008,4755,서울 성동구 옥수동 428,서울특별시 성동구 독서당로 187 (옥수동),12.6,1.1,13.7,378,33,411
버스,극동아파트7동,,1,N,Y,N,127.012754,37.54361893,옥수동,11200113,,103900090,4587,서울 성동구 옥수동 428,서울특별시 성동구 독서당로 187 (옥수동),1.97,85.63,87.6,59,2569,2628
버스,극동아파트상가,,1,N,Y,N,127.0121009,37.54291975,옥수동,11200113,,103900067,4519,서울 성동구 옥수동 428,서울특별시 성동구 독서당로 187 (옥수동),71.13,4.1,75.23,2134,123,2257
버스,극동아파트상가,,1,N,Y,N,127.0123679,37.54291161,옥수동,11200113,,103900151,4583,서울 성동구 옥수동 428,서울특별시 성동구 독서당로 187 (옥수동),22.03,67.37,89.4,661,2021,2682
버스,금남시장앞.백범학원터,,7,N,Y,N,127.0218686,37.54808522,금호동4가,11200112,,103000054,4153,서울 성동구 금호동4가 576-1,,228.47,108.47,336.94,47978,22778,70756
버스,금남시장앞.백범학원터,,7,N,Y,N,127.0224878,37.54828876,금호동4가,11200112,,103000055,4154,서울 성동구 금호동3가 420-1,,169.49,180.28,349.77,35592,37858,73450
버스,금남시장앞.백범학원터,,1,N,Y,N,127.021648,37.54827449,금호동3가,11200111,,103900009,4751,서울 성동구 금호동4가 576-1,,130.4,170.53,300.93,3912,5116,9028
버스,금봉어린이집.또또와마트,,1,N,Y,N,127.0288091,37.55290619,금호동1가,11200109,,103900047,4575,서울 성동구 금호동1가 산 37-1,서울특별시 성동구 독서당로57가길 24 (금호동1가),50.03,15.13,65.16,1501,454,1955
버스,금봉어린이집.또또와마트,,1,N,Y,N,127.0287944,37.55264238,금호동1가,11200109,,103900060,4686,서울 성동구 금호동1가 산 37-1,서울특별시 성동구 독서당로57가길 24 (금호동1가),50.73,93.1,143.83,1522,2793,4315
버스,금북초등학교.e편한세상금호105동,,2,N,Y,N,127.0237361,37.55553782,금호동1가,11200109,,103900120,4515,서울 성동구 금호동1가 1823,"서울특별시 성동구 금호로 140 (금호동1가, 이편한세상금호파크힐스)",41.63,55.3,96.93,1249,1659,2908
버스,금북초등학교입구,,1,N,Y,N,127.0236162,37.55565589,금호동1가,11200109,,103900196,4827,서울 성동구 금호동1가 168-81,,18.53,16.97,35.5,556,509,1065
버스,금옥초등학교.금호대우아파트,,1,N,Y,N,127.0186519,37.54658996,금호동4가,11200112,,105000466,,서울 성동구 금호동4가 993,,,,,,,
버스,금옥초등학교.금호대우아파트,,1,N,Y,N,127.0189291,37.54647457,금호동4가,11200112,,105000467,,서울 성동구 금호동4가 800,서울특별시 성동구 독서당로 270 (금호동4가),,,,,,
버스,금옥초등학교앞,,7,N,Y,N,127.018237,37.546254,금호동4가,11200112,,103000059,4158,서울 성동구 금호동4가 984-2,,53.77,82.24,136.01,11292,17270,28562
버스,금옥초등학교입구,,1,N,Y,N,127.0197191,37.54688985,금호동4가,11200112,,103900153,,서울 성동구 금호동4가 1202-1,서울특별시 성동구 동호로2나길 19-23 (금호동4가),,,,,,
버스,금호119안전센터,,1,N,Y,N,127.024731,37.554187,금호동1가,11200109,,103900040,4546,서울 성동구 금호동1가 1350-14,,6.9,69.97,76.87,207,2099,2306
버스,금호119안전센터,,3,N,Y,N,127.024578,37.554264,금호동1가,11200109,,103900125,4596,서울 성동구 금호동1가 679-1,,33.87,22.37,56.24,2032,1342,3374
버스,금호1가동주민센터,,2,N,Y,N,127.0221955,37.55512902,금호동1가,11200109,,103900025,4509,서울 성동구 금호동1가 1830,서울특별시 성동구 행당로 22 (금호동1가),9.67,16.87,26.54,290,506,796
버스,금호1가동주민센터,,1,N,Y,N,127.0208123,37.55472829,금호동1가,11200109,,103900185,4811,서울 성동구 금호동1가 127-2,서울특별시 성동구 행당로 15 (금호동1가),58.6,205.53,264.13,1758,6166,7924
버스,금호4가동주민센터.대도빌딩,,1,N,Y,N,127.0225635,37.54805265,금호동4가,11200112,,103900027,4520,서울 성동구 금호동4가 548-1,서울특별시 성동구 독서당로 302 (금호동4가),241.67,116.3,357.97,7250,3489,10739
버스,금호고등학교,,2,N,Y,N,127.021945,37.553475,금호동1가,11200109,,103000048,4147,서울 성동구 금호동1가 558-1,,60.07,89.12,149.19,3604,5347,8951
버스,금호고등학교,,2,N,Y,N,127.023552,37.553096,금호동1가,11200109,,103900056,4651,서울 성동구 금호동1가 1825,,27.7,31.37,59.07,831,941,1772
버스,금호고등학교.금호자이1차아파트입구,,2,N,Y,N,127.0229329,37.55310773,금호동2가,11200110,,103000049,4148,서울 성동구 금호동2가 1214-1,,23.07,40.78,63.85,1384,2447,3831
버스,금호고등학교앞,,1,N,Y,N,127.0233929,37.55297995,금호동2가,11200110,,103900182,4814,서울 성동구 금호동2가 1214-1,,17.23,8.07,25.3,517,242,759
버스,금호공원,,1,N,Y,N,127.019575,37.54967696,금호동3가,11200111,,103900082,4566,서울 성동구 금호동3가 1266,서울특별시 성동구 금호산9길 9 (금호동3가),9.9,62.53,72.43,297,1876,2173
버스,금호공원,,1,N,Y,N,127.0197742,37.5496508,금호동3가,11200111,,103900094,4599,서울 성동구 금호동3가 1265-51,서울특별시 성동구 금호산길 14 (금호동3가),9.73,63.87,73.6,292,1916,2208
버스,금호동벽산아파트,,3,N,Y,N,127.0256791,37.5511644,금호동1가,11200109,,103000050,4149,서울 성동구 금호동1가 1756-1,서울특별시 성동구 금호로 86 (금호동1가),139.5,102.28,241.78,12555,9205,21760
버스,금호베스트빌아파트노인정앞,,1,N,Y,N,127.0250695,37.56187332,하왕십리동,11200102,,103900270,4885,서울 성동구 하왕십리동 1052,"서울특별시 성동구 난계로 114-31 (하왕십리동, 금호 베스트빌)",20.43,27.47,47.9,613,824,1437
버스,금호사거리,,1,N,Y,N,127.0241853,37.54797844,금호동4가,11200112,,105000465,,서울 성동구 금호동4가 145,서울특별시 성동구 독서당로 316 (금호동4가),,,,,,
버스,금호사거리,,1,N,Y,N,127.0250025,37.54817651,금호동3가,11200111,,105000464,,서울 성동구 금호동3가 218-1,,,,,,,
버스,금호사거리,,1,N,Y,N,127.0250613,37.5481765,성동구,11200111,,103900010,4750,서울 성동구 금호동3가 218-1,,91.9,137.43,229.33,2757,4123,6880
버스,금호사거리,,3,N,Y,N,127.0259773,37.54946397,금호동2가,11200110,,103000053,4152,서울 성동구 금호동2가 1188-1,서울특별시 성동구 무수막길 14 (금호동2가),37.12,108.07,145.19,3341,9726,13067
버스,금호사거리,,1,N,Y,N,127.025272,37.548008,금호동4가,11200112,,103900070,4528,서울 성동구 금호동4가 116,서울특별시 성동구 독서당로 324-1 (금호동4가),53.57,104.6,158.17,1607,3138,4745
버스,금호사거리,,3,N,Y,N,127.0260631,37.54887914,금호동1가,11200109,,103000052,4151,서울 성동구 금호동1가 1801-3,서울특별시 성동구 금호로 62 (금호동1가),178.7,68.84,247.54,16083,6196,22279
버스,금호산입구,,1,N,Y,N,127.019575,37.556722,금호동2가,11200110,,103900031,4529,서울 성동구 금호동2가 1-4,,19.9,3.93,23.83,597,118,715
버스,금호삼성래미안,,1,N,Y,N,127.0269818,37.54787691,금호동4가,11200112,,105000463,,서울 성동구 금호동4가 96,서울특별시 성동구 독서당로 342 (금호동4가),,,,,,
버스,금호삼성래미안,,1,N,Y,N,127.0275354,37.54836158,금호동4가,11200112,,105000462,,서울 성동구 금호동4가 89-11,,,,,,,
버스,금호어린이집,,1,N,Y,N,127.018232,37.556743,금호동2가,11200110,,103900059,4684,서울 성동구 금호동2가 1,"서울특별시 성동구 금호로 173 (금호동2가, 신금호파크자이)",0.1,30.27,30.37,3,908,911
버스,금호어린이집,,1,N,Y,N,127.01862,37.556734,금호동2가,11200110,,103900068,4522,서울 성동구 금호동2가 산 9-1,서울특별시 성동구 금호산15길 15 (금호동2가),6.5,1.71,8.21,182,48,230
버스,금호역,,2,N,Y,N,127.0155079,37.54850311,금호동3가,11200111,,103000057,4156,서울 성동구 금호동3가 1583,,288.52,107.12,395.64,17311,6427,23738
버스,금호역,,2,N,Y,N,127.016267,37.547728,금호동4가,11200112,,103000056,4155,서울 성동구 금호동4가 1418-22,,238.73,503.87,742.6,14324,30232,44556
버스,금호역,,1,N,Y,N,127.0164273,37.54842402,금호동4가,11200112,,103900003,4764,서울 성동구 금호동4가 1445-1,,506.5,10,516.5,15195,300,15495
버스,금호역,,4,N,Y,N,127.0169909,37.54854922,금호동4가,11200112,,103900139,4762,서울 성동구 금호동3가 1395,서울특별시 성동구 장터길 9-1 (금호동3가),210.19,464.03,674.22,18917,41763,60680
버스,금호역.3호선,,2,N,Y,N,127.0166253,37.54829423,금호동4가,11200112,,103900002,4765,서울 성동구 금호동4가 1450,,649.5,71.83,721.33,19485,2155,21640
버스,금호역.두산상가경비실,,2,N,Y,N,127.0166208,37.54861301,금호동4가,11200112,,103900140,4763,서울 성동구 금호동3가 1331,"서울특별시 성동구 동호로 100 (금호동3가, 두산아파트)",199.27,115.83,315.1,5978,3475,9453
버스,금호정형외과,,1,N,Y,N,127.0204579,37.55408677,금호동2가,11200110,,103900184,4812,서울 성동구 금호동2가 455,서울특별시 성동구 금호로 147 (금호동2가),267.03,44.63,311.66,8011,1339,9350
버스,금호초등학교,,1,N,Y,N,127.0194943,37.55268843,금호동2가,11200110,,103900163,4741,서울 성동구 금호동2가 511,서울특별시 성동구 무수막길 69 (금호동2가),6.07,247.47,253.54,182,7424,7606
버스,논골.e편한세상금호114동,,2,N,Y,N,127.0246041,37.55519162,금호동1가,11200109,,103900124,4591,서울 성동구 금호동1가 1832,,27.13,294.47,321.6,814,8834,9648
버스,논골.금호벽산아파트.성동공유센터,,4,N,Y,N,127.025349,37.5555492,금호동1가,11200109,,103900029,4523,서울 성동구 금호동1가 168-298,,206.69,39.07,245.76,18602,3516,22118
버스,논골.대림아파트107동.금호동벽산아파트,,2,N,Y,N,127.0249544,37.5558964,행당동,11200107,,103900216,4846,서울 성동구 행당동 347,서울특별시 성동구 행당로 75 (행당동),4.2,215,219.2,126,6450,6576
버스,논골사거리,,1,N,Y,N,127.0248124,37.55531503,금호동1가,11200109,,103900076,4554,서울 성동구 금호동1가 710-2,,276.73,330.23,606.96,8302,9907,18209
버스,논골사거리,,1,N,Y,N,127.0247742,37.55612602,금호동1가,11200109,,103900100,4672,서울 성동구 금호동1가 168-322,,116.63,174.63,291.26,3499,5239,8738
버스,논골신협.대림아파트후문,,1,N,Y,N,127.0245189,37.55751195,금호동1가,11200109,,103900058,4669,서울 성동구 금호동1가 132-1,,153.03,310.23,463.26,4591,9307,13898
버스,논골신협.대림아파트후문,,2,N,Y,N,127.0245744,37.55770298,금호동1가,11200109,,105000454,4560,서울 성동구 금호동1가 132-1,,136.23,203.48,339.71,8174,12209,20383
버스,논골입구.성동공유센터,,1,N,Y,N,127.02557,37.55554,행당동,11200107,,103900050,4586,서울 성동구 행당동 346,서울특별시 성동구 행당로 76 (행당동),4.4,52.13,56.53,132,1564,1696
버스,뉴타운아파트,,7,N,Y,N,127.026968,37.564877,하왕십리동,11200102,,103000509,4105,서울 성동구 하왕십리동 873-1,,29.98,62,91.98,6295,13021,19316
버스,답십리역사거리,,5,N,Y,N,127.0543962,37.56544961,용답동,11200122,,103000001,4001,서울 성동구 용답동 127,서울특별시 성동구 용답길 86 (용답동),261.24,348.19,609.43,39186,52229,91415
버스,대경생활과학고등학교,,1,N,Y,N,127.017537,37.55597143,금호동2가,11200110,,103900026,4514,서울 성동구 금호동2가 산 9-1,서울특별시 성동구 금호산15길 15 (금호동2가),33.72,0.34,34.06,978,10,988
버스,대경생활과학고등학교,,1,N,Y,N,127.0175178,37.55606875,금호동2가,11200110,,103900106,4691,서울 성동구 금호동2가 산 9-1,서울특별시 성동구 금호산15길 15 (금호동2가),0.5,175.07,175.57,15,5252,5267
버스,대림강변타운아파트A상가,,1,N,Y,N,127.035718,37.55479,응봉동,11200108,,103900273,4888,서울 성동구 응봉동 15-2,,34.87,30.7,65.57,1046,921,1967
버스,대림상가,,2,N,Y,N,127.034468,37.55388,응봉동,11200108,,103900127,4701,서울 성동구 응봉동 10-115,,33.52,131.6,165.12,2011,7896,9907
버스,대림아파트,,1,N,Y,N,127.024926,37.55657383,행당동,11200107,,103000175,4278,서울 성동구 행당동 347-2,서울특별시 성동구 난계로 56 (행당동),184.43,234.7,419.13,5533,7041,12574
버스,대림아파트후문,,4,N,Y,N,127.0269327,37.5561715,행당동,11200107,,103900108,4698,서울 성동구 행당동 317-10,,17.34,78.36,95.7,1561,7052,8613
버스,대우아파트관리실,,2,N,Y,N,127.019985,37.546215,금호동4가,11200112,,103900142,4502,서울 성동구 금호동4가 800,서울특별시 성동구 독서당로 270 (금호동4가),65.6,52.6,118.2,3936,3156,7092
버스,대우아파트입구,,2,N,Y,N,127.0191632,37.54598344,금호동4가,11200112,,103900144,4572,서울 성동구 금호동4가 800,서울특별시 성동구 독서당로 270 (금호동4가),38.27,86.97,125.24,1148,2609,3757
버스,대우아파트후문,,2,N,Y,N,127.0216589,37.54693907,금호동4가,11200112,,103900143,4507,서울 성동구 금호동4가 800,서울특별시 성동구 독서당로 270 (금호동4가),76.1,20.03,96.13,2283,601,2884
버스,대현산배수지공원앞,,1,N,Y,N,127.0220575,37.55517771,금호동1가,11200109,,103900195,4828,서울 성동구 금호동1가 127-2,서울특별시 성동구 행당로 15 (금호동1가),3.77,39.1,42.87,113,1173,1286
버스,대현산배수지공원입구,,3,N,Y,N,127.0200974,37.55627838,금호동1가,11200109,,103000044,4143,서울 성동구 금호동1가 101,서울특별시 성동구 금호로 166-1 (금호동1가),57.99,46.34,104.33,5219,4171,9390
버스,대현산체육관입구,,1,N,Y,N,127.0297135,37.55296294,응봉동,11200108,,103900107,4696,서울 성동구 응봉동 265-105,서울특별시 성동구 독서당로59다길 43 (응봉동),83.1,99.1,182.2,2493,2973,5466
버스,대현산체육관입구,,1,N,Y,N,127.029853,37.55308,응봉동,11200108,,103900122,4567,서울 성동구 응봉동 264-5,,58.73,135.73,194.46,1762,4072,5834
버스,도선고등학교.꽃재교회,,3,N,Y,N,127.027782,37.567093,하왕십리동,11200102,,103000150,4252,서울 성동구 하왕십리동 548-3,,36.27,15.1,51.37,3264,1359,4623
버스,도선동사거리,,3,N,Y,N,127.0365327,37.56676758,마장동,11200105,,103900098,4668,서울 성동구 마장동 474-28,서울특별시 성동구 고산자로 340-1 (마장동),66.63,29.57,96.2,3998,1774,5772
버스,도선사거리,,7,N,Y,N,127.036955,37.567023,마장동,11200105,,103000022,4121,서울 성동구 마장동 518-14,서울특별시 성동구 고산자로 308 (마장동),73.3,72.67,145.97,15393,15260,30653
버스,도선사거리,,7,N,Y,N,127.036487,37.566648,마장동,11200105,,103000023,4122,서울 성동구 마장동 573-1,서울특별시 성동구 고산자로 301 (마장동),67.63,154.18,221.81,14202,32377,46579
버스,동대문구청.용두역4번출구,,3,N,Y,N,127.039718,37.573438,용답동,11200122,,105000074,6160,서울 동대문구 용두동 34-1,서울특별시 동대문구 청계천로 563 (용두동),187.67,153.83,341.5,16890,13845,30735
버스,두산상가후문.106동,,2,N,Y,N,127.0167387,37.5491854,금호동3가,11200111,,103900134,4550,서울 성동구 금호동3가 1331,"서울특별시 성동구 동호로 100 (금호동3가, 두산아파트)",2.89,4.46,7.35,81,125,206
버스,두산상가후문.106동,,2,N,Y,N,127.0166851,37.54933842,금호동3가,11200111,,103900135,4754,서울 성동구 금호동3가 1331,"서울특별시 성동구 동호로 100 (금호동3가, 두산아파트)",2.66,3.1,5.76,77,90,167
버스,두산아파트109동,,2,N,Y,N,127.0166307,37.54988947,금호동3가,11200111,,103900006,4757,서울 성동구 금호동3가 1331,"서울특별시 성동구 동호로 100 (금호동3가, 두산아파트)",7.86,0.41,8.27,228,12,240
버스,두산아파트109동,,2,N,Y,N,127.016797,37.54991499,금호동3가,11200111,,103900137,4760,서울 성동구 금호동3가 1331,"서울특별시 성동구 동호로 100 (금호동3가, 두산아파트)",0.27,19.83,20.1,8,595,603
버스,두산아파트113동,,2,N,Y,N,127.0162396,37.55078794,금호동3가,11200111,,103900001,4767,서울 성동구 금호동3가 1331,"서울특별시 성동구 동호로 100 (금호동3가, 두산아파트)",13.3,187.03,200.33,399,5611,6010
버스,두산아파트113동,,2,N,Y,N,127.0160758,37.5505885,금호동3가,11200111,,103900007,4756,서울 성동구 금호동3가 1331,"서울특별시 성동구 동호로 100 (금호동3가, 두산아파트)",13.13,1.5,14.63,394,45,439
버스,두산아파트115동,,2,N,Y,N,127.0159607,37.55105588,금호동3가,11200111,,103900138,4761,서울 성동구 금호동3가 1331,"서울특별시 성동구 동호로 100 (금호동3가, 두산아파트)",132.87,149.2,282.07,3986,4476,8462
버스,뚝도시장,,4,N,Y,N,127.0553996,37.53858661,성수동2가,11200115,,103000096,4195,서울 성동구 성수동2가 331-200,서울특별시 성동구 뚝섬로 404 (성수동2가),163.93,26.51,190.44,14754,2386,17140
버스,뚝도시장,,3,N,Y,N,127.05526,37.53885,성수동2가,11200115,,103000097,4196,서울 성동구 성수동2가 331-15,서울특별시 성동구 뚝섬로 403 (성수동2가),29.77,147.09,176.86,2679,13238,15917
버스,뚝도시장구길,,5,N,Y,N,127.05527,37.537192,성수동2가,11200115,,103000102,4201,서울 성동구 성수동2가 816-4,서울특별시 성동구 성수이로2길 12 (성수동2가),17.66,106.12,123.78,2119,12734,14853
버스,뚝도시장구길,,5,N,Y,N,127.0549268,37.53755207,성수동2가,11200115,,103000103,4202,서울 성동구 성수동2가 565-5,서울특별시 성동구 성덕정길 103 (성수동2가),118.51,24.31,142.82,14221,2917,17138
버스,뚝도아리수정수센터수도박물관,,4,N,Y,N,127.0442,37.540977,성수동1가,11200114,,103000076,4175,서울 성동구 성수동1가 656-410,서울특별시 성동구 왕십리로 38 (성수동1가),60.28,85.24,145.52,7234,10229,17463
버스,뚝도아리수정수센터수도박물관,,4,N,Y,N,127.04399,37.541407,성수동1가,11200114,,103000077,4176,서울 성동구 성수동1가 685-235,,19.15,88.47,107.62,2298,10616,12914
버스,뚝섬서울숲,,4,N,Y,N,127.0366012,37.54461804,성수동1가,11200114,,103000121,4222,서울 성동구 성수동1가 685-30,,161.6,184.43,346.03,19392,22131,41523
버스,뚝섬서울숲,,5,N,Y,N,127.036397,37.545672,성수동1가,11200114,,103000122,4223,서울 성동구 성수동1가 685-534,,132.31,154.98,287.29,19846,23247,43093
버스,뚝섬서울숲,,2,N,Y,N,127.037565,37.543457,성수동1가,11200114,,103000162,4264,서울 성동구 성수동1가 719,,112.13,30.73,142.86,6728,1844,8572
버스,뚝섬역2번출구,,6,N,Y,N,127.046846,37.547575,성수동1가,11200114,,103000135,4237,서울 성동구 성수동1가 715-1,,68.45,30.67,99.12,13758,6165,19923
버스,뚝섬역4번출구,,6,N,Y,N,127.04927,37.5468,성수동1가,11200114,,103000137,4239,서울 성동구 성수동1가 14-28,서울특별시 성동구 아차산로 41 (성수동1가),56.97,58.28,115.25,11963,12239,24202
버스,뚝섬역5번출구,,6,N,Y,N,127.049272,37.546482,성수동1가,11200114,,103000136,4238,서울 성동구 성수동1가 14-22,,69.3,48.64,117.94,14552,10214,24766
버스,뚝섬역8번출구,,6,N,Y,N,127.045506,37.547696,성수동1가,11200114,,103000134,4236,서울 성동구 성수동1가 656-853,서울특별시 성동구 아차산로 2-1 (성수동1가),81.92,76.21,158.13,17040,15851,32891
버스,래미안옥수리버젠.옥수중앙교회,,2,N,Y,N,127.0148446,37.54591558,옥수동,11200113,,103000065,4164,서울 성동구 옥수동 561-4,,23.12,151.62,174.74,1387,9097,10484
버스,래미안옥수리버젠.옥수중앙교회,,2,N,Y,N,127.014698,37.545782,옥수동,11200113,,103000066,4165,서울 성동구 옥수동 561-4,,85.02,32.22,117.24,5101,1933,7034
버스,래미안옥수리버젠아파트상가,,1,N,Y,N,127.015727,37.54437279,옥수동,11200113,,103900167,4800,서울 성동구 옥수동 산 5-145,,5.53,50.57,56.1,166,1517,1683
버스,래미안하이리버아파트,,3,N,Y,N,127.0254234,37.55145821,금호동2가,11200110,,103000051,4150,서울 성동구 금호동2가 1220-1,,91.31,103.47,194.78,8218,9312,17530
버스,리버그린동아아파트,,1,N,Y,N,127.0382721,37.55334439,응봉동,11200108,,103900280,4895,서울 성동구 응봉동 276,서울특별시 성동구 고산자로2길 13 (응봉동),4.57,88.7,93.27,137,2661,2798
버스,리버그린동아아파트정문,,1,N,Y,N,127.0375237,37.55349324,응봉동,11200108,,103900274,4889,서울 성동구 응봉동 276,서울특별시 성동구 고산자로2길 13 (응봉동),79.03,3.67,82.7,2371,110,2481
버스,리버하우스,,3,N,Y,N,127.0510061,37.55090026,성수동1가,11200114,,103000152,4254,서울 성동구 성수동1가 13-12,서울특별시 성동구 광나루로 190 (성수동1가),91.38,81.04,172.42,8224,7294,15518
버스,리버하우스,,3,N,Y,N,127.0506905,37.5512302,성수동1가,11200114,,103000153,4255,서울 성동구 성수동1가 13-217,서울특별시 성동구 아차산로 39-1 (성수동1가),67.19,78.21,145.4,6047,7039,13086
버스,마장2교사거리,,1,N,Y,N,127.045459,37.567977,마장동,11200105,,103900203,4839,서울 성동구 마장동 806,,15.03,5.83,20.86,451,175,626
버스,마장2교사거리,,1,N,Y,N,127.0456033,37.56818275,마장동,11200105,,103900204,4840,서울 성동구 마장동 804,서울특별시 성동구 마장로 지하296 (마장동),0.93,38.77,39.7,28,1163,1191
버스,마장동금호아파트,,2,N,Y,N,127.041859,37.56307133,마장동,11200105,,103000024,4123,서울 성동구 마장동 388-2,서울특별시 성동구 마조로 60-1 (마장동),44.35,63.32,107.67,2661,3799,6460
버스,마장동금호아파트,,2,N,Y,N,127.0415812,37.56215772,마장동,11200105,,103000025,4124,서울 성동구 마장동 395-2,,57.27,293.53,350.8,3436,17612,21048
버스,마장동주민센터,,2,N,Y,N,127.0445738,37.5673235,마장동,11200105,,103000017,4116,서울 성동구 마장동 804,서울특별시 성동구 마장로 지하296 (마장동),86.18,173.85,260.03,5171,10431,15602
버스,마장동주민센터,,2,N,Y,N,127.04464,37.567063,마장동,11200105,,105000455,4298,서울 성동구 마장동 781-22,,81.47,80.88,162.35,4888,4853,9741
버스,마장동축산물시장,,1,N,Y,N,127.0375065,37.57033647,마장동,11200105,,103900055,,서울 성동구 마장동 474-5,서울특별시 성동구 고산자로 345 (마장동),,,,,,
버스,마장역,,2,N,Y,N,127.0423252,37.56558251,마장동,11200105,,103000018,4117,서울 성동구 마장동 810,서울특별시 성동구 마장로 지하296 (마장동),303.12,126.02,429.14,18187,7561,25748
버스,마장역,,2,N,Y,N,127.043037,37.566346,마장동,11200105,,103000169,4271,서울 성동구 마장동 804,서울특별시 성동구 마장로 지하296 (마장동),75.95,186.03,261.98,4557,11162,15719
버스,마장역,,1,N,Y,N,127.0426522,37.56611408,마장동,11200105,,103900246,4876,서울 성동구 마장동 804,서울특별시 성동구 마장로 지하296 (마장동),22.27,11.33,33.6,668,340,1008
버스,마장역,,1,N,Y,N,127.0423948,37.56564741,마장동,11200105,,103900247,4877,서울 성동구 마장동 810,서울특별시 성동구 마장로 지하296 (마장동),23.33,40.27,63.6,700,1208,1908
버스,마장축산물시장,,7,N,Y,N,127.0380207,37.57095053,마장동,11200105,,103000020,4119,서울 성동구 마장동 474-28,서울특별시 성동구 고산자로 340-1 (마장동),173.25,148.96,322.21,36383,31281,67664
버스,마장축산물시장,,9,N,Y,N,127.0375114,37.57025901,마장동,11200105,,103000021,4120,서울 성동구 마장동 474-28,서울특별시 성동구 고산자로 340-1 (마장동),163.73,169.75,333.48,44207,45832,90039
버스,만물상회앞,,1,N,Y,N,127.031224,37.552829,응봉동,11200108,,103900039,4553,서울 성동구 응봉동 264-5,,40.77,169.5,210.27,1223,5085,6308
버스,무쇠막,,1,N,Y,N,127.0246948,37.54527775,금호동4가,11200112,,103900024,4511,서울 성동구 금호동4가 189,,68.77,226.87,295.64,2063,6806,8869
버스,무학여고,,9,N,Y,N,127.0338673,37.55789531,행당동,11200107,,103000033,4132,서울 성동구 행당동 320-18,,236.55,200.58,437.13,63869,54157,118026
버스,무학여고,,1,N,Y,N,127.0330163,37.55839115,행당동,11200107,,103000178,4281,서울 성동구 행당동 317-152,,189.73,208.83,398.56,5692,6265,11957
버스,무학여고,,1,N,Y,N,127.033877,37.558122,행당동,11200107,,103000278,,서울 성동구 행당동 319-47,서울특별시 성동구 고산자로 200-1 (행당동),,,,,,
버스,무학여고,,1,N,Y,N,127.034245,37.5581,행당동,11200107,,103000279,,서울 성동구 행당동 319-36,서울특별시 성동구 고산자로 202 (행당동),,,,,,
버스,무학여고,,2,N,Y,N,127.0339124,37.55749161,행당동,11200107,,103900065,4516,서울 성동구 행당동 322-1,서울특별시 성동구 고산자로 197 (행당동),130.07,89.33,219.4,7804,5360,13164
버스,무학여고,,2,N,Y,N,127.0342554,37.55771859,행당동,11200107,,103900088,4584,서울 성동구 행당동 320-9,서울특별시 성동구 고산자로 196 (행당동),77.47,105.5,182.97,4648,6330,10978
버스,무학여고앞,,8,N,Y,N,127.034232,37.557855,행당동,11200107,,103000032,4131,서울 성동구 행당동 320-22,서울특별시 성동구 고산자로 198 (행당동),145.45,148.72,294.17,34908,35692,70600
버스,무학중학교.무학여고,,3,N,Y,N,127.0332891,37.55842262,행당동,11200107,,103900018,4679,서울 성동구 행당동 317-152,,211.17,71.52,282.69,12670,4291,16961
버스,무학중학교.무학여고,,3,N,Y,N,127.0331283,37.55821,행당동,11200107,,103900019,4552,서울 성동구 행당동 322-1,서울특별시 성동구 고산자로 197 (행당동),42.67,110.57,153.24,2560,6634,9194
버스,미타사입구,,5,N,Y,N,127.0168373,37.54485562,옥수동,11200113,,103000064,4163,서울 성동구 옥수동 332-1,,19.17,28.99,48.16,2876,4349,7225
버스,민자역사후문,,1,N,Y,N,127.038505,37.56358,마장동,11200105,,103900172,4824,서울 성동구 마장동 816-79,,1.97,12.1,14.07,59,363,422
버스,민자역사후문,,1,N,Y,N,127.038365,37.563549,마장동,11200105,,103900187,4809,서울 성동구 마장동 816-60,,27.9,21.3,49.2,837,639,1476
버스,법학학술정보관,,1,N,Y,N,127.048574,37.55704,사근동,11200106,,103900300,4525,서울 성동구 사근동 110,서울특별시 성동구 사근동길 24-18 (사근동),49.9,114.8,164.7,1497,3444,4941
버스,벽산노인정,,1,N,Y,N,127.0268505,37.55105871,금호동1가,11200109,,103900180,4816,서울 성동구 금호동1가 633,"서울특별시 성동구 금호로 100 (금호동1가, 벽산아파트)",6.13,33.7,39.83,184,1011,1195
버스,벽산아파트,,1,N,Y,N,127.0256886,37.55560229,행당동,11200107,,103000174,4277,서울 성동구 행당동 346,서울특별시 성동구 행당로 76 (행당동),201.67,216.57,418.24,6050,6497,12547
버스,벽산아파트107동,,1,N,Y,N,127.0274313,37.55168754,금호동1가,11200109,,103900179,4817,서울 성동구 금호동1가 633,"서울특별시 성동구 금호로 100 (금호동1가, 벽산아파트)",34.07,80.87,114.94,1022,2426,3448
버스,벽산아파트109동,,1,N,Y,N,127.0273705,37.55261388,금호동1가,11200109,,103900178,4818,서울 성동구 금호동1가 633,"서울특별시 성동구 금호로 100 (금호동1가, 벽산아파트)",33.43,33.77,67.2,1003,1013,2016
버스,벽산아파트111동앞,,1,N,Y,N,127.0267898,37.55306308,금호동1가,11200109,,103900157,4772,서울 성동구 금호동1가 633,"서울특별시 성동구 금호로 100 (금호동1가, 벽산아파트)",43.17,84.03,127.2,1295,2521,3816
버스,벽산아파트202동앞,,1,N,Y,N,127.027356,37.551491,금호동1가,11200109,,103900159,4774,서울 성동구 금호동1가 633,"서울특별시 성동구 금호로 100 (금호동1가, 벽산아파트)",108.97,29,137.97,3269,870,4139
버스,벽산아파트206동앞,,1,N,Y,N,127.0272674,37.55215254,금호동1가,11200109,,103900158,4773,서울 성동구 금호동1가 633,"서울특별시 성동구 금호로 100 (금호동1가, 벽산아파트)",67.4,70.97,138.37,2022,2129,4151
버스,벽산아파트501동,,1,N,Y,N,127.0255027,37.55495534,금호동1가,11200109,,103900176,4820,서울 성동구 금호동1가 633,"서울특별시 성동구 금호로 100 (금호동1가, 벽산아파트)",6.93,13.47,20.4,208,404,612
버스,벽산아파트501동앞,,1,N,Y,N,127.0254789,37.55483821,금호동1가,11200109,,103900155,4770,서울 성동구 금호동1가 633,"서울특별시 성동구 금호로 100 (금호동1가, 벽산아파트)",14.33,92.47,106.8,430,2774,3204
버스,벽산아파트505동,,1,N,Y,N,127.0263706,37.55432168,금호동1가,11200109,,103900177,4819,서울 성동구 금호동1가 633,"서울특별시 성동구 금호로 100 (금호동1가, 벽산아파트)",6.27,17.8,24.07,188,534,722
버스,벽산아파트505동앞,,1,N,Y,N,127.0262518,37.55440101,금호동1가,11200109,,103900156,4771,서울 성동구 금호동1가 633,"서울특별시 성동구 금호로 100 (금호동1가, 벽산아파트)",19.03,68.53,87.56,571,2056,2627
버스,벽산아파트정문,,1,N,Y,N,127.02528,37.552658,금호동1가,11200109,,103900035,4539,서울 성동구 금호동1가 639-2,,60.7,30.63,91.33,1821,919,2740
버스,벽산하이피아상가,,1,N,Y,N,127.0259454,37.5519501,금호동1가,11200109,,103900181,4815,서울 성동구 금호동1가 639-3,,24.83,20.3,45.13,745,609,1354
버스,벽산하이피아상가앞,,1,N,Y,N,127.0256433,37.55219616,금호동1가,11200109,,103900160,4775,서울 성동구 금호동1가 639-3,,17.77,13.1,30.87,533,393,926
버스,사근고개,,1,N,Y,N,127.0446,37.561162,사근동,11200106,,103000129,4230,서울 성동구 사근동 301-77,서울특별시 성동구 사근동길 32-2 (사근동),14.07,121.93,136,422,3658,4080
버스,사근고개,,1,N,Y,N,127.0445102,37.56125556,사근동,11200106,,103000130,4231,서울 성동구 사근동 223-13,,79.27,46.03,125.3,2378,1381,3759
버스,사근동벽산아파트,,1,N,Y,N,127.0499269,37.5601892,사근동,11200106,,103000133,4234,서울 성동구 사근동 120-22,,14.5,94.27,108.77,435,2828,3263
버스,사근동주민센터,,1,N,Y,N,127.04565,37.560815,사근동,11200106,,103000127,4228,서울 성동구 사근동 301-3,서울특별시 성동구 사근동길 42 (사근동),4.8,153.7,158.5,144,4611,4755
버스,사근동주민센터,,1,N,Y,N,127.045712,37.560933,사근동,11200106,,103000128,4229,서울 성동구 사근동 176-54,,112.97,6.97,119.94,3389,209,3598
버스,사근동하이츠아파트앞,,1,N,Y,N,127.048603,37.561201,사근동,11200106,,103000125,4226,서울 성동구 사근동 198-3,,25.33,219.3,244.63,760,6579,7339
버스,사근동하이츠아파트앞,,1,N,Y,N,127.0486882,37.56130618,사근동,11200106,,103000126,4227,서울 성동구 사근동 198-3,,442.13,9.8,451.93,13264,294,13558
버스,살곶이체육공원앞,,1,N,Y,N,127.0509355,37.55631791,사근동,11200106,,103000516,4307,서울 성동구 사근동 102-28,서울특별시 성동구 살곶이길 235 (사근동),44.87,2.1,46.97,1346,63,1409
버스,삼성래미안아파트,,1,N,Y,N,127.0275591,37.54837509,금호동4가,11200112,,103900148,4749,서울 성동구 금호동4가 89-11,,149.37,140.13,289.5,4481,4204,8685
버스,삼성래미안아파트,,1,N,Y,N,127.0402756,37.56549402,마장동,11200105,,103900170,4826,서울 성동구 마장동 775-2,"서울특별시 성동구 마장로 274 (마장동, 트레저힐스)",1.57,34.5,36.07,47,1035,1082
버스,삼성래미안아파트앞,,5,N,Y,N,127.0275127,37.54834987,금호동4가,11200112,,103000061,4160,서울 성동구 금호동4가 산 3-4,,72.53,129.84,202.37,10879,19476,30355
버스,삼성아파트정문,,1,N,Y,N,127.0152935,37.54382678,옥수동,11200113,,103900193,4805,서울 성동구 옥수동 250-2,서울특별시 성동구 독서당로 220 (옥수동),63.2,51.4,114.6,1896,1542,3438
버스,상봉노인정앞,,1,N,Y,N,127.0302832,37.55287394,응봉동,11200108,,103900042,4559,서울 성동구 응봉동 265-36,서울특별시 성동구 독서당로59나길 23-9 (응봉동),37.37,167.13,204.5,1121,5014,6135
버스,상봉노인정앞,,1,N,Y,N,127.03022,37.552674,응봉동,11200108,,103900109,4699,서울 성동구 응봉동 264-5,,61,36.87,97.87,1830,1106,2936
버스,상왕십리역,,7,N,Y,N,127.029075,37.564338,하왕십리동,11200102,,103000004,4101,서울 성동구 하왕십리동 903-1,,96.07,64.11,160.18,22961,15323,38284
버스,상왕십리역,,13,N,Y,N,127.0286813,37.56469363,하왕십리동,11200102,,103000005,4102,서울 성동구 하왕십리동 860-1,,103.54,202.98,306.52,43486,85250,128736
버스,상왕십리역,,3,N,Y,N,127.0302446,37.56487166,도선동,11200104,,103000015,4113,서울 성동구 도선동 405,서울특별시 성동구 무학로 8-2 (도선동),527.11,168.62,695.73,47440,15176,62616
버스,상왕십리역,,1,N,Y,N,127.0302514,37.5647437,도선동,11200104,,103900114,4598,서울 성동구 도선동 402,서울특별시 성동구 무학로 8 (도선동),301,163.1,464.1,9030,4893,13923
버스,상왕십리역.센트라스아파트,,6,N,Y,N,127.029978,37.565859,홍익동,11200103,,103000016,4114,서울 성동구 홍익동 590,서울특별시 성동구 마장로 206-1 (홍익동),77.6,167.81,245.41,13968,30205,44173
버스,상원,,3,N,Y,N,127.04605,37.55144,성수동1가,11200114,,103000088,4187,서울 성동구 성수동1가 656-566,,103.63,99.42,203.05,9327,8948,18275
버스,상원,,3,N,Y,N,127.046662,37.551748,성수동1가,11200114,,103000089,4188,서울 성동구 성수동1가 656-40,,67.57,159.36,226.93,6081,14342,20423
버스,서울경찰청제6기동단,,1,N,Y,N,127.054772,37.540228,성수동2가,11200115,,103900236,4865,서울 성동구 성수동2가 816-4,서울특별시 성동구 성수이로2길 12 (성수동2가),30.1,12.9,43,903,387,1290
버스,서울경찰청제6기동단,,1,N,Y,N,127.054739,37.540076,성수동2가,11200115,,103900255,4856,서울 성동구 성수동2가 333-103,,11.43,28.03,39.46,343,841,1184
버스,서울교통공사.서울새활용플라자,,1,N,Y,N,127.0569134,37.5620495,용답동,11200122,,103000120,4221,서울 성동구 용답동 223-5,서울특별시 성동구 자동차시장길 22 (용답동),68.6,128.2,196.8,2058,3846,5904
버스,서울숲1번출입구,,1,N,Y,N,127.042695,37.542222,성수동1가,11200114,,103000163,4265,서울 성동구 성수동1가 719,,16.93,101.43,118.36,508,3043,3551
버스,서울숲1번출입구,,1,N,Y,N,127.0429744,37.54197811,성수동1가,11200114,,103000164,4266,서울 성동구 성수동1가 719,,45.77,18.6,64.37,1373,558,1931
버스,서울숲2번출입구,,1,N,Y,N,127.04255,37.543527,성수동1가,11200114,,103900265,4868,서울 성동구 성수동1가 685-703,,69.53,42.07,111.6,2086,1262,3348
버스,서울숲9번출입구,,1,N,Y,N,127.037555,37.543638,성수동1가,11200114,,103900242,4871,서울 성동구 성수동1가 719,,8.97,26.9,35.87,269,807,1076
버스,서울숲리버뷰자이아파트제1주차장,,1,N,Y,N,127.03924,37.554509,행당동,11200107,,103000514,4896,서울 성동구 행당동 95-5,,27.73,1.93,29.66,832,58,890
버스,서울숲리버뷰자이아파트제1주차장,,1,N,Y,N,127.038889,37.55419708,행당동,11200107,,103900277,4892,서울 성동구 행당동 380,"서울특별시 성동구 고산자로2길 65 (행당동, 서울숲리버뷰자이)",2.83,39.5,42.33,85,1185,1270
버스,서울숲리버뷰자이아파트제2주차장,,1,N,Y,N,127.039405,37.556168,행당동,11200107,,103900275,4890,서울 성동구 행당동 128-1180,,31.07,4.47,35.54,932,134,1066
버스,서울숲리버뷰자이아파트제2주차장,,1,N,Y,N,127.039281,37.555721,행당동,11200107,,103900276,4891,서울 성동구 행당동 379-1,,4,57.33,61.33,120,1720,1840
버스,서울숲삼부아파트,,9,N,Y,N,127.0379493,37.55872308,행당동,11200107,,103000038,4137,서울 성동구 행당동 130-1,서울특별시 성동구 왕십리로 267 (행당동),34.94,60.55,95.49,10482,18165,28647
버스,서울숲역,,1,N,Y,N,127.045146,37.543869,성수동1가,11200114,,103900263,4866,서울 성동구 성수동1가 656-320,"서울특별시 성동구 왕십리로 80 (성수동1가, 동아아파트)",18.73,50.17,68.9,562,1505,2067
버스,서울숲역2번출구,,4,N,Y,N,127.0447086,37.54293173,성수동1가,11200114,,103000078,4177,서울 성동구 성수동1가 656-1982,,257.93,138.66,396.59,30952,16639,47591
버스,서울숲역3번출구,,4,N,Y,N,127.044501,37.543064,성수동1가,11200114,,103000079,4178,서울 성동구 성수동1가 656-436,서울특별시 성동구 왕십리로 지하77 (성수동1가),176.92,177.53,354.45,21230,21303,42533
버스,서울숲지구대앞,,4,N,Y,N,127.052342,37.537868,성수동2가,11200115,,103000100,4199,서울 성동구 성수동2가 816-4,서울특별시 성동구 성수이로2길 12 (성수동2가),19.57,110.74,130.31,2348,13289,15637
버스,서울숲지구대앞,,4,N,Y,N,127.0522589,37.53805092,성수동2가,11200115,,103000101,4200,서울 성동구 성수동2가 344-7,서울특별시 성동구 성덕정길 77-2 (성수동2가),139.16,22.06,161.22,16699,2647,19346
버스,서울숲코오롱디지털타워2차,,1,N,Y,N,127.05399,37.541411,성수동2가,11200115,,103900254,4855,서울 성동구 성수동2가 333-139,서울특별시 성동구 성수이로7길 17 (성수동2가),2.97,59.9,62.87,89,1797,1886
버스,서울숲코오롱디지털타워2차,,1,N,Y,N,127.053848,37.541461,성수동2가,11200115,,103900258,4859,서울 성동구 성수동2가 333-140,서울특별시 성동구 성수이로7길 27 (성수동2가),47.47,2.5,49.97,1424,75,1499
버스,서울숲푸르지오아파트,,1,N,Y,N,127.023747,37.545015,금호동4가,11200112,,103900219,4848,서울 성동구 금호동4가 342,,59.65,77.93,137.58,3579,4676,8255
버스,서울숲푸르지오아파트정문,,1,N,Y,N,127.0243938,37.54525619,금호동4가,11200112,,103900110,4700,서울 성동구 금호동4가 235-9,,141.13,32.87,174,4234,986,5220
버스,서울숲푸르지오아파트후문,,2,N,Y,N,127.022805,37.543544,금호동4가,11200112,,103900062,4706,서울 성동구 금호동4가 272,,134.22,40.83,175.05,8053,2450,10503
버스,서울효사랑병원,,10,N,Y,N,127.063275,37.541263,성수동2가,11200115,,103000110,4209,서울 성동구 성수동2가 275-40,서울특별시 성동구 동일로 95 (성수동2가),70.59,81.45,152.04,13694,15801,29495
버스,선영약국,,2,N,Y,N,127.030619,37.566775,홍익동,11200103,,103900198,4829,서울 성동구 홍익동 590,서울특별시 성동구 마장로 206-1 (홍익동),6.13,31.27,37.4,184,938,1122
버스,성동교남단,,6,N,Y,N,127.044457,37.549515,성수동1가,11200114,,103000086,4185,서울 성동구 성수동1가 656-853,서울특별시 성동구 아차산로 2-1 (성수동1가),88.43,52.29,140.72,18571,10980,29551
버스,성동교남단,,6,N,Y,N,127.0439628,37.55050752,성수동1가,11200114,,103000087,4186,서울 성동구 성수동1가 671-48,"서울특별시 성동구 왕십리로 137 (성수동1가, 서울숲아이파크리버포레)",25.39,81.87,107.26,4773,15391,20164
버스,성동구도시관리공단.서울시시설관리공단,,3,N,Y,N,127.0368612,37.57182891,마장동,11200105,,103900095,4600,서울 성동구 마장동 527-10,서울특별시 성동구 청계천로 546 (마장동),82.88,84.2,167.08,4973,5052,10025
버스,성동구민종합체육센터,,4,N,Y,N,127.0448961,37.54607197,성수동1가,11200114,,103000080,4179,서울 성동구 성수동1가 661-2,서울특별시 성동구 왕십리로 94-2 (성수동1가),236.25,86.48,322.73,28350,10377,38727
버스,성동구민종합체육센터,,4,N,Y,N,127.044533,37.546493,성수동1가,11200114,,103000081,4180,서울 성동구 성수동1가 656-551,,101.22,247.75,348.97,12146,29730,41876
버스,성동구민종합체육센터,,1,N,Y,N,127.044515,37.54527,성수동1가,11200114,,103900264,4867,서울 성동구 성수동1가 685-703,,66.67,40.4,107.07,2000,1212,3212
버스,성동구민체육센터,,1,N,Y,N,127.044474,37.545138,성수동1가,11200114,,103900249,4850,서울 성동구 성수동1가 685-703,,64.83,61.8,126.63,1945,1854,3799
버스,성동구청,,7,N,Y,N,127.035915,37.563127,도선동,11200104,,103000014,4112,서울 성동구 도선동 15-1,,123.6,207.01,330.61,25957,43472,69429
버스,성동구청,,9,N,Y,N,127.036403,37.564136,도선동,11200104,,103900085,4574,서울 성동구 행당동 192-40,,286.76,158.08,444.84,68823,37940,106763
버스,성동구청,,3,N,Y,N,127.036042,37.563354,행당동,11200107,,103900115,4671,서울 성동구 도선동 417,서울특별시 성동구 왕십리로 324-2 (도선동),50.9,61.12,112.02,3054,3667,6721
버스,성동노인복지관,,2,N,Y,N,127.0415861,37.56493759,마장동,11200105,,103000019,4118,서울 성동구 마장동 798-1,서울특별시 성동구 마조로 77 (마장동),115.92,134.03,249.95,6955,8042,14997
버스,성동노인종합복지관,,1,N,Y,N,127.0414403,37.56520977,마장동,11200105,,103900189,4807,서울 성동구 마장동 813,,46,4.33,50.33,1380,130,1510
버스,성동보건소,,2,N,Y,N,127.0331863,37.56649464,홍익동,11200103,,103900112,4588,서울 성동구 홍익동 590,서울특별시 성동구 마장로 206-1 (홍익동),19.23,46.83,66.06,577,1405,1982
버스,성동사회복지관.청계천박물관,,3,N,Y,N,127.0334778,37.57030347,마장동,11200105,,103900092,4595,서울 성동구 마장동 527-2,서울특별시 성동구 청계천로 506 (마장동),183.68,168.47,352.15,11021,10108,21129
버스,성동세무서,,3,N,Y,N,127.0643373,37.54823913,송정동,11200118,,103000114,4213,서울 성동구 송정동 80-1,,379.97,144.57,524.54,34197,13011,47208
버스,성동세무서앞,,3,N,Y,N,127.062185,37.547995,성수동2가,11200115,,103000113,4212,서울 성동구 성수동2가 280-49,서울특별시 성동구 광나루로 334-1 (성수동2가),111.03,188.61,299.64,9993,16975,26968
버스,성동제일새마을금고,,1,N,Y,N,127.0471,37.56081,사근동,11200106,,103000156,4258,서울 성동구 사근동 176-10,서울특별시 성동구 사근동길 56 (사근동),15.27,281.8,297.07,458,8454,8912
버스,성동제일새마을금고,,1,N,Y,N,127.0473013,37.56088413,사근동,11200106,,103000157,4259,서울 성동구 사근동 189-1,,331.7,4.4,336.1,9951,132,10083
버스,성동중앙교회.벽산아파트정문,,1,N,Y,N,127.024877,37.553011,금호동1가,11200109,,103900017,4677,서울 성동구 금호동1가 598-1,,29.73,52.77,82.5,892,1583,2475
버스,성수119안전센터,,5,N,Y,N,127.0601321,37.53734169,성수동2가,11200115,,103000092,4191,서울 성동구 성수동2가 234-1,서울특별시 성동구 뚝섬로 448 (성수동2가),72.01,59.84,131.85,6481,5386,11867
버스,성수119안전센터,,5,N,Y,N,127.059997,37.537532,성수동2가,11200115,,103000093,4192,서울 성동구 성수동2가 231-24,,59.04,103.63,162.67,5314,9327,14641
버스,성수1가1동새마을금고,,4,N,Y,N,127.04955,37.53822,성수동1가,11200114,,103000072,4171,서울 성동구 성수동1가 237-1,,24.44,107.28,131.72,2933,12873,15806
버스,성수1가새마을금고,,4,N,Y,N,127.04951,37.53833,성수동1가,11200114,,103000073,4172,서울 성동구 성수동1가 250-1,서울특별시 성동구 성덕정길 53 (성수동1가),106,18.97,124.97,12720,2276,14996
버스,성수2가3동주민센터,,3,N,Y,N,127.055392,37.549622,성수동2가,11200115,,103000111,4210,서울 성동구 성수동2가 289-30,서울특별시 성동구 성수이로 107-1 (성수동2가),126.9,109.86,236.76,11421,9887,21308
버스,성수2가3동주민센터,,3,N,Y,N,127.054782,37.55023742,송정동,11200118,,103000167,4269,서울 성동구 송정동 81-27,서울특별시 성동구 광나루로 221-1 (송정동),51.76,55.22,106.98,4658,4970,9628
버스,성수공고앞,,4,N,Y,N,127.050314,37.539973,성수동2가,11200115,,103000082,4181,서울 성동구 성수동1가 33-92,,82.92,24.37,107.29,9950,2924,12874
버스,성수공고앞,,4,N,Y,N,127.050759,37.540039,성수동1가,11200114,,103000083,4182,서울 성동구 성수동2가 333-128,서울특별시 성동구 뚝섬로 365 (성수동2가),18.69,67.56,86.25,2243,8107,10350
버스,성수대교북단교차로,,1,N,Y,N,127.035516,37.544291,성수동2가,11200115,,103900243,4873,서울 성동구 성수동1가 683-3,,14.87,31,45.87,446,930,1376
버스,성수동진주타운,,1,N,Y,N,127.057488,37.536623,성수동1가,11200114,,103000104,4203,서울 성동구 성수동2가 816-4,서울특별시 성동구 성수이로2길 12 (성수동2가),33.95,34.72,68.67,2037,2083,4120
버스,성수동진주타운,,1,N,Y,N,127.0574923,37.53675909,성수동2가,11200115,,103000105,4204,서울 성동구 성수동2가 573-7,서울특별시 성동구 성덕정길 127 (성수동2가),53.02,43.47,96.49,3181,2608,5789
버스,성수동차고지,,5,N,Y,N,127.055682,37.535793,성수동2가,11200115,,103000183,4286,서울 성동구 성수동2가 648-17,서울특별시 성동구 둘레15길 12 (성수동2가),32.46,0.4,32.86,3895,48,3943
버스,성수사거리,,4,N,Y,N,127.062352,37.542562,성수동2가,11200115,,103900213,4256,서울 성동구 성수동2가 276-5,서울특별시 성동구 성수이로 101-1 (성수동2가),30.79,66.7,97.49,4618,10005,14623
버스,성수사거리,,4,N,Y,N,127.062362,37.542795,성수동2가,11200115,,103900214,4257,서울 성동구 성수동2가 289-30,서울특별시 성동구 성수이로 107-1 (성수동2가),59.05,45.88,104.93,8857,6882,15739
버스,성수사거리.성수초등학교,,4,N,Y,N,127.064153,37.542825,성수동2가,11200115,,103000109,4208,서울 성동구 성수동2가 19-6,서울특별시 성동구 동일로 117 (성수동2가),77.59,93.06,170.65,8613,10330,18943
버스,성수사거리.성수초등학교,,4,N,Y,N,127.064153,37.542825,성수동2가,11200115,,103000109,4208,서울 성동구 성수동2가 19-6,서울특별시 성동구 동일로 117 (성수동2가),77.59,93.06,170.65,8613,10330,18943
버스,성수사거리.성수초등학교,,4,N,Y,N,127.064153,37.542825,성수동2가,11200115,,103000109,4208,서울 성동구 성수동2가 19-6,서울특별시 성동구 동일로 117 (성수동2가),77.59,93.06,170.65,8613,10330,18943
버스,성수사거리.성수초등학교,,4,N,Y,N,127.064153,37.542825,성수동2가,11200115,,103000109,4208,서울 성동구 성수동2가 19-6,서울특별시 성동구 동일로 117 (성수동2가),77.59,93.06,170.65,8613,10330,18943
버스,성수역1번출구,,6,N,Y,N,127.05383,37.54542,성수동2가,11200115,,103000138,4240,서울 성동구 성수동2가 300-9,서울특별시 성동구 아차산로 85-1 (성수동2가),92.05,99.77,191.82,22091,23945,46036
버스,성수역2번출구,,1,N,Y,N,127.057638,37.544268,성수동2가,11200115,,103900298,4540,서울 성동구 성수동2가 277-54,서울특별시 성동구 아차산로 121 (성수동2가),14.63,641.67,656.3,439,19250,19689
버스,성수역3번출구,,1,N,Y,N,127.0566907,37.54355983,성수동2가,11200115,,103900233,4862,서울 성동구 성수동2가 315-108,서울특별시 성동구 성수이로 97 (성수동2가),161.83,7.6,169.43,4855,228,5083
버스,성수역3번출구,,1,N,Y,N,127.057061,37.543842,성수동2가,11200115,,103900257,4858,서울 성동구 성수동2가 276-5,서울특별시 성동구 성수이로 101-1 (성수동2가),37.57,133.83,171.4,1127,4015,5142
버스,성수역4번출구,,4,N,Y,N,127.054582,37.544788,성수동2가,11200115,,103900215,4253,서울 성동구 성수동2가 314-6,서울특별시 성동구 아차산로 96 (성수동2가),115.23,78.17,193.4,17285,11726,29011
버스,성수이비즈센터,,1,N,Y,N,127.063058,37.546576,성수동2가,11200115,,103900296,4526,서울 성동구 성수동2가 280-21,서울특별시 성동구 광나루로6길 35 (성수동2가),75.97,12.13,88.1,2279,364,2643
버스,성원중성수동이마트앞,,4,N,Y,N,127.0534265,37.53909394,성수동2가,11200115,,103000098,4197,서울 성동구 성수동2가 339-10,서울특별시 성동구 성덕정11길 20-1 (성수동2가),83.07,23.37,106.44,7476,2103,9579
버스,성원중성수동이마트앞,,4,N,Y,N,127.052845,37.539511,성수동2가,11200115,,103000099,4198,서울 성동구 성수동2가 333-16,서울특별시 성동구 뚝섬로 377 (성수동2가),18.48,52.72,71.2,1663,4745,6408
버스,송정동건영아파트,,4,N,Y,N,127.07115,37.555205,송정동,11200118,,103000116,4215,서울 성동구 송정동 90-7,서울특별시 성동구 동일로 265 (송정동),110.66,84.09,194.75,12394,9418,21812
버스,송정동서울숲아이파크,,4,N,Y,N,127.069252,37.55182,송정동,11200118,,103000115,4214,서울 성동구 송정동 15-4,서울특별시 성동구 동일로 223 (송정동),113.03,104.07,217.1,12659,11656,24315
버스,송정동자치회관입구,,1,N,Y,N,127.0678257,37.5511351,송정동,11200118,,103900099,4670,서울 성동구 송정동 73-478,,51.83,76.73,128.56,1555,2302,3857
버스,송정동현대아이파크아파트,,1,N,Y,N,127.0686201,37.55218712,송정동,11200118,,103900152,4500,서울 성동구 송정동 1-2,,202.13,175.83,377.96,6064,5275,11339
버스,송정어린이집,,1,N,Y,N,127.0677474,37.54900258,송정동,11200118,,103900295,4512,서울 성동구 송정동 70-65,,60.5,6.2,66.7,1815,186,2001
버스,숭신초등학교,,1,N,Y,N,127.028196,37.56717,송정동,11200118,,103000171,4273,서울 성동구 하왕십리동 564-2,,50.3,60.07,110.37,1509,1802,3311
버스,숭신초등학교.도선고등학교앞,,2,N,Y,N,127.0271676,37.56732969,하왕십리동,11200102,,103900202,4831,서울 성동구 하왕십리동 527-5,,5.23,49.07,54.3,157,1472,1629
버스,신금호역,,2,N,Y,N,127.0201176,37.55560517,금호동2가,11200110,,103000046,4145,서울 성동구 금호동1가 110,서울특별시 성동구 금호로 164-1 (금호동1가),91.33,154.55,245.88,5480,9273,14753
버스,신금호역,,3,N,Y,N,127.019922,37.555678,금호동1가,11200109,,103000047,4146,서울 성동구 금호동2가 223-1,서울특별시 성동구 금호로 지하154 (금호동2가),120.32,106.56,226.88,10829,9590,20419
버스,신금호역,,2,N,Y,N,127.0204908,37.55459318,금호동2가,11200110,,103900022,4504,서울 성동구 금호동1가 505-1,,216.65,136.42,353.07,12999,8185,21184
버스,신금호역,,1,N,Y,N,127.0197856,37.55433559,금호동2가,11200110,,103900101,4674,서울 성동구 금호동2가 448,서울특별시 성동구 무수막길 97 (금호동2가),148.23,568.5,716.73,4447,17055,21502
버스,신금호역,,1,N,Y,N,127.019638,37.554381,금호동1가,11200109,,103900133,4536,서울 성동구 금호동2가 223-1,서울특별시 성동구 금호로 지하154 (금호동2가),545.03,21.57,566.6,16351,647,16998
버스,신금호역4번출구,,2,N,Y,N,127.02053,37.554143,금호동2가,11200110,,103000515,4115,서울 성동구 금호동2가 223-1,서울특별시 성동구 금호로 지하154 (금호동2가),123.3,48.32,171.62,7398,2899,10297
버스,신답역,,3,N,Y,N,127.047505,37.570207,용답동,11200122,,103000118,4217,서울 성동구 용답동 128,,214.99,147.29,362.28,19349,13256,32605
버스,신답초등학교.청계한신휴플러스,,5,N,Y,N,127.044292,37.571753,용답동,11200122,,105000004,6004,서울 성동구 용답동 129-1,,86.54,127.87,214.41,12981,19181,32162
버스,신답초등학교.청계한신휴플러스,,5,N,Y,N,127.0447281,37.57175591,용답동,11200122,,105000005,6005,서울 성동구 용답동 127,서울특별시 성동구 용답길 86 (용답동),117.86,176.14,294,17679,26421,44100
버스,신동아아파트,,1,N,Y,N,127.0300982,37.54976756,응봉동,11200108,,103900011,4746,서울 성동구 응봉동 275-8,서울특별시 성동구 독서당로 373 (응봉동),202.53,103.93,306.46,6076,3118,9194
버스,신동아아파트후문,,1,N,Y,N,127.0328358,37.55468771,행당동,11200107,,103900012,4745,서울 성동구 행당동 344,"서울특별시 성동구 독서당로 441 (행당동, 신동아아파트)",3.5,21.4,24.9,105,642,747
버스,신동아아파트후문,,1,N,Y,N,127.0326937,37.55489468,행당동,11200107,,103900071,4531,서울 성동구 행당동 376,"서울특별시 성동구 고산자로 177 (행당동, 서울숲행당푸르지오아파트)",8.87,49.7,58.57,266,1491,1757
버스,언더스탠드에비뉴,,1,N,Y,N,127.042776,37.543572,성수동1가,11200114,,103900248,4849,서울 성동구 성수동1가 685-703,,51.13,66.57,117.7,1534,1997,3531
버스,영동대교,,1,N,Y,N,127.059982,37.536356,성수동2가,11200115,,103000106,4205,서울 성동구 성수동2가 204-1,,4.57,55.37,59.94,274,3322,3596
버스,영동대교,,1,N,Y,N,127.060066,37.536435,성수동2가,11200115,,103000107,4206,서울 성동구 성수동2가 232-1,서울특별시 성동구 성덕정길 149 (성수동2가),100.42,32.05,132.47,6025,1923,7948
버스,영동대교북단,,13,N,Y,N,127.060742,37.536945,성수동2가,11200115,,103000090,4189,서울 성동구 성수동2가 231-24,,193.95,81.01,274.96,56632,23656,80288
버스,옥수교회,,1,N,Y,N,127.016005,37.54524,옥수동,11200113,,103900209,4843,서울 성동구 옥수동 517-11,서울특별시 성동구 매봉길 10-1 (옥수동),5.8,34.43,40.23,174,1033,1207
버스,옥수동종점,,1,N,Y,N,127.012585,37.549335,옥수동,11200113,,103000069,4168,서울 성동구 옥수동 552,,233.83,269.47,503.3,7015,8084,15099
버스,옥수동주민센터.옥수동성당,,1,N,Y,N,127.0140192,37.54360617,옥수동,11200113,,103900169,4801,서울 성동구 옥수동 산 5-148,,20.1,32.37,52.47,603,971,1574
버스,옥수동주민센터.옥수동성당,,1,N,Y,N,127.0136717,37.54323766,옥수동,11200113,,103900192,4804,서울 성동구 옥수동 265-1,서울특별시 성동구 독서당로 204 (옥수동),23,44.3,67.3,690,1329,2019
버스,옥수삼성아파트,,2,N,Y,N,127.0139485,37.54063526,옥수동,11200113,,103900041,4548,서울 성동구 옥수동 557,"서울특별시 성동구 한림말길 24 (옥수동, 극동옥정아파트)",10.98,12.33,23.31,659,740,1399
버스,옥수삼성아파트,,2,N,Y,N,127.0143208,37.54075326,옥수동,11200113,,103900079,4562,서울 성동구 옥수동 207-4,,29.32,38.53,67.85,1759,2312,4071
버스,옥수삼성아파트.래미안옥수리버젠,,6,N,Y,N,127.0148476,37.54362049,옥수동,11200113,,103000062,4161,서울 성동구 옥수동 285-73,서울특별시 성동구 독서당로 216 (옥수동),122.03,72.73,194.76,21966,13092,35058
버스,옥수삼성아파트.래미안옥수리버젠,,6,N,Y,N,127.0146552,37.54380343,옥수동,11200113,,103000063,4162,서울 성동구 옥수동 산 5-148,,96.9,95.86,192.76,17442,17254,34696
버스,옥수역,,2,N,Y,N,127.0168166,37.54148275,옥수동,11200113,,103900150,4505,서울 성동구 옥수동 367-6,서울특별시 성동구 한림말길 53 (옥수동),887.68,370.63,1258.31,53261,22238,75499
버스,옥수역4번출구,,2,N,Y,N,127.0176125,37.54181185,옥수동,11200113,,103900218,4872,서울 성동구 옥수동 560,"서울특별시 성동구 독서당로40길 37 (옥수동, 옥수 어울림)",414.17,500.77,914.94,37275,45069,82344
버스,옥수역5.6번출구,,1,N,Y,N,127.017002,37.541854,옥수동,11200113,,103900217,4847,서울 성동구 옥수동 401-1,서울특별시 성동구 한림말5길 20 (옥수동),270.67,8.97,279.64,8120,269,8389
버스,옥수종합사회복지관,,2,N,Y,N,127.0128519,37.54088049,옥수동,11200113,,103900037,4541,서울 성동구 옥수동 204-1,서울특별시 성동구 한림말길 16-26 (옥수동),20.08,20.97,41.05,1205,1258,2463
버스,옥수종합사회복지관,,2,N,Y,N,127.0132276,37.54088675,옥수동,11200113,,103900084,4570,서울 성동구 옥수동 204-6,,16.18,45.17,61.35,971,2710,3681
버스,옥수파크힐스아파트앞,,2,N,Y,N,127.013038,37.547113,옥수동,11200113,,103000506,4166,서울 성동구 옥수동 528,"서울특별시 성동구 매봉길 50 (옥수동, 이편한세상옥수파크힐스)",24.88,118.48,143.36,1493,7109,8602
버스,옥수파크힐스아파트앞,,2,N,Y,N,127.013019,37.547018,옥수동,11200113,,103000507,4167,서울 성동구 옥수동 528,"서울특별시 성동구 매봉길 50 (옥수동, 이편한세상옥수파크힐스)",92.8,56.6,149.4,5568,3396,8964
버스,옥정중학교,,1,N,Y,N,127.0109935,37.54097445,옥수동,11200113,,105000470,,서울 성동구 옥수동 450-2,,,,,,,
버스,옥정중학교,,1,N,Y,N,127.0113005,37.54124739,옥수동,11200113,,105000471,,서울 성동구 옥수동 227,서울특별시 성동구 한림말길 11 (옥수동),,,,,,
버스,옥정중학교,,2,N,Y,N,127.0113322,37.54133299,옥수동,11200113,,103900049,4578,서울 성동구 옥수동 227,서울특별시 성동구 한림말길 11 (옥수동),53.57,319.98,373.55,3214,19199,22413
버스,옥정중학교입구,,4,N,Y,N,127.0113027,37.54090407,옥수동,11200113,,103000070,4169,서울 성동구 옥수동 450-1,서울특별시 성동구 독서당로 168 (옥수동),123.22,143.38,266.6,14786,17205,31991
버스,옥정중학교입구,,4,N,Y,N,127.0109995,37.54087707,옥수동,11200113,,103000071,4170,서울 성동구 옥수동 450-21,서울특별시 성동구 독서당로39길 43-1 (옥수동),170.96,82.09,253.05,20515,9851,30366
버스,옥정초등학교,,2,N,Y,N,127.0154196,37.54088924,옥수동,11200113,,103900266,4878,서울 성동구 옥수동 198-4,서울특별시 성동구 한림말길 40 (옥수동),0.88,37.02,37.9,53,2221,2274
버스,올림픽체육관맞은편,,1,N,Y,N,127.049294,37.556934,사근동,11200106,,103900301,4532,서울 성동구 사근동 110,서울특별시 성동구 사근동길 24-18 (사근동),8.53,44.67,53.2,256,1340,1596
버스,올림픽체육관앞,,1,N,Y,N,127.049632,37.557015,사근동,11200106,,103900303,4558,서울 성동구 사근동 110,서울특별시 성동구 사근동길 24-18 (사근동),32.73,0.4,33.13,982,12,994
버스,왕십리2동주민센터,,9,N,Y,N,127.0332626,37.56244961,하왕십리동,11200102,,103000011,4109,서울 성동구 하왕십리동 966-14,서울특별시 성동구 왕십리로 327 (하왕십리동),110.5,77.93,188.43,33151,23379,56530
버스,왕십리KCC스위첸아파트,,1,N,Y,N,127.026824,37.560369,하왕십리동,11200102,,103900269,4884,서울 성동구 하왕십리동 1063,,55.77,24.82,80.59,3346,1489,4835
버스,왕십리광장.왕십리역4번출구,,3,N,Y,N,127.0371334,37.56136444,행당동,11200107,,103000292,4302,서울 성동구 행당동 188-1,,453.22,248.87,702.09,54386,29864,84250
버스,왕십리광장.왕십리역7번출구,,4,N,Y,N,127.036895,37.561133,행당동,11200107,,103000293,4301,서울 성동구 행당동 188-1,,251.86,451.72,703.58,22667,40655,63322
버스,왕십리광장.왕십리역7번출구,,5,N,Y,N,127.0365163,37.56104655,행당동,11200107,,103900154,4753,서울 성동구 행당동 196-9,서울특별시 성동구 왕십리광장로 10-1 (행당동),92.04,236.6,328.64,11045,28392,39437
버스,왕십리교회,,4,N,Y,N,127.023678,37.56663,상왕십리동,11200101,,103000007,4104,서울 성동구 상왕십리동 293-4,,90.48,126.37,216.85,10858,15164,26022
버스,왕십리도선동주민센터,,3,N,Y,N,127.024642,37.567617,상왕십리동,11200101,,103000010,4108,서울 성동구 상왕십리동 196-1,,73.13,29.53,102.66,6582,2658,9240
버스,왕십리도선동주민센터,,1,N,Y,N,127.024413,37.567817,상왕십리동,11200101,,103000295,4304,서울 성동구 상왕십리동 811-4,,81.1,69.6,150.7,2433,2088,4521
버스,왕십리도선동주민센터,,2,N,Y,N,127.0259157,37.56770843,하왕십리동,11200102,,103900201,4832,서울 성동구 하왕십리동 1066-1,,84.73,101.73,186.46,2542,3052,5594
버스,왕십리로교차로,,1,N,Y,N,127.0389354,37.55771977,행당동,11200107,,103900278,4893,서울 성동구 행당동 128-1231,,4.63,36.33,40.96,139,1090,1229
버스,왕십리로교차로,,1,N,Y,N,127.0391339,37.55776761,행당동,11200107,,103900279,4894,서울 성동구 행당동 156-5,,1.13,20.73,21.86,34,622,656
버스,왕십리민자역사,,6,N,Y,N,127.0378535,37.56184269,행당동,11200107,,103900116,4510,서울 성동구 행당동 168-151,서울특별시 성동구 왕십리광장로 17 (행당동),316.64,212.37,529.01,66494,44598,111092
버스,왕십리센트라스아파트,,13,N,Y,N,127.0248052,37.565213,상왕십리동,11200101,,103000006,4103,서울 성동구 하왕십리동 1070,"서울특별시 성동구 왕십리로 410 (하왕십리동, 센트라스)",45.14,86.94,132.08,18689,35995,54684
버스,왕십리역,,9,N,Y,N,127.036192,37.55994731,행당동,11200107,,103000034,4133,서울 성동구 행당동 250,서울특별시 성동구 왕십리로 287-1 (행당동),96.15,64.15,160.3,28748,19182,47930
버스,왕십리역,,8,N,Y,N,127.0362669,37.56033656,행당동,11200107,,103000035,4134,서울 성동구 행당동 225-1,서울특별시 성동구 왕십리로 290 (행당동),33.21,98.46,131.67,8866,26289,35155
버스,왕십리역,,3,N,Y,N,127.034688,37.560723,행당동,11200107,,103000036,4135,서울 성동구 행당동 284,서울특별시 성동구 왕십리로 303 (행당동),99.04,113.19,212.23,8914,10187,19101
버스,왕십리역6-1번출구,,2,N,Y,N,127.037912,37.560793,행당동,11200107,,103900281,4897,서울 성동구 행당동 168-151,서울특별시 성동구 왕십리광장로 17 (행당동),197.5,63.93,261.43,11850,3836,15686
버스,왕십리자이.신당현대아파트,,1,N,Y,N,127.02363,37.560847,행당동,11200107,,103000186,4289,서울 성동구 하왕십리동 1000-650,서울특별시 성동구 난계로 97 (하왕십리동),98.17,110.3,208.47,2945,3309,6254
버스,왕십리자이.신당현대아파트,,2,N,Y,N,127.024101,37.561152,하왕십리동,11200102,,103000187,4290,서울 성동구 하왕십리동 999-280,,180.35,152.92,333.27,10821,9175,19996
버스,왕십리자이.신당현대아파트,,2,N,Y,N,127.0236902,37.56084707,하왕십리동,11200102,,103900053,4603,서울 성동구 하왕십리동 999-270,,76.58,197.97,274.55,4595,11878,16473
버스,왕십리자이아파트107동,,1,N,Y,N,127.0259693,37.55971284,하왕십리동,11200102,,103900268,4883,서울 성동구 하왕십리동 1061,,0.6,42.87,43.47,18,1286,1304
버스,왕십리중앙교회,,2,N,Y,N,127.026563,37.57015475,하왕십리동,11200102,,103900199,4834,서울 성동구 하왕십리동 1074-4,,90.1,54.77,144.87,2703,1643,4346
버스,왕약국,,1,N,Y,N,127.0655473,37.54834119,하왕십리동,11200102,,103900093,4597,서울 성동구 송정동 68-27,,44.6,96.17,140.77,1338,2885,4223
버스,용답동로데오거리.답십리역,,1,N,Y,N,127.0539458,37.56570333,송정동,11200118,,103000119,4218,서울 성동구 용답동 62-1,서울특별시 성동구 천호대로 300-1 (용답동),777.87,361.33,1139.2,23336,10840,34176
버스,용답휴식공원,,2,N,Y,N,127.048053,37.569314,용답동,11200122,,103000165,4267,서울 성동구 용답동 127,서울특별시 성동구 용답길 86 (용답동),40.53,130.3,170.83,2432,7818,10250
버스,용답휴식공원,,2,N,Y,N,127.0479373,37.56955418,용답동,11200122,,103000166,4268,서울 성동구 용답동 128-8,,96.78,132.03,228.81,5807,7922,13729
버스,우리은행.백범학원터,,2,N,Y,N,127.021174,37.548008,용답동,11200122,,103900080,4564,서울 성동구 금호동4가 1101,서울특별시 성동구 장터길 46-1 (금호동4가),6.6,32,38.6,198,960,1158
버스,우리은행.백범학원터,,1,N,Y,N,127.021122,37.548263,금호동4가,11200112,,103900161,4776,서울 성동구 금호동4가 576-1,,24.03,57.63,81.66,721,1729,2450
버스,우리은행화양동지점,,3,N,Y,N,127.066129,37.548118,금호동4가,11200112,,103000189,4293,서울 성동구 성수동2가 280-49,서울특별시 성동구 광나루로 334-1 (성수동2가),196.13,229.71,425.84,17652,20674,38326
버스,원형화단,,1,N,Y,N,127.0194898,37.54859296,성수동2가,11200115,,103900020,4573,서울 성동구 금호동3가 1285-2,서울특별시 성동구 장터1가길 51 (금호동3가),166.97,237.13,404.1,5009,7114,12123
버스,응봉경로당앞,,1,N,Y,N,127.031694,37.55238843,응봉동,11200108,,103900015,4740,서울 성동구 응봉동 97,서울특별시 성동구 독서당로 419 (응봉동),27.5,7.4,34.9,825,222,1047
버스,응봉경로당앞,,1,N,Y,N,127.0316422,37.55262793,응봉동,11200108,,103900072,4545,서울 성동구 응봉동 265-40,서울특별시 성동구 독서당로59길 41-4 (응봉동),13.57,91.4,104.97,407,2742,3149
버스,응봉근린공원.금호산,,1,N,Y,N,127.016922,37.553522,금호동2가,11200110,,101900001,2518,서울 성동구 금호동2가 산 9-1,서울특별시 성동구 금호산15길 15 (금호동2가),15.85,43.73,59.58,951,2624,3575
버스,응봉동주민센터,,5,N,Y,N,127.0335008,37.55339896,응봉동,11200108,,103000039,4138,서울 성동구 응봉동 100,서울특별시 성동구 독서당로 398 (응봉동),51.8,59.03,110.83,7770,8855,16625
버스,응봉동주민센터,,5,N,Y,N,127.0334387,37.55376121,응봉동,11200108,,103000040,4139,서울 성동구 응봉동 134-121,,72.87,145.06,217.93,10931,21759,32690
버스,응봉동현대아파트,,5,N,Y,N,127.030578,37.549732,응봉동,11200108,,103000042,4141,서울 성동구 응봉동 193-238,,187.29,81.56,268.85,28094,12234,40328
버스,응봉동현대아파트,,5,N,Y,N,127.0309,37.550222,응봉동,11200108,,103000043,4142,서울 성동구 응봉동 98,"서울특별시 성동구 독서당로 377 (응봉동, 금호현대아파트)",94.65,153.37,248.02,14197,23006,37203
버스,응봉동현대아파트,,1,N,Y,N,127.0307682,37.54980253,응봉동,11200108,,103900126,4542,서울 성동구 응봉동 200-13,,237.17,216.6,453.77,7115,6498,13613
버스,응봉동현대아파트,,1,N,Y,N,127.030938,37.54986196,응봉동,11200108,,103900212,4845,서울 성동구 응봉동 200-1,서울특별시 성동구 독서당로 384 (응봉동),68.83,174.33,243.16,2065,5230,7295
버스,응봉사거리,,9,N,Y,N,127.034458,37.55529188,행당동,11200107,,103000041,4140,서울 성동구 행당동 349,"서울특별시 성동구 고산자로 164 (행당동, 서울숲한신더휴)",177.39,178.4,355.79,47894,48169,96063
버스,응봉사거리,,1,N,Y,N,127.0340902,37.5553019,행당동,11200107,,103000280,4723,서울 성동구 행당동 344,"서울특별시 성동구 독서당로 441 (행당동, 신동아아파트)",,,,,,
버스,응봉사거리,,1,N,Y,N,127.0344919,37.55508011,행당동,11200107,,103000281,4724,서울 성동구 행당동 349,"서울특별시 성동구 고산자로 164 (행당동, 서울숲한신더휴)",,,,,,
버스,응봉사거리,,2,N,Y,N,127.0345427,37.55486744,행당동,11200107,,103900086,4579,서울 성동구 행당동 349,"서울특별시 성동구 고산자로 164 (행당동, 서울숲한신더휴)",220.43,76.93,297.36,13226,4616,17842
버스,응봉역.광희중,,1,N,Y,N,127.0344034,37.55220114,응봉동,11200108,,103900016,4739,서울 성동구 응봉동 102,서울특별시 성동구 중랑천서자전거길 209 (사근동),201.83,121,322.83,6055,3630,9685
버스,응봉역.광희중,,1,N,Y,N,127.0344339,37.55204254,응봉동,11200108,,103900045,4563,서울 성동구 응봉동 193,서울특별시 성동구 독서당로62길 28 (응봉동),210.87,100.7,311.57,6326,3021,9347
버스,응봉역.광희중학교,,1,N,Y,N,127.035298,37.551878,응봉동,11200108,,103900272,4887,서울 성동구 응봉동 59,"서울특별시 성동구 독서당로63길 59 (응봉동, 응봉동다세대)",20.38,21.13,41.51,1223,1268,2491
버스,응봉초등학교.대림아파트,,1,N,Y,N,127.0334307,37.55106784,응봉동,11200108,,103900078,4556,서울 성동구 응봉동 193,서울특별시 성동구 독서당로62길 28 (응봉동),146.57,99.17,245.74,4397,2975,7372
버스,응봉초등학교.대림아파트,,1,N,Y,N,127.033168,37.5508021,응봉동,11200108,,103900128,4742,서울 성동구 응봉동 103,,60.6,85.97,146.57,1818,2579,4397
버스,응봉현대아파트,,1,N,Y,N,127.0307014,37.5497629,응봉동,11200108,,105000461,,서울 성동구 응봉동 193-81,서울특별시 성동구 독서당로 380 (응봉동),,,,,,
버스,응봉현대아파트,,1,N,Y,N,127.0309019,37.55013049,응봉동,11200108,,105000460,,서울 성동구 응봉동 산 3-12,서울특별시 성동구 독서당로 381-1 (응봉동),,,,,,
버스,이마트.서울숲힐스테이트아파트,,1,N,Y,N,127.052284,37.540121,성수동2가,11200115,,103900253,4854,서울 성동구 성수동2가 845,,0.8,5.13,5.93,24,154,178
버스,이마트.서울숲힐스테이트아파트,,1,N,Y,N,127.05257,37.540528,성수동2가,11200115,,103900259,4860,서울 성동구 성수동2가 843,"서울특별시 성동구 성수일로4길 26 (성수동2가, 서울숲힐스테이트)",7.6,1.33,8.93,228,40,268
버스,장한평역,,10,N,Y,N,127.066093,37.561188,용답동,11200122,,103000003,4003,서울 성동구 용답동 224-3,,241.59,240.69,482.28,65228,64985,130213
버스,제3법학관,,1,N,Y,N,127.048637,37.556233,사근동,11200106,,103900302,4537,서울 성동구 사근동 110,서울특별시 성동구 사근동길 24-18 (사근동),60.17,19.6,79.77,1805,588,2393
버스,제민약국,,1,N,Y,N,127.058517,37.536593,성수동2가,11200115,,103000185,4288,서울 성동구 성수동2가 838,"서울특별시 성동구 뚝섬로 434 (성수동2가, 성수동 두산위브)",39.77,32.57,72.34,2386,1954,4340
버스,제민약국,,1,N,Y,N,127.058488,37.536507,성수동2가,11200115,,103000188,4291,서울 성동구 성수동2가 219-1,,6.17,34.48,40.65,370,2069,2439
버스,제인병원,,3,N,Y,N,127.056837,37.549348,송정동,11200118,,103000112,4211,서울 성동구 송정동 81-14,서울특별시 성동구 광나루로 243 (송정동),67.92,67.86,135.78,6113,6107,12220
버스,제일감리교회,,1,N,Y,N,127.0269037,37.54786612,금호동4가,11200112,,103900146,4535,서울 성동구 금호동4가 96,서울특별시 성동구 독서당로 342 (금호동4가),174.27,153.93,328.2,5228,4618,9846
버스,중앙병원,,1,N,Y,N,127.0193176,37.55196128,금호동2가,11200110,,103900075,4551,서울 성동구 금호동2가 511-1,,103.8,42.73,146.53,3114,1282,4396
버스,중앙병원앞,,1,N,Y,N,127.0194715,37.55212796,금호동2가,11200110,,103900097,4667,서울 성동구 금호동2가 510-2,서울특별시 성동구 금호산길 42 (금호동2가),4.5,185.6,190.1,135,5568,5703
버스,중앙슈퍼,,1,N,Y,N,127.0665318,37.54951566,송정동,11200118,,103900096,4615,서울 성동구 송정동 73-493,,25.27,69.17,94.44,758,2075,2833
버스,중앙하이츠아파트,,1,N,Y,N,127.03845,37.565054,마장동,11200105,,103900171,4825,서울 성동구 마장동 776-17,,1.37,20.6,21.97,41,618,659
버스,중앙하이츠아파트,,1,N,Y,N,127.0389001,37.56525269,마장동,11200105,,103900188,4808,서울 성동구 마장동 819,"서울특별시 성동구 마장로 262 (마장동, 중앙하이츠아파트)",27.6,3.1,30.7,828,93,921
버스,지하철2호선성수역,,1,N,Y,N,127.0546618,37.54477028,성수동2가,11200115,,103900083,4569,서울 성동구 성수동2가 314-6,서울특별시 성동구 아차산로 96 (성수동2가),716.23,12.27,728.5,21487,368,21855
버스,천은교회.성동청소년상담복지센터,,1,N,Y,N,127.026797,37.554691,행당동,11200107,,103900051,4582,서울 성동구 행당동 346,서울특별시 성동구 행당로 76 (행당동),0.43,15.7,16.13,13,471,484
버스,천은교회.성동청소년상담복지센터,,1,N,Y,N,127.0266661,37.55459194,금호동1가,11200109,,103900104,4680,서울 성동구 금호동1가 631,서울특별시 성동구 행당로6길 20 (금호동1가),0.9,13.57,14.47,27,407,434
버스,천주교성수동성당앞,,4,N,Y,N,127.046139,37.53937,성수동1가,11200114,,103000074,4173,서울 성동구 성수동1가 694-3,,100.6,19.12,119.72,12072,2294,14366
버스,천주교성수동성당앞,,4,N,Y,N,127.046074,37.53930553,성수동1가,11200114,,103000075,4174,서울 성동구 성수동1가 718-3,서울특별시 성동구 성덕정길 22-1 (성수동1가),24.98,104.24,129.22,2997,12509,15506
버스,청계9가.텐즈힐2단지정문앞,,1,N,Y,N,127.0255654,37.57074945,상왕십리동,11200101,,103000159,4261,서울 성동구 상왕십리동 2-26,,85.83,37.6,123.43,2575,1128,3703
버스,청계벽산아파트,,1,N,Y,N,127.0303705,37.56826244,하왕십리동,11200102,,103900052,4590,서울 성동구 하왕십리동 258,"서울특별시 성동구 무학로 50 (하왕십리동, 벽산아파트)",82.07,257.27,339.34,2462,7718,10180
버스,청계벽산아파트.텐즈힐아파트,,4,N,Y,N,127.030377,37.568863,하왕십리동,11200102,,103000008,4106,서울 성동구 하왕십리동 258,"서울특별시 성동구 무학로 50 (하왕십리동, 벽산아파트)",155.74,160.74,316.48,18689,19289,37978
버스,청계벽산아파트.텐즈힐아파트,,5,N,Y,N,127.03004,37.567955,하왕십리동,11200102,,103000009,4107,서울 성동구 하왕십리동 259-12,,113.06,101.83,214.89,16959,15275,32234
버스,청계장원아파트,,1,N,Y,N,127.0448455,37.56934274,마장동,11200105,,103900207,4842,서울 성동구 마장동 804,서울특별시 성동구 마장로 지하296 (마장동),0.4,52.07,52.47,12,1562,1574
버스,청계장원아파트,,1,N,Y,N,127.044743,37.569336,마장동,11200105,,103900208,4837,서울 성동구 마장동 804,서울특별시 성동구 마장로 지하296 (마장동),22.83,0.37,23.2,685,11,696
버스,청년회의소.서울새활용플라자,,8,N,Y,N,127.060482,37.562035,용답동,11200122,,103000002,4002,서울 성동구 용답동 224-2,서울특별시 성동구 천호대로 378-1 (용답동),178.43,228.05,406.48,42823,54732,97555
버스,충북상회,,1,N,Y,N,127.0310094,37.5527923,응봉동,11200108,,103900061,4702,서울 성동구 응봉동 265-50,서울특별시 성동구 독서당로59다길 15 (응봉동),77.77,21.13,98.9,2333,634,2967
버스,코스모타워,,1,N,Y,N,127.033286,37.562788,하왕십리동,11200102,,103900113,4593,서울 성동구 하왕십리동 960-3,서울특별시 성동구 왕십리로 357-1 (하왕십리동),75.37,115.87,191.24,2261,3476,5737
버스,코스모타워.서울신용보증재단성동지점,,9,N,Y,N,127.0329029,37.56298226,하왕십리동,11200102,,103000012,4110,서울 성동구 하왕십리동 960-3,서울특별시 성동구 왕십리로 357-1 (하왕십리동),89.72,120.12,209.84,26917,36036,62953
버스,텐즈힐아파트101동.115동,,2,N,Y,N,127.029276,37.56698,하왕십리동,11200102,,103900197,4830,서울 성동구 하왕십리동 205-6,,8.53,29.63,38.16,256,889,1145
버스,텐즈힐아파트107동앞,,2,N,Y,N,127.0285145,37.56956858,하왕십리동,11200102,,103900210,4844,서울 성동구 하왕십리동 1066-2,,24.43,29.1,53.53,733,873,1606
버스,텐즈힐아파트120동.213동앞,,2,N,Y,N,127.026001,37.569125,하왕십리동,11200102,,103900200,4833,서울 성동구 하왕십리동 1066-3,,86.27,87.7,173.97,2588,2631,5219
버스,풍림아이원아파트후문,,1,N,Y,N,127.02685,37.56019425,하왕십리동,11200102,,103900271,4886,서울 성동구 하왕십리동 1062,,1.73,31.03,32.76,52,931,983
버스,풍림아파트,,3,N,Y,N,127.023905,37.559145,하왕십리동,11200102,,103000173,4276,서울 성동구 하왕십리동 1063,,124.33,117.9,242.23,11190,10611,21801
버스,한남하이츠아파트,,1,N,Y,N,127.0115923,37.54005431,옥수동,11200113,,103900069,4527,서울 성동구 옥수동 220-4,,30.43,12.57,43,913,377,1290
버스,한라시그마밸리,,1,N,Y,N,127.0551786,37.53990607,성수동2가,11200115,,103900235,4864,서울 성동구 성수동2가 325-2,서울특별시 성동구 성수이로 51 (성수동2가),28,44.73,72.73,840,1342,2182
버스,한라시그마밸리앞,,1,N,Y,N,127.05532,37.539647,성수동2가,11200115,,103900256,4857,서울 성동구 성수동2가 331-14,서울특별시 성동구 성수이로 50 (성수동2가),22.03,47.63,69.66,661,1429,2090
버스,한신아파트,,1,N,Y,N,127.0192957,37.55075381,금호동3가,11200111,,103900043,4557,서울 성동구 금호동3가 1191-1,,89.77,65.33,155.1,2693,1960,4653
버스,한신아파트,,1,N,Y,N,127.0194078,37.5507583,금호동3가,11200111,,103900054,4648,서울 성동구 금호동3가 1250-1,서울특별시 성동구 금호산길 28 (금호동3가),90.73,211.77,302.5,2722,6353,9075
버스,한신아파트정문,,1,N,Y,N,127.0353825,37.55483475,행당동,11200107,,103900173,4823,서울 성동구 행당동 359,,15.63,5.8,21.43,469,174,643
버스,한신아파트후문,,1,N,Y,N,127.037073,37.5537403,행당동,11200107,,103900174,4822,서울 성동구 행당동 359,,91.13,18.2,109.33,2734,546,3280
버스,한양대동문앞,,1,N,Y,N,127.049676,37.55564329,사근동,11200106,,103000297,4303,서울 성동구 사근동 102-17,,22.6,93.67,116.27,678,2810,3488
버스,한양대병원후문,,1,N,Y,N,127.041957,37.560011,행당동,11200107,,103900305,4576,서울 성동구 행당동,,23.23,58.23,81.46,697,1747,2444
버스,한양대부속고등학교,,2,N,Y,N,127.041413,37.560925,행당동,11200107,,103000026,4125,서울 성동구 행당동 10,서울특별시 성동구 마조로 32 (행당동),405.15,66.93,472.08,24309,4016,28325
버스,한양대부속고등학교,,2,N,Y,N,127.0411546,37.56038812,행당동,11200107,,103000027,4126,서울 성동구 행당동 3-25,,140.28,212.62,352.9,8417,12757,21174
버스,한양대앞,,2,N,Y,N,127.040647,37.558525,행당동,11200107,,103000029,4128,서울 성동구 행당동 19-72,,92.8,99.4,192.2,5568,5964,11532
버스,한양대앞.한양시장,,3,N,Y,N,127.0409668,37.5585824,행당동,11200107,,103000028,4127,서울 성동구 행당동 22-7,서울특별시 성동구 마조로 8-1 (행당동),120.9,92.54,213.44,10881,8329,19210
버스,한양대정문,,9,N,Y,N,127.0431286,37.55638837,행당동,11200107,,103000030,4129,서울 성동구 행당동 33-8,서울특별시 성동구 살곶이8길 23 (행당동),142.35,78.07,220.42,42564,23343,65907
버스,한양대정문앞,,9,N,Y,N,127.043138,37.556996,행당동,11200107,,103000031,4130,서울 성동구 행당동 33,서울특별시 성동구 살곶이8길 23 (행당동),105.47,154.65,260.12,31535,46241,77776
버스,한양대학교경영대학,,1,N,Y,N,127.04853,37.557084,사근동,11200106,,103900304,4568,서울 성동구 사근동 110,서울특별시 성동구 사근동길 24-18 (사근동),107.3,1,108.3,3219,30,3249
버스,한양대학교류마티스병원동관,,1,N,Y,N,127.044651,37.559973,사근동,11200106,,103900290,4907,서울 성동구 사근동 110,서울특별시 성동구 사근동길 24-18 (사근동),104.27,2.9,107.17,3128,87,3215
버스,한양대학교백남학술정보관,,1,N,Y,N,127.045845,37.55773422,사근동,11200106,,103900287,4908,서울 성동구 사근동 110,서울특별시 성동구 사근동길 24-18 (사근동),6.93,143.33,150.26,208,4300,4508
버스,한양대학교병원본관1층,,1,N,Y,N,127.0438016,37.55945987,사근동,11200106,,103900285,4904,서울 성동구 사근동 110,서울특별시 성동구 사근동길 24-18 (사근동),3.77,101.97,105.74,113,3059,3172
버스,한양대학교병원본관1층,,1,N,Y,N,127.0435712,37.55945161,사근동,11200106,,103900291,4905,서울 성동구 사근동 110,서울특별시 성동구 사근동길 24-18 (사근동),24.07,8.37,32.44,722,251,973
버스,한양대학교병원응급실,,1,N,Y,N,127.0446,37.559812,사근동,11200106,,103900286,4906,서울 성동구 사근동 110,서울특별시 성동구 사근동길 24-18 (사근동),9.9,173.13,183.03,297,5194,5491
버스,한양대학교생활과학대학,,1,N,Y,N,127.0465029,37.55680349,사근동,11200106,,103900288,4910,서울 성동구 사근동 110,서울특별시 성동구 사근동길 24-18 (사근동),5.7,78.93,84.63,171,2368,2539
버스,한양대학교정문,,1,N,Y,N,127.0421228,37.55777611,행당동,11200107,,103900283,4914,서울 성동구 행당동,,91.63,11.8,103.43,2749,354,3103
버스,한양대학교제2의학관,,1,N,Y,N,127.042132,37.559328,행당동,11200107,,103900284,4912,서울 성동구 사근동 110,서울특별시 성동구 사근동길 24-18 (사근동),58.8,23.23,82.03,1764,697,2461
버스,한양여대앞,,1,N,Y,N,127.0503,37.55951,사근동,11200106,,103000145,4247,서울 성동구 사근동 120-22,,20.9,151.9,172.8,627,4557,5184
버스,한양여대앞,,1,N,Y,N,127.050625,37.559227,사근동,11200106,,103000296,4305,서울 성동구 사근동 120-22,,225.53,5.57,231.1,6766,167,6933
버스,한양종합기술연구원.생활과학대학,,1,N,Y,N,127.0460706,37.5576911,사근동,11200106,,103900289,4909,서울 성동구 사근동 110,서울특별시 성동구 사근동길 24-18 (사근동),87.4,3.37,90.77,2622,101,2723
버스,한양지구대,,1,N,Y,N,127.042025,37.560218,행당동,11200107,,103000131,4232,서울 성동구 행당동 10,서울특별시 성동구 마조로 32 (행당동),191.37,99.93,291.3,5741,2998,8739
버스,한양지구대,,1,N,Y,N,127.0419242,37.56024458,행당동,11200107,,103000132,4233,서울 성동구 행당동 10,서울특별시 성동구 마조로 32 (행당동),69.1,128.27,197.37,2073,3848,5921
버스,한전입구,,2,N,Y,N,127.0351185,37.5662652,마장동,11200105,,103900089,4585,서울 성동구 마장동 474-28,서울특별시 성동구 고산자로 340-1 (마장동),37.3,89.93,127.23,1119,2698,3817
버스,한진아파트후문,,3,N,Y,N,127.0269971,37.5560183,행당동,11200107,,103900032,4530,서울 성동구 행당동 346,서울특별시 성동구 행당로 76 (행당동),22.72,35.45,58.17,1363,2127,3490
버스,행당1동주민센터.성동소방서,,9,N,Y,N,127.038407,37.558268,행당동,11200107,,103000037,4136,서울 성동구 행당동 130-129,서울특별시 성동구 왕십리로 259 (행당동),49.41,33.62,83.03,14824,10086,24910
버스,행당2동주민센터,,3,N,Y,N,127.0306538,37.5577376,행당동,11200107,,103900038,4544,서울 성동구 행당동 322-410,서울특별시 성동구 행당로 106 (행당동),28.65,62.27,90.92,1719,3736,5455
버스,행당2동주민센터,,3,N,Y,N,127.0304206,37.55782957,행당동,11200107,,103900105,4685,서울 성동구 행당동 317-5,,26.08,65.22,91.3,1565,3913,5478
버스,행당동서울숲더샵,,1,N,Y,N,127.039717,37.557808,행당동,11200107,,103900282,4898,서울 성동구 행당동 157-4,서울특별시 성동구 왕십리로 252 (행당동),18.2,25,43.2,546,750,1296
버스,행당동서울숲더샵,,1,N,Y,N,127.039904,37.558001,행당동,11200107,,103900294,4899,서울 성동구 행당동 157-4,서울특별시 성동구 왕십리로 252 (행당동),21.13,40.2,61.33,634,1206,1840
버스,행당서울숲푸르지오109동앞,,1,N,Y,N,127.0318012,37.55438612,행당동,11200107,,103900014,4743,서울 성동구 행당동 344,"서울특별시 성동구 독서당로 441 (행당동, 신동아아파트)",16.3,9.77,26.07,489,293,782
버스,행당서울숲푸르지오109동앞,,1,N,Y,N,127.031711,37.554456,행당동,11200107,,103900034,4538,서울 성동구 행당동 344-1,,15.33,77.67,93,460,2330,2790
버스,행당서울숲푸르지오상가앞,,1,N,Y,N,127.033891,37.555614,행당동,11200107,,103900117,4524,서울 성동구 행당동 376-4,,97.77,40.67,138.44,2933,1220,4153
버스,행당서울숲푸르지오상가앞,,1,N,Y,N,127.0340187,37.55557299,행당동,11200107,,103900119,4748,서울 성동구 행당동 344,"서울특별시 성동구 독서당로 441 (행당동, 신동아아파트)",15.67,61.2,76.87,470,1836,2306
버스,행당신동아.행당푸르지오아파트,,6,N,Y,N,127.0340193,37.55614084,행당동,11200107,,103000170,4272,서울 성동구 행당동 322-100,서울특별시 성동구 행당로8길 41-2 (행당동),117.99,67.12,185.11,21238,12081,33319
버스,행당역,,4,N,Y,N,127.0290983,37.5570009,행당동,11200107,,103000176,4279,서울 성동구 행당동 346-14,,212.91,144.09,357,19162,12968,32130
버스,행당역,,1,N,Y,N,127.0287644,37.55707937,행당동,11200107,,103000177,4280,서울 성동구 행당동 347-10,,426.47,318.43,744.9,12794,9553,22347
버스,행당역.대림아파트정문,,4,N,Y,N,127.0286716,37.55704966,행당동,11200107,,103900123,4589,서울 성동구 행당동 347-10,,243.56,121.8,365.36,21920,10962,32882
버스,행당중학교,,1,N,Y,N,127.044352,37.553821,행당동,11200107,,103000505,4306,서울 성동구 행당동 67-1,,19.17,42.9,62.07,575,1287,1862
버스,행당푸르지오아파트,,1,N,Y,N,127.0340035,37.55623906,행당동,11200107,,103900162,4780,서울 성동구 행당동 322-175,서울특별시 성동구 고산자로 179 (행당동),34.1,113.1,147.2,1023,3393,4416
버스,현대공업사앞,,1,N,Y,N,127.032439,37.550105,응봉동,11200108,,103900013,4744,서울 성동구 응봉동 100,서울특별시 성동구 독서당로 398 (응봉동),33.87,38.5,72.37,1016,1155,2171
버스,현대공업사앞,,1,N,Y,N,127.0325678,37.54995073,응봉동,11200108,,103900074,4549,서울 성동구 응봉동 201-10,서울특별시 성동구 독서당로62길 18-1 (응봉동),43.77,39.7,83.47,1313,1191,2504
버스,현대그린아파트,,1,N,Y,N,127.049622,37.540523,성수동1가,11200114,,103900261,4861,서울 성동구 성수동1가 33-3,"서울특별시 성동구 뚝섬로3길 6 (성수동1가, 성수현대그린아파트)",11.83,3.47,15.3,355,104,459
버스,화단삼거리,,3,N,Y,N,127.0198767,37.54841742,금호동4가,11200112,,103900028,4521,서울 성동구 금호동3가 895,서울특별시 성동구 장터길 35 (금호동3가),33.35,82.15,115.5,2001,4929,6930
버스,화단삼거리,,2,N,Y,N,127.0196278,37.54821898,금호동3가,11200111,,103900141,4766,서울 성동구 금호동4가 1192,서울특별시 성동구 장터길 34 (금호동4가),54.87,17.13,72,3292,1028,4320
버스,화단앞,,1,N,Y,N,127.019654,37.54862447,금호동3가,11200111,,103900091,4594,서울 성동구 금호동3가 902,서울특별시 성동구 금호산길 4 (금호동3가),493.03,122.17,615.2,14791,3665,18456
버스,화양사거리,,5,N,Y,N,127.0666629,37.54727767,성수동2가,11200115,,103000108,4207,서울 성동구 성수동2가 281-24,서울특별시 성동구 광나루로8길 31 (성수동2가),239.8,168.5,408.3,34051,23927,57978
버스,황학교.텐즈힐몰,,1,N,Y,N,127.0236037,37.57005175,상왕십리동,11200101,,103000191,4295,서울 성동구 상왕십리동 811,"서울특별시 성동구 마장로 137 (상왕십리동, 텐즈힐)",258.37,316.93,575.3,7751,9508,17259
버스,힐스테이트서울숲리버,,1,N,Y,N,127.0253856,37.54674459,금호동4가,11200112,,103900145,4517,서울 성동구 금호동4가 1553-6,,83.3,145.3,228.6,2499,4359,6858
버스,힐스테이트서울숲리버아파트,,5,N,Y,N,127.0270576,37.54788771,금호동4가,11200112,,103000060,4159,서울 성동구 금호동4가 96,서울특별시 성동구 독서당로 342 (금호동4가),127.43,90.08,217.51,19114,13512,32626
따릉이,kt 행당빌딩 앞,,,N,N,Y,127.0343552,37.55862045,행당동,11200107,4367,,,,,,,49.1,,,6534
따릉이,경일중학교 앞,,,N,N,Y,127.0490799,37.54317856,성수동1가,11200114,582,,,,,,,83.58,,,12199
따릉이,금남시장 교차로,,,N,N,Y,127.0210877,37.54814911,금호동4가,11200112,533,,,,,,,18.68,,,2657
따릉이,금호 어울림 아파트 앞,,,N,N,Y,127.0577927,37.54906082,송정동,11200118,506,,,,,,,34.35,,,5382
따릉이,금호사거리,,,N,N,Y,127.0257263,37.54863358,금호동2가,11200110,534,,,,,,,13.1,,,1870
따릉이,금호스포츠센터앞,,,N,N,Y,127.0250702,37.54608917,금호동4가,11200112,3525,,,,,,,30.68,,,3923
따릉이,금호역 1번출구 앞,,,N,N,Y,127.0164261,37.5486412,금호동3가,11200111,522,,,,,,,12.74,,,1943
따릉이,금호역 3번출구,,,N,N,Y,127.0155716,37.54792786,금호동4가,11200112,564,,,,,,,4.83,,,780
따릉이,논골사거리(금호도서관 입구),,,N,N,Y,127.0248413,37.55477905,금호동1가,11200109,3531,,,,,,,8.16,,,1405
따릉이,달맞이공원,,,N,N,Y,127.020401,37.54205322,옥수동,11200113,556,,,,,,,4.61,,,636
따릉이,답십리역 8번출구 앞,,,N,N,Y,127.0511551,37.56764984,용답동,11200122,538,,,,,,,18.48,,,2674
따릉이,더스페이스타워 앞,,,N,N,Y,127.0463638,37.55140305,성수동1가,11200114,4381,,,,,,,64.39,,,9023
따릉이,도선동 주민센터 앞,,,N,N,Y,127.0256958,37.56764221,상왕십리동,11200101,557,,,,,,,60.71,,,9042
따릉이,뚝섬역 1번 출구 옆,,,N,N,Y,127.0450058,37.5485611,성수동1가,11200114,512,,,,,,,124.84,,,17050
따릉이,뚝섬역 5번 출구 정류소 옆,,,N,N,Y,127.0498047,37.54630661,성수동1가,11200114,513,,,,,,,54.03,,,8105
따릉이,래미안금호하이리버 아파트 102동 옆,,,N,N,Y,127.0250549,37.55220032,금호동2가,11200110,524,,,,,,,16.19,,,2443
따릉이,르노삼성자동차 성수사업소 앞,,,N,N,Y,127.0595779,37.54824448,성수동2가,11200115,4360,,,,,,,41.1,,,6755
따릉이,마장동 주민센터,,,N,N,Y,127.0453949,37.56594086,마장동,11200105,586,,,,,,,36.84,,,5533
따릉이,마장역 4번출구,,,N,N,Y,127.0418472,37.56520462,마장동,11200105,579,,,,,,,47.94,,,6797
따릉이,비전교회 앞,,,N,N,Y,127.0689316,37.55120468,송정동,11200118,560,,,,,,,98.94,,,15048
따릉이,상왕십리역 1번출구,,,N,N,Y,127.0291977,37.56460953,홍익동,11200103,3513,,,,,,,99.84,,,15071
따릉이,상왕십리역 4번 출구 앞,,,N,N,Y,127.0303192,37.56385803,하왕십리동,11200102,520,,,,,,,37.77,,,6309
따릉이,서울숲 관리사무소,,,N,N,Y,127.0420837,37.54281616,성수동1가,11200114,3515,,,,,,,105.71,,,10389
따릉이,서울숲 지식산업센터,,,N,N,Y,127.0484924,37.54127502,성수동1가,11200114,4373,,,,,,,102.65,,,16180
따릉이,서울숲역 2번출구 앞,,,N,N,Y,127.0446701,37.54281616,성수동1가,11200114,561,,,,,,,83.84,,,11770
따릉이,서울숲역 5번 출구 옆,,,N,N,Y,127.0446091,37.54458237,성수동1가,11200114,511,,,,,,,66.9,,,8701
따릉이,서울시설공단 앞,,,N,N,Y,127.0356598,37.57164001,마장동,11200105,550,,,,,,,56.74,,,8897
따릉이,성동광진 교육지원청 앞,,,N,N,Y,127.0365219,37.56460571,행당동,11200107,558,,,,,,,64.32,,,9418
따릉이,성동세무서 건너편,,,N,N,Y,127.0627518,37.5479126,성수동2가,11200115,563,,,,,,,76.45,,,11819
따릉이,성동세무서 부근,,,N,N,Y,127.0624619,37.54829025,송정동,11200118,578,,,,,,,69.61,,,11274
따릉이,성수2가1동 공영주차장 인근,,,N,N,Y,127.0554886,37.53680801,성수동2가,11200115,585,,,,,,,185.32,,,27855
따릉이,성수사거리 버스정류장 앞,,,N,N,Y,127.0633087,37.54257965,성수동2가,11200115,514,,,,,,,114.45,,,18083
따릉이,성수아카데미타워 앞,,,N,N,Y,127.0575104,37.54516602,성수동2가,11200115,508,,,,,,,70.38,,,15777
따릉이,성수역 1번출구 주변,,,N,N,Y,127.0533676,37.54555893,성수동2가,11200115,4387,,,,,,,68.39,,,10248
따릉이,성수역3번출구,,,N,N,Y,127.0566559,37.54415894,성수동2가,11200115,589,,,,,,,136.13,,,24395
따릉이,신금호역 2번출구 앞,,,N,N,Y,127.0198898,37.55507278,금호동2가,11200110,4363,,,,,,,3.3,,,487
따릉이,양지사거리,,,N,N,Y,127.0299149,37.56699371,홍익동,11200103,519,,,,,,,41.03,,,6111
따릉이,옥수동성당 옆,,,N,N,Y,127.014061,37.54366302,옥수동,11200113,523,,,,,,,6.73,,,994
따릉이,옥수역 3번출구,,,N,N,Y,127.0177612,37.54136658,옥수동,11200113,565,,,,,,,233.52,,,29066
따릉이,왕십리KCC스위첸아파트,,,N,N,Y,127.0267792,37.56068039,하왕십리동,11200102,3532,,,,,,,9.03,,,1387
따릉이,왕십리교회옆,,,N,N,Y,127.0236969,37.56626129,상왕십리동,11200101,3514,,,,,,,111.61,,,16795
따릉이,왕십리역 11번 출구 앞,,,N,N,Y,127.0349197,37.56144714,행당동,11200107,521,,,,,,,62.9,,,8355
따릉이,왕십리역 4번 출구 건너편,,,N,N,Y,127.0367966,37.56109619,행당동,11200107,559,,,,,,,87.97,,,13220
따릉이,왕십리자이아파트 후문(삼거리),,,N,N,Y,127.0263596,37.56014633,하왕십리동,11200102,3530,,,,,,,10.81,,,2013
따릉이,용답동 우체국 주변,,,N,N,Y,127.0615158,37.56168747,용답동,11200122,4385,,,,,,,81.48,,,12229
따릉이,용답토속공원 앞,,,N,N,Y,127.0567246,37.56351089,용답동,11200122,526,,,,,,,35.29,,,5334
따릉이,우영테크노센터 앞,,,N,N,Y,127.0597153,37.54332352,성수동2가,11200115,4377,,,,,,,97.52,,,14344
따릉이,유니베라 앞,,,N,N,Y,127.0526428,37.54541779,성수동2가,11200115,587,,,,,,,80.81,,,10878
따릉이,응봉삼거리,,,N,N,Y,127.0335922,37.5539856,응봉동,11200108,535,,,,,,,26.52,,,4590
따릉이,응봉역 1번출구,,,N,N,Y,127.0351028,37.55125046,응봉동,11200108,3511,,,,,,,168.58,,,21577
따릉이,응봉현대아파트 정류소,,,N,N,Y,127.0302429,37.54958344,응봉동,11200108,569,,,,,,,13.71,,,1797
따릉이,장한평역 8번 출구 앞,,,N,N,Y,127.0636597,37.56137085,용답동,11200122,529,,,,,,,243.65,,,32634
따릉이,중랑물재생센터(서울새활용플라자),,,N,N,Y,127.0580597,37.55830383,용답동,11200122,594,,,,,,,38.52,,,6437
따릉이,청계벽산아파트 앞,,,N,N,Y,127.0304031,37.56874847,하왕십리동,11200102,530,,,,,,,70.42,,,10321
따릉이,청계천 박물관 앞,,,N,N,Y,127.0353546,37.57152557,마장동,11200105,518,,,,,,,35.1,,,5015
따릉이,청계천 생태교실 앞,,,N,N,Y,127.0468903,37.56797028,마장동,11200105,583,,,,,,,236.03,,,30419
따릉이,코오롱디지털타워 3차앞,,,N,N,Y,127.0499878,37.54655838,성수동1가,11200114,4353,,,,,,,79.19,,,11284
따릉이,페코텍글로벌허브빌딩 앞,,,N,N,Y,127.0668259,37.54753494,성수동2가,11200115,4382,,,,,,,119.48,,,18801
따릉이,푸조비즈타워 앞,,,N,N,Y,127.0646133,37.54808044,성수동2가,11200115,4383,,,,,,,80,,,12458
따릉이,한양대병원사거리,,,N,N,Y,127.0403519,37.55805206,행당동,11200107,525,,,,,,,67.97,,,9714
따릉이,한양대후문역 부근,,,N,N,Y,127.0413971,37.56035614,행당동,11200107,537,,,,,,,53.23,,,7609
따릉이,행당역 2번출구 앞,,,N,N,Y,127.029213,37.55735016,행당동,11200107,536,,,,,,,28.77,,,4187
따릉이,행당중학교 후문,,,N,N,Y,127.0415497,37.5540123,행당동,11200107,4362,,,,,,,28.17,,,3299
따릉이,현대자동차 동부서비스센터 주변,,,N,N,Y,127.0579681,37.546978,성수동2가,11200115,4386,,,,,,,56.26,,,8882
따릉이,건영아파트 앞,,,N,N,Y,127.071106,37.55514145,송정동,11200118,3549,,,,,,,77,,,13019
따릉이,금호나들목,,,N,N,Y,127.023201,37.54404068,금호동4가,11200112,3550,,,,,,,70.84,,,9064
따릉이,답십리역 6번출구,,,N,N,Y,127.05233,37.56678009,용답동,11200122,4392,,,,,,,62.19,,,9644
따릉이,더리브 세종타워 앞,,,N,N,Y,127.0580368,37.54378128,성수동2가,11200115,4399,,,,,,,64.13,,,5756
따릉이,뚝도아리수정수센터 버스정류소 옆,,,N,N,Y,127.0438004,37.54122162,성수동1가,11200114,510,,,,,,,55,,,6251
따릉이,뚝섬역 6번출구,,,N,N,Y,127.0476685,37.54695892,성수동1가,11200114,3548,,,,,,,92.97,,,14064
따릉이,마장동 금호어울림APT앞,,,N,N,Y,127.0418701,37.56339645,마장동,11200105,3558,,,,,,,34.58,,,5176
따릉이,마장역3번출구,,,N,N,Y,127.0431137,37.565979,마장동,11200105,3553,,,,,,,28.52,,,3941
따릉이,마장축산물시장 북문 건너편,,,N,N,Y,127.0386581,37.57179642,마장동,11200105,4397,,,,,,,38.97,,,3489
따릉이,마장축산물시장 서문 인근,,,N,N,Y,127.0375443,37.56911469,마장동,11200105,4396,,,,,,,16,,,1646
따릉이,사근빗물펌프장 건너편,,,N,N,Y,127.0496826,37.56119156,사근동,11200106,3600,,,,,,,144.35,,,18323
따릉이,상왕십리역 6번 출입구,,,N,N,Y,127.0288696,37.56438065,하왕십리동,11200102,3547,,,,,,,35.19,,,5501
따릉이,상원삼거리 장안철교 아래,,,N,N,Y,127.0522232,37.55105209,성수동2가,11200115,4393,,,,,,,57.87,,,8364
따릉이,서울숲 공영주차장앞,,,N,N,Y,127.0427704,37.54195786,성수동1가,11200114,3552,,,,,,,43.77,,,4315
따릉이,서울숲리버뷰자이APT105동 앞,,,N,N,Y,127.0391312,37.55653,행당동,11200107,3557,,,,,,,25.9,,,3746
따릉이,서울숲역3번출구,,,N,N,Y,127.0442352,37.54255676,성수동1가,11200114,4389,,,,,,,19.81,,,2334
따릉이,서울시립24시간게스트하우스,,,N,N,Y,127.0582275,37.55433273,송정동,11200118,4394,,,,,,,17.1,,,2975
따릉이,성동교 사거리,,,N,N,Y,127.044754,37.55141449,성수동1가,11200114,4370,,,,,,,26.65,,,3512
따릉이,성동구 견인차량 보관소 앞,,,N,N,Y,127.0564499,37.56370926,용답동,11200122,3560,,,,,,,75.16,,,11242
따릉이,성동구민종합체육센터 앞,,,N,N,Y,127.0446014,37.54590988,성수동1가,11200114,3559,,,,,,,123.97,,,16508
따릉이,성동도로사업소,,,N,N,Y,127.0563278,37.55979919,용답동,11200122,3551,,,,,,,25.06,,,4236
따릉이,신금호파크자이APT앞,,,N,N,Y,127.019783,37.55610657,금호동2가,11200110,3556,,,,,,,16.23,,,2869
따릉이,신답역 1번출구,,,N,N,Y,127.0469437,37.57045364,용답동,11200122,4390,,,,,,,18.39,,,2836
따릉이,양지사거리(센트라스APT 115동앞),,,N,N,Y,127.0291519,37.56681824,하왕십리동,11200102,3555,,,,,,,11.68,,,1815
따릉이,유원지식산업센터 앞,,,N,N,Y,127.0559311,37.54436493,성수동2가,11200115,4398,,,,,,,50.26,,,4894
따릉이,청계8가 사거리 B,,,N,N,Y,127.0235596,37.57110214,상왕십리동,11200101,568,,,,,,,115.58,,,16586
따릉이,한양대역 1번출구,,,N,N,Y,127.0433579,37.55657959,행당동,11200107,3545,,,,,,,26.61,,,3739
따릉이,한양대역 3번 출구,,,N,N,Y,127.0437775,37.55453873,행당동,11200107,3544,,,,,,,77.42,,,10107
따릉이,행당동 삼부APT후문,,,N,N,Y,127.0383987,37.55926895,행당동,11200107,3561,,,,,,,13.48,,,1967
