GID,gid위도,gid경도,생활인구수,동 이름,gid 버스정류장명,gid버스정류장위도,gid버스정류장경도,NODE_ID
다사594513,37.5606133,127.040868,225,행당동,한양대부속고등학교,37.56038812,127.0411546,103000027
다사588504,37.55247474,127.0341251,321,응봉동,응봉역.광희중,37.55220114,127.0344034,103900016
다사582518,37.56506632,127.0272528,360,하왕십리동,뉴타운아파트,37.564877,127.026968,103000509
다사572499,37.54789524,127.0160406,19,금호동4가,금호역,37.547728,127.016267,103000056
다사573496,37.54519589,127.0171901,146,옥수동,미타사입구,37.54485562,127.0168373,103000064
다사589503,37.55157787,127.0352628,29,응봉동,광희중학교.응봉역,37.55191103,127.0350585,103900175
다사589503,37.55157787,127.0352628,29,응봉동,응봉역.광희중학교,37.551878,127.035298,103900272
다사598521,37.56784146,127.0453531,89,마장동,마장2교사거리,37.567977,127.045459,103900203
다사598521,37.56784146,127.0453531,89,마장동,마장2교사거리,37.56818275,127.0456033,103900204
다사597493,37.54259986,127.0443744,92,성수동1가,서울숲역2번출구,37.54293173,127.0447086,103000078
다사589507,37.55518318,127.0352404,538,행당동,한신아파트정문,37.55483475,127.0353825,103900173
다사594511,37.55881065,127.040879,65,행당동,한양대앞,37.558525,127.040647,103000029
다사594511,37.55881065,127.040879,65,행당동,한양대앞.한양시장,37.5585824,127.0409668,103000028
다사597520,37.56693576,127.0442262,11,마장동,마장동주민센터,37.567063,127.04464,105000455
다사601497,37.54622257,127.0488805,7,성수동1가,뚝섬역5번출구,37.546482,127.049272,103000136
다사590516,37.56329959,127.0363223,107,도선동,성동구청,37.563127,127.035915,103000014
다사590516,37.56329959,127.0363223,107,행당동,성동구청,37.563354,127.036042,103900115
다사590520,37.5669049,127.0363,54,마장동,도선동사거리,37.56676758,127.0365327,103900098
다사590520,37.5669049,127.0363,54,마장동,도선사거리,37.566648,127.036487,103000023
다사615499,37.54808472,127.0647182,31,송정동,성동세무서,37.54823913,127.0643373,103000114
다사575499,37.54790911,127.0194367,248,금호동3가,화단삼거리,37.54821898,127.0196278,103900141
다사578494,37.54341624,127.0228615,127,금호동4가,서울숲푸르지오아파트후문,37.543544,127.022805,103900062
다사580503,37.55153733,127.025074,182,금호동2가,래미안하이리버아파트,37.55145821,127.0254234,103000051
다사579505,37.55333542,127.0239304,191,금호동1가,금호고등학교,37.553096,127.023552,103900056
다사590513,37.5605956,127.0363391,115,행당동,왕십리역,37.56033656,127.0362669,103000035
다사591511,37.55879739,127.0374824,73,행당동,서울숲삼부아파트,37.55872308,127.0379493,103000038
다사571497,37.54608794,127.0149203,487,옥수동,래미안옥수리버젠.옥수중앙교회,37.54591558,127.0148446,103000065
다사571497,37.54608794,127.0149203,487,옥수동,래미안옥수리버젠.옥수중앙교회,37.545782,127.014698,103000066
다사601493,37.54261724,127.0489022,125,성수동1가,경일중고등학교,37.542316,127.049131,103900251
다사601493,37.54261724,127.0489022,125,성수동1가,경일중고등학교,37.542503,127.04921,103900262
다사579524,37.57046062,127.0238215,133,상왕십리동,황학교.텐즈힐몰,37.57005175,127.0236037,103000191
다사608490,37.53994325,127.0568419,80,성수동2가,경수중학교,37.53969986,127.0572982,
다사613493,37.54266835,127.0624857,0,성수동2가,성수사거리,37.542562,127.062352,103900213
다사613493,37.54266835,127.0624857,0,성수동2가,성수사거리,37.542795,127.062362,103900214
다사569493,37.54247331,127.0126797,350,옥수동,국민은행,37.54269716,127.0122219,103900190
다사569493,37.54247331,127.0126797,350,옥수동,국민은행,37.5427782,127.0127561,103900191
다사585522,37.56868517,127.030627,536,하왕십리동,청계벽산아파트.텐즈힐아파트,37.568863,127.030377,103000008
다사588507,37.55517872,127.0341083,159,행당동,응봉사거리,37.55529188,127.034458,103000041
다사588507,37.55517872,127.0341083,159,행당동,응봉사거리,37.5553019,127.0340902,103000280
다사588507,37.55517872,127.0341083,159,행당동,응봉사거리,37.55508011,127.0344919,103000281
다사588507,37.55517872,127.0341083,159,행당동,행당서울숲푸르지오상가앞,37.55557299,127.0340187,103900119
다사584505,37.55335811,127.029591,326,응봉동,대현산체육관입구,37.55296294,127.0297135,103900107
다사584505,37.55335811,127.029591,326,응봉동,대현산체육관입구,37.55308,127.029853,103900122
다사607490,37.53993899,127.05571,13,성수동2가,한라시그마밸리,37.53990607,127.0551786,103900235
다사607490,37.53993899,127.05571,13,성수동2가,한라시그마밸리앞,37.539647,127.05532,103900256
다사591520,37.56690934,127.0374323,82,마장동,도선사거리,37.567023,127.036955,103000022
다사571494,37.54338396,127.0149378,254,옥수동,옥수삼성아파트.래미안옥수리버젠,37.54362049,127.0148476,103000062
다사583504,37.55245227,127.0284646,147,금호동1가,금봉어린이집.또또와마트,37.55264238,127.0287944,103900060
다사583523,37.56957747,127.0283566,199,하왕십리동,텐즈힐아파트107동앞,37.56956858,127.0285145,103900210
다사617501,37.54989571,127.0669719,249,송정동,GS25,37.55030467,127.0671618,103900057
다사569494,37.54337464,127.0126739,333,옥수동,극동아파트7동,37.54372076,127.0126657,103900008
다사569494,37.54337464,127.0126739,333,옥수동,극동아파트7동,37.54361893,127.012754,103900090
다사597492,37.54169853,127.0443799,141,성수동1가,뚝도아리수정수센터수도박물관,37.541407,127.04399,103000077
다사579496,37.54522347,127.023982,278,금호동4가,서울숲푸르지오아파트,37.545015,127.023747,103900219
다사579496,37.54522347,127.023982,278,금호동4가,서울숲푸르지오아파트정문,37.54525619,127.0243938,103900110
다사588510,37.55788271,127.0340914,39,행당동,무학여고,37.55789531,127.0338673,103000033
다사588510,37.55788271,127.0340914,39,행당동,무학여고,37.558122,127.033877,103000278
다사588510,37.55788271,127.0340914,39,행당동,무학여고,37.5581,127.034245,103000279
다사588510,37.55788271,127.0340914,39,행당동,무학여고,37.55749161,127.0339124,103900065
다사588510,37.55788271,127.0340914,39,행당동,무학여고,37.55771859,127.0342554,103900088
다사588510,37.55788271,127.0340914,39,행당동,무학여고앞,37.557855,127.034232,103000032
다사609486,37.53634215,127.0579951,175,성수동2가,제민약국,37.536507,127.058488,103000188
다사580498,37.54703069,127.0251026,133,금호동4가,GS주유소,37.54681133,127.0251254,103900147
다사580498,37.54703069,127.0251026,133,금호동4가,힐스테이트서울숲리버,37.54674459,127.0253856,103900145
다사579511,37.55874338,127.023896,240,하왕십리동,극동.풍림아파트,37.55904489,127.023641,103900111
다사579511,37.55874338,127.023896,240,하왕십리동,풍림아파트,37.559145,127.023905,103000173
다사575504,37.55241575,127.0194078,92,금호동2가,금호초등학교,37.55268843,127.0194943,103900163
다사575504,37.55241575,127.0194078,92,금호동2가,중앙병원앞,37.55212796,127.0194715,103900097
다사592516,37.56330846,127.0385868,142,마장동,민자역사후문,37.56358,127.038505,103900172
다사592516,37.56330846,127.0385868,142,마장동,민자역사후문,37.563549,127.038365,103900187
다사582503,37.55154641,127.0273382,719,금호동1가,벽산아파트107동,37.55168754,127.0274313,103900179
다사582503,37.55154641,127.0273382,719,금호동1가,벽산아파트202동앞,37.551491,127.027356,103900159
다사603502,37.55073786,127.0511175,310,성수동1가,리버하우스,37.55090026,127.0510061,103000152
다사580514,37.56145192,127.0250111,592,하왕십리동,금호베스트빌아파트노인정앞,37.56187332,127.0250695,103900270
다사595518,37.56512434,127.0419726,0,마장동,성동노인복지관,37.56493759,127.0415861,103000019
다사595518,37.56512434,127.0419726,0,마장동,성동노인종합복지관,37.56520977,127.0414403,103900189
다사592510,37.55790049,127.0386202,20,행당동,왕십리로교차로,37.55771977,127.0389354,103900278
다사592510,37.55790049,127.0386202,20,행당동,왕십리로교차로,37.55776761,127.0391339,103900279
다사592510,37.55790049,127.0386202,20,행당동,행당1동주민센터.성동소방서,37.558268,127.038407,103000037
다사573492,37.54159058,127.0172133,21,옥수동,옥수역,37.54148275,127.0168166,103900150
다사573492,37.54159058,127.0172133,21,옥수동,옥수역4번출구,37.54181185,127.0176125,103900218
다사573492,37.54159058,127.0172133,21,옥수동,옥수역5.6번출구,37.541854,127.017002,103900217
다사592506,37.55429518,127.0386424,589,행당동,서울숲리버뷰자이아파트제1주차장,37.55419708,127.038889,103900277
다사602488,37.5381149,127.0500613,186,성수동1가,성수1가1동새마을금고,37.53822,127.04955,103000072
다사598513,37.56063083,127.0453969,209,사근동,사근동주민센터,37.560815,127.04565,103000127
다사598513,37.56063083,127.0453969,209,사근동,사근동주민센터,37.560933,127.045712,103000128
다사580508,37.55604396,127.0250454,301,행당동,논골.대림아파트107동.금호동벽산아파트,37.5558964,127.0249544,103900216
다사580508,37.55604396,127.0250454,301,금호동1가,논골사거리,37.55612602,127.0247742,103900100
다사581512,37.55965382,127.0261547,439,하왕십리동,왕십리자이아파트107동,37.55971284,127.0259693,103900268
다사583509,37.5569589,127.0284362,75,행당동,행당역,37.55707937,127.0287644,103000177
다사583509,37.5569589,127.0284362,75,행당동,행당역.대림아파트정문,37.55704966,127.0286716,103900123
다사568492,37.54156731,127.0115537,9,옥수동,옥정중학교,37.54124739,127.0113005,105000471
다사568492,37.54156731,127.0115537,9,옥수동,옥정중학교,37.54133299,127.0113322,103900049
다사587511,37.55877956,127.0329536,102,행당동,무학여고,37.55839115,127.0330163,103000178
다사587511,37.55877956,127.0329536,102,행당동,무학중학교.무학여고,37.55842262,127.0332891,103900018
다사577499,37.54791831,127.0217008,112,금호동4가,금남시장앞.백범학원터,37.54808522,127.0218686,103000054
다사577499,37.54791831,127.0217008,112,금호동3가,금남시장앞.백범학원터,37.54827449,127.021648,103900009
다사577499,37.54791831,127.0217008,112,용답동,우리은행.백범학원터,37.548008,127.021174,103900080
다사584520,37.56687802,127.029506,559,하왕십리동,텐즈힐아파트101동.115동,37.56698,127.029276,103900197
다사587502,37.55066761,127.0330043,278,응봉동,응봉초등학교.대림아파트,37.5508021,127.033168,103900128
다사581523,37.5695684,127.0260919,157,하왕십리동,텐즈힐아파트120동.213동앞,37.569125,127.026001,103900200
다사582513,37.56055968,127.0272812,206,하왕십리동,왕십리KCC스위첸아파트,37.560369,127.026824,103900269
다사587505,37.55337159,127.0329874,547,응봉동,응봉동주민센터,37.55339896,127.0335008,103000039
다사597502,37.55071184,127.044325,0,성수동1가,성동교남단,37.55050752,127.0439628,103000087
다사618500,37.54899853,127.0681091,0,송정동,송정어린이집,37.54900258,127.0677474,103900295
다사580507,37.55514264,127.0250511,208,금호동1가,논골.e편한세상금호114동,37.55519162,127.0246041,103900124
다사580507,37.55514264,127.0250511,208,금호동1가,논골사거리,37.55531503,127.0248124,103900076
다사580507,37.55514264,127.0250511,208,금호동1가,벽산아파트501동,37.55495534,127.0255027,103900176
다사579510,37.55784206,127.0239018,51,하왕십리동,극동아파트,37.558095,127.023935,103000172
다사602491,37.5408189,127.050045,510,성수동1가,현대그린아파트,37.540523,127.049622,103900261
다사580510,37.55784662,127.025034,349,금호동1가,논골신협.대림아파트후문,37.55770298,127.0245744,105000454
다사573505,37.55330784,127.0171378,0,금호동2가,응봉근린공원.금호산,37.553522,127.016922,101900001
다사587501,37.54976628,127.0330099,157,응봉동,현대공업사앞,37.54995073,127.0325678,103900074
다사579499,37.54792746,127.0239648,69,금호동4가,금호사거리,37.54797844,127.0241853,105000465
다사593510,37.55790491,127.0397524,25,행당동,행당동서울숲더샵,37.557808,127.039717,103900282
다사593510,37.55790491,127.0397524,25,행당동,행당동서울숲더샵,37.558001,127.039904,103900294
다사607485,37.53543233,127.0557368,146,성수동2가,성수동차고지,37.535793,127.055682,103000183
다사569491,37.54067066,127.0126915,168,옥수동,옥수종합사회복지관,37.54088049,127.0128519,103900037
다사603490,37.53992187,127.0511824,29,성수동1가,성수공고앞,37.540039,127.050759,103000083
다사591524,37.57051464,127.03741,95,마장동,마장동축산물시장,37.57033647,127.0375065,103900055
다사591524,37.57051464,127.03741,95,마장동,마장축산물시장,37.57025901,127.0375114,103000021
다사579514,37.56144736,127.0238788,0,하왕십리동,왕십리자이.신당현대아파트,37.561152,127.024101,103000187
다사601514,37.56154519,127.0487881,465,사근동,사근동하이츠아파트앞,37.561201,127.048603,103000125
다사601514,37.56154519,127.0487881,465,사근동,사근동하이츠아파트앞,37.56130618,127.0486882,103000126
다사568491,37.54066598,127.0115595,221,옥수동,옥정중학교입구,37.54090407,127.0113027,103000070
다사590512,37.55969428,127.0363446,39,행당동,왕십리역,37.55994731,127.036192,103000034
다사584517,37.56417404,127.029523,177,하왕십리동,상왕십리역,37.564338,127.029075,103000004
다사588508,37.55608005,127.0341027,107,행당동,행당신동아.행당푸르지오아파트,37.55614084,127.0340193,103000170
다사588508,37.55608005,127.0341027,107,행당동,행당푸르지오아파트,37.55623906,127.0340035,103900162
다사611487,37.53725194,127.0602536,33,성수동2가,성수119안전센터,37.53734169,127.0601321,103000092
다사611487,37.53725194,127.0602536,33,성수동2가,성수119안전센터,37.537532,127.059997,103000093
다사575498,37.54700779,127.0194425,144,금호동4가,금옥초등학교입구,37.54688985,127.0197191,103900153
다사610494,37.54355706,127.0590845,0,성수동2가,경수중학교입구,37.543514,127.059621,
다사572502,37.55059922,127.0160231,571,금호동3가,두산아파트113동,37.55078794,127.0162396,103900001
다사572502,37.55059922,127.0160231,571,금호동3가,두산아파트113동,37.5505885,127.0160758,103900007
다사585501,37.5497573,127.0307458,86,응봉동,응봉동현대아파트,37.549732,127.030578,103000042
다사585501,37.5497573,127.0307458,86,응봉동,응봉동현대아파트,37.54980253,127.0307682,103900126
다사585501,37.5497573,127.0307458,86,응봉동,응봉동현대아파트,37.54986196,127.030938,103900212
다사585501,37.5497573,127.0307458,86,응봉동,응봉현대아파트,37.5497629,127.0307014,105000461
다사585501,37.5497573,127.0307458,86,응봉동,응봉현대아파트,37.55013049,127.0309019,105000460
다사595515,37.56242036,127.0419892,288,마장동,마장동금호아파트,37.56215772,127.0415812,103000025
다사602490,37.53991756,127.0500504,21,성수동2가,성수공고앞,37.539973,127.050314,103000082
다사583520,37.5668735,127.0283737,175,송정동,숭신초등학교,37.56717,127.028196,103000171
다사598499,37.54801221,127.0454735,31,성수동1가,뚝섬역8번출구,37.547696,127.045506,103000134
다사585520,37.56688252,127.0306383,86,홍익동,선영약국,37.566775,127.030619,103900198
다사575502,37.5506131,127.0194194,135,금호동3가,한신아파트,37.55075381,127.0192957,103900043
다사575502,37.5506131,127.0194194,135,금호동3가,한신아파트,37.5507583,127.0194078,103900054
다사574497,37.54610185,127.0183163,330,금호동4가,금옥초등학교앞,37.546254,127.018237,103000059
다사585518,37.56507987,127.0306497,163,도선동,상왕십리역,37.56487166,127.0302446,103000015
다사590517,37.56420091,127.0363167,187,도선동,성동구청,37.564136,127.036403,103900085
다사572503,37.55150055,127.0160173,490,금호동3가,두산아파트115동,37.55105588,127.0159607,103900138
다사606490,37.53993473,127.0545781,95,성수동2가,서울경찰청제6기동단,37.540228,127.054772,103900236
다사606490,37.53993473,127.0545781,95,성수동2가,서울경찰청제6기동단,37.540076,127.054739,103900255
다사572496,37.54519126,127.0160581,66,옥수동,옥수교회,37.54524,127.016005,103900209
다사580504,37.55243865,127.0250683,130,금호동1가,e편한세상금호117동,37.552657,127.024679,103900131
다사580504,37.55243865,127.0250683,130,금호동1가,벽산아파트정문,37.552658,127.02528,103900035
다사622509,37.557127,127.072591,8,송정동,군자교남단,37.557542,127.072438,103000117
다사595516,37.56332169,127.0419836,189,마장동,마장동금호아파트,37.56307133,127.041859,103000024
다사600513,37.56063953,127.0476613,340,사근동,성동제일새마을금고,37.56088413,127.0473013,103000157
다사607487,37.53723499,127.0557261,96,성수동2가,뚝도시장구길,37.537192,127.05527,103000102
다사596508,37.55611544,127.0431599,51,행당동,한양대정문,37.55638837,127.0431286,103000030
다사568490,37.53976465,127.0115654,64,옥수동,한남하이츠아파트,37.54005431,127.0115923,103900069
다사592518,37.56511111,127.0385757,399,마장동,중앙하이츠아파트,37.565054,127.03845,103900171
다사592518,37.56511111,127.0385757,399,마장동,중앙하이츠아파트,37.56525269,127.0389001,103900188
다사584509,37.55696342,127.0295684,405,행당동,행당역,37.5570009,127.0290983,103000176
다사575500,37.54881044,127.0194309,108,성수동2가,원형화단,37.54859296,127.0194898,103900020
다사575500,37.54881044,127.0194309,108,금호동3가,화단앞,37.54862447,127.019654,103900091
다사577505,37.55332627,127.0216662,436,금호동1가,e편한세상금호109동,37.553483,127.021876,103900267
다사577505,37.55332627,127.0216662,436,금호동1가,금호고등학교,37.553475,127.021945,103000048
다사581506,37.55424586,127.026189,440,금호동1가,벽산아파트505동,37.55432168,127.0263706,103900177
다사581506,37.55424586,127.026189,440,금호동1가,벽산아파트505동앞,37.55440101,127.0262518,103900156
다사571491,37.54067998,127.0149553,154,옥수동,옥정초등학교,37.54088924,127.0154196,103900266
다사608488,37.53814058,127.0568526,159,성수동2가,경수중학교,37.53828654,127.0570118,
다사586506,37.55426844,127.0318496,409,행당동,행당서울숲푸르지오109동앞,37.55438612,127.0318012,103900014
다사586506,37.55426844,127.0318496,409,행당동,행당서울숲푸르지오109동앞,37.554456,127.031711,103900034
다사596509,37.55701677,127.0431544,65,행당동,한양대정문앞,37.556996,127.043138,103000031
다사595513,37.5606177,127.0420002,68,행당동,한양지구대,37.560218,127.042025,103000131
다사595513,37.5606177,127.0420002,68,행당동,한양지구대,37.56024458,127.0419242,103000132
다사576506,37.55422301,127.0205283,98,금호동2가,금호정형외과,37.55408677,127.0204579,103900184
다사576506,37.55422301,127.0205283,98,금호동2가,신금호역,37.55459318,127.0204908,103900022
다사576506,37.55422301,127.0205283,98,금호동2가,신금호역4번출구,37.554143,127.02053,103000515
다사596519,37.56603006,127.0430994,30,마장동,마장역,37.566346,127.043037,103000169
다사596519,37.56603006,127.0430994,30,마장동,마장역,37.56611408,127.0426522,103900246
다사577498,37.54701698,127.0217065,584,금호동4가,대우아파트후문,37.54693907,127.0216589,103900143
다사585504,37.55246129,127.0307288,421,응봉동,충북상회,37.5527923,127.0310094,103900061
다사591505,37.55338942,127.0375159,381,응봉동,리버그린동아아파트정문,37.55349324,127.0375237,103900274
다사570491,37.54067532,127.0138234,431,옥수동,옥수삼성아파트,37.54063526,127.0139485,103900041
다사570491,37.54067532,127.0138234,431,옥수동,옥수삼성아파트,37.54075326,127.0143208,103900079
다사611486,37.53635061,127.0602589,57,성수동2가,영동대교,37.536356,127.059982,103000106
다사611486,37.53635061,127.0602589,57,성수동2가,영동대교,37.536435,127.060066,103000107
다사577507,37.55512892,127.0216547,92,금호동1가,금호1가동주민센터,37.55512902,127.0221955,103900025
다사577507,37.55512892,127.0216547,92,금호동1가,대현산배수지공원앞,37.55517771,127.0220575,103900195
다사575509,37.55692238,127.0193788,50,금호동2가,금호산입구,37.556722,127.019575,103900031
다사597501,37.54981051,127.0443305,19,성수동1가,성동교남단,37.549515,127.044457,103000086
다사580506,37.55424131,127.0250568,236,금호동1가,금호119안전센터,37.554187,127.024731,103900040
다사580506,37.55424131,127.0250568,236,금호동1가,금호119안전센터,37.554264,127.024578,103900125
다사580499,37.54793201,127.0250969,129,금호동3가,금호사거리,37.54817651,127.0250025,105000464
다사580499,37.54793201,127.0250969,129,성동구,금호사거리,37.5481765,127.0250613,103900010
다사580499,37.54793201,127.0250969,129,금호동4가,금호사거리,37.548008,127.025272,103900070
다사618502,37.55080119,127.0680987,183,송정동,송정동자치회관입구,37.5511351,127.0678257,103900099
다사597491,37.5407972,127.0443854,343,성수동1가,뚝도아리수정수센터수도박물관,37.540977,127.0442,103000076
다사605496,37.54533845,127.0534139,29,성수동2가,성수역1번출구,37.54542,127.05383,103000138
다사570494,37.54337931,127.0138058,158,옥수동,옥수동주민센터.옥수동성당,37.54360617,127.0140192,103900169
다사570494,37.54337931,127.0138058,158,옥수동,옥수동주민센터.옥수동성당,37.54323766,127.0136717,103900192
다사591513,37.56060005,127.0374713,267,행당동,왕십리역6-1번출구,37.560793,127.037912,103900281
다사613499,37.54807635,127.0624541,77,성수동2가,성동세무서앞,37.547995,127.062185,103000113
다사587516,37.5632862,127.0329255,582,하왕십리동,코스모타워.서울신용보증재단성동지점,37.56298226,127.0329029,103000012
다사587507,37.55517425,127.0329761,434,행당동,신동아아파트후문,37.55489468,127.0326937,103900071
다사606487,37.53723073,127.0545942,147,성수동2가,뚝도시장구길,37.53755207,127.0549268,103000103
다사575501,37.54971177,127.0194251,68,금호동3가,금호공원,37.54967696,127.019575,103900082
다사575501,37.54971177,127.0194251,68,금호동3가,금호공원,37.5496508,127.0197742,103900094
다사576508,37.55602566,127.0205168,27,금호동1가,대현산배수지공원입구,37.55627838,127.0200974,103000044
다사581501,37.54973922,127.0262175,54,금호동2가,금호사거리,37.54946397,127.0259773,103000053
다사619503,37.55170666,127.0692256,118,송정동,송정동서울숲아이파크,37.55182,127.069252,103000115
다사586504,37.55246578,127.0318609,416,응봉동,응봉경로당앞,37.55238843,127.031694,103900015
다사586504,37.55246578,127.0318609,416,응봉동,응봉경로당앞,37.55262793,127.0316422,103900072
다사585510,37.55786925,127.0306949,96,행당동,행당2동주민센터,37.5577376,127.0306538,103900038
다사585510,37.55786925,127.0306949,96,행당동,행당2동주민센터,37.55782957,127.0304206,103900105
다사584519,37.56597669,127.0295117,417,홍익동,상왕십리역.센트라스아파트,37.565859,127.029978,103000016
다사580521,37.5677612,127.024971,260,상왕십리동,왕십리도선동주민센터,37.567617,127.024642,103000010
다사580521,37.5677612,127.024971,260,상왕십리동,왕십리도선동주민센터,37.567817,127.024413,103000295
다사596512,37.55972076,127.0431379,39,사근동,한양대학교병원본관1층,37.55945161,127.0435712,103900291
다사582521,37.56777029,127.0272357,170,하왕십리동,숭신초등학교.도선고등학교앞,37.56732969,127.0271676,103900202
다사605492,37.54173312,127.0534354,8,성수동2가,서울숲코오롱디지털타워2차,37.541461,127.053848,103900258
다사580518,37.56505723,127.0249882,269,상왕십리동,왕십리센트라스아파트,37.565213,127.0248052,103000006
다사580505,37.55333998,127.0250626,229,금호동1가,성동중앙교회.벽산아파트정문,37.553011,127.024877,103900017
다사597497,37.54620518,127.0443525,100,성수동1가,성동구민종합체육센터,37.546493,127.044533,103000081
다사606501,37.54984939,127.0545191,92,송정동,성수2가3동주민센터,37.55023742,127.054782,103000167
다사575497,37.54610646,127.0194483,491,금호동4가,대우아파트관리실,37.546215,127.019985,103900142
다사575497,37.54610646,127.0194483,491,금호동4가,대우아파트입구,37.54598344,127.0191632,103900144
다사593508,37.55610225,127.0397635,333,행당동,서울숲리버뷰자이아파트제2주차장,37.556168,127.039405,103900275
다사589519,37.56599912,127.0351732,71,마장동,한전입구,37.5662652,127.0351185,103900089
다사580509,37.55694529,127.0250397,289,행당동,대림아파트,37.55657383,127.024926,103000175
다사582504,37.55244774,127.0273325,405,금호동1가,벽산아파트109동,37.55261388,127.0273705,103900178
다사582504,37.55244774,127.0273325,405,금호동1가,벽산아파트206동앞,37.55215254,127.0272674,103900158
다사572495,37.54428993,127.0160639,72,옥수동,래미안옥수리버젠아파트상가,37.54437279,127.015727,103900167
다사597514,37.56152779,127.0442592,19,사근동,사근고개,37.56125556,127.0445102,103000130
다사575506,37.5542184,127.0193962,123,금호동2가,신금호역,37.55433559,127.0197856,103900101
다사575506,37.5542184,127.0193962,123,금호동1가,신금호역,37.554381,127.019638,103900133
다사583518,37.56507085,127.0283851,406,하왕십리동,상왕십리역,37.56469363,127.0286813,103000005
다사568494,37.54336996,127.0115419,505,옥수동,극동아파트4동,37.5435055,127.0116845,103900004
다사568494,37.54336996,127.0115419,505,옥수동,극동아파트4동,37.54353164,127.0115883,103900005
다사568494,37.54336996,127.0115419,505,옥수동,극동아파트5동,37.54315954,127.011079,103900149
다사600491,37.54081025,127.0477812,0,성수동1가,경일초등학교앞,37.540772,127.048207,103000143
다사600491,37.54081025,127.0477812,0,성수동1가,경일초등학교앞,37.540917,127.048175,103000144
다사579513,37.56054604,127.0238846,182,행당동,왕십리자이.신당현대아파트,37.560847,127.02363,103000186
다사579513,37.56054604,127.0238846,182,하왕십리동,왕십리자이.신당현대아파트,37.56084707,127.0236902,103900053
다사595512,37.55971637,127.0420057,61,행당동,한양대병원후문,37.560011,127.041957,103900305
다사595512,37.55971637,127.0420057,61,행당동,한양대학교제2의학관,37.559328,127.042132,103900284
다사581521,37.56776575,127.0261033,74,하왕십리동,왕십리도선동주민센터,37.56770843,127.0259157,103900201
다사608500,37.54895658,127.0567886,169,송정동,제인병원,37.549348,127.056837,103000112
다사604488,37.5381235,127.0523251,93,성수동2가,서울숲지구대앞,37.537868,127.052342,103000100
다사604488,37.5381235,127.0523251,93,성수동2가,서울숲지구대앞,37.53805092,127.0522589,103000101
다사573501,37.54970253,127.017161,244,금호동3가,두산아파트109동,37.54991499,127.016797,103900137
다사582508,37.55605305,127.0273097,628,행당동,대림아파트후문,37.5561715,127.0269327,103900108
다사582508,37.55605305,127.0273097,628,행당동,한진아파트후문,37.5560183,127.0269971,103900032
다사587506,37.55427292,127.0329818,301,행당동,신동아아파트후문,37.55468771,127.0328358,103900012
다사582499,37.5479411,127.0273609,83,금호동4가,금호삼성래미안,37.54787691,127.0269818,105000463
다사582499,37.5479411,127.0273609,83,금호동4가,금호삼성래미안,37.54836158,127.0275354,105000462
다사582499,37.5479411,127.0273609,83,금호동4가,삼성래미안아파트앞,37.54834987,127.0275127,103000061
다사582499,37.5479411,127.0273609,83,금호동4가,제일감리교회,37.54786612,127.0269037,103900146
다사582499,37.5479411,127.0273609,83,금호동4가,힐스테이트서울숲리버아파트,37.54788771,127.0270576,103000060
다사589513,37.56059115,127.0352068,0,행당동,왕십리역,37.560723,127.034688,103000036
다사587515,37.56238487,127.0329311,245,하왕십리동,왕십리2동주민센터,37.56244961,127.0332626,103000011
다사607489,37.53903766,127.0557154,0,성수동2가,뚝도시장,37.53885,127.05526,103000097
다사579520,37.56685532,127.0238444,925,상왕십리동,왕십리교회,37.56663,127.023678,103000007
다사569498,37.54697995,127.0126504,612,옥수동,옥수파크힐스아파트앞,37.547113,127.013038,103000506
다사569498,37.54697995,127.0126504,612,옥수동,옥수파크힐스아파트앞,37.547018,127.013019,103000507
다사599491,37.54080591,127.0466492,156,성수동1가,경일초등학교입구,37.541079,127.046372,103000084
다사579507,37.55513808,127.023919,369,금호동1가,금북초등학교.e편한세상금호105동,37.55553782,127.0237361,103900120
다사604491,37.5408275,127.0523089,288,성수동2가,이마트.서울숲힐스테이트아파트,37.540528,127.05257,103900259
다사581500,37.54883789,127.0262232,88,금호동1가,금호사거리,37.54887914,127.0260631,103000052
다사605489,37.53902912,127.0534516,216,성수동2가,성원중성수동이마트앞,37.53909394,127.0534265,103000098
다사606518,37.56517201,127.0544279,43,용답동,답십리역사거리,37.56544961,127.0543962,103000001
다사578499,37.54792289,127.0228328,78,금호동4가,금호4가동주민센터.대도빌딩,37.54805265,127.0225635,103900027
다사584501,37.5497528,127.0296137,185,응봉동,신동아아파트,37.54976756,127.0300982,103900011
다사602497,37.54622689,127.0500125,58,성수동1가,SK테크노빌딩앞,37.545888,127.050228,103000139
다사616499,37.54808889,127.0658503,7,하왕십리동,왕약국,37.54834119,127.0655473,103900093
다사616499,37.54808889,127.0658503,7,금호동4가,우리은행화양동지점,37.548118,127.066129,103000189
다사573500,37.5488012,127.0171668,243,금호동4가,금호역,37.54854922,127.0169909,103900139
다사573508,37.55601182,127.0171203,,금호동2가,대경생활과학고등학교,37.55597143,127.017537,103900026
다사573508,37.55601182,127.0171203,,금호동2가,대경생활과학고등학교,37.55606875,127.0175178,103900106
다사595494,37.54349243,127.042105,,성수동1가,서울숲2번출입구,37.543527,127.04255,103900265
다사597512,37.55972513,127.0442701,,사근동,한양대학교류마티스병원동관,37.559973,127.044651,103900290
다사597512,37.55972513,127.0442701,,사근동,한양대학교병원응급실,37.559812,127.0446,103900286
다사600523,37.56965281,127.0476068,,용답동,용답휴식공원,37.56955418,127.0479373,103000166
다사606495,37.54444139,127.0545513,,성수동2가,성수역4번출구,37.544788,127.054582,103900215
다사606495,37.54444139,127.0545513,,성수동2가,지하철2호선성수역,37.54477028,127.0546618,103900083
다사602512,37.55974685,127.0499312,,사근동,사근동벽산아파트,37.5601892,127.0499269,103000133
다사602512,37.55974685,127.0499312,,사근동,한양여대앞,37.55951,127.0503,103000145
다사593527,37.57322748,127.0396581,,용답동,동대문구청.용두역4번출구,37.573438,127.039718,105000074
다사597525,37.5714424,127.0441988,,용답동,신답초등학교.청계한신휴플러스,37.571753,127.044292,105000004
다사601509,37.55703854,127.0488153,,사근동,법학학술정보관,37.55704,127.048574,103900300
다사601509,37.55703854,127.0488153,,사근동,올림픽체육관맞은편,37.556934,127.049294,103900301
다사601509,37.55703854,127.0488153,,사근동,한양대학교경영대학,37.557084,127.04853,103900304
다사608494,37.54354858,127.0568206,,성수동2가,성수역3번출구,37.54355983,127.0566907,103900233
다사608494,37.54354858,127.0568206,,성수동2가,성수역3번출구,37.543842,127.057061,103900257
다사617498,37.54719171,127.0669875,,성수동2가,화양사거리,37.54727767,127.0666629,103000108
다사604490,37.53992617,127.0523143,,성수동2가,이마트.서울숲힐스테이트아파트,37.540121,127.052284,103900253
다사595510,37.55791371,127.0420167,,행당동,한양대학교정문,37.55777611,127.0421228,103900283
다사601508,37.55613721,127.0488207,,사근동,제3법학관,37.556233,127.048637,103900302
다사601494,37.54351858,127.0488968,,성수동1가,경동초등학교입구,37.5433913,127.0492129,103000142
다사599509,37.55702987,127.046551,,사근동,한양대학교생활과학대학,37.55680349,127.0465029,103900288
다사609495,37.54445416,127.0579473,,성수동2가,성수역2번출구,37.544268,127.057638,103900298
다사598510,37.55792684,127.0454133,,사근동,한양대학교백남학술정보관,37.55773422,127.045845,103900287
다사569501,37.54968393,127.0126328,,옥수동,옥수동종점,37.549335,127.012585,103000069
다사611494,37.54356128,127.0602165,,성수동2가,경수중학교입구,37.543363,127.060089,
다사580496,37.54522803,127.025114,,금호동4가,무쇠막,37.54527775,127.0246948,103900024
다사597505,37.55341583,127.0443086,,행당동,행당중학교,37.553821,127.044352,103000505
다사587510,37.55787823,127.0329593,,행당동,무학중학교.무학여고,37.55821,127.0331283,103900019
다사621507,37.55532023,127.0714692,,송정동,송정동건영아파트,37.555205,127.07115,103000116
다사607501,37.54985365,127.0556512,,성수동2가,성수2가3동주민센터,37.549622,127.055392,103000111
다사574509,37.55691777,127.0182467,,금호동2가,금호어린이집,37.556743,127.018232,103900059
다사574509,37.55691777,127.0182467,,금호동2가,금호어린이집,37.556734,127.01862,103900068
다사590495,37.54437168,127.0364396,,성수동1가,뚝섬서울숲,37.54461804,127.0366012,103000121
다사599503,37.55162188,127.0465837,,성수동1가,상원,37.551748,127.046662,103000089
다사603508,37.55614584,127.0510851,,사근동,살곶이체육공원앞,37.55631791,127.0509355,103000516
다사597496,37.54530385,127.0443579,,성수동1가,성동구민종합체육센터,37.54527,127.044515,103900264
다사597496,37.54530385,127.0443579,,성수동1가,성동구민체육센터,37.545138,127.044474,103900249
다사596494,37.54349682,127.043237,,성수동1가,언더스탠드에비뉴,37.543572,127.042776,103900248
다사602509,37.55704286,127.0499475,,사근동,올림픽체육관앞,37.557015,127.049632,103900303
다사592505,37.55339385,127.038648,,응봉동,리버그린동아아파트,37.55334439,127.0382721,103900280
다사597494,37.54350119,127.0443689,,성수동1가,서울숲역3번출구,37.543064,127.044501,103000079
다사589495,37.54436723,127.0353076,,성수동2가,성수대교북단교차로,37.544291,127.035516,103900243
다사596492,37.54169415,127.0432479,,성수동1가,서울숲1번출입구,37.54197811,127.0429744,103000164
다사591494,37.54347479,127.0375771,,성수동1가,뚝섬서울숲,37.543457,127.037565,103000162
다사591494,37.54347479,127.0375771,,성수동1가,서울숲9번출입구,37.543638,127.037555,103900242
다사578505,37.55333085,127.0227983,,금호동2가,금호고등학교.금호자이1차아파트입구,37.55310773,127.0229329,103000049
다사591514,37.56150137,127.0374657,,행당동,왕십리광장.왕십리역4번출구,37.56136444,127.0371334,103000292
다사599510,37.55793119,127.0465455,,사근동,한양종합기술연구원.생활과학대학,37.5576911,127.0460706,103900289
다사613488,37.53816168,127.0625121,,성수동2가,경수중학교,37.53816503,127.0622986,
다사600524,37.57055414,127.0476014,,용답동,신답역,37.570207,127.047505,103000118
다사603497,37.5462312,127.0511445,,성수동2가,경동초등학교입구,37.545895,127.051155,103900299
다사590496,37.54527301,127.036434,,성수동1가,뚝섬서울숲,37.545672,127.036397,103000122
