GID,위도,경도,생활인구수,반경150m_정류장수,반경300m_정류장수,반경400m_정류장수
다사599515,37.56243784,127.0465182,144.0,0,8,11
다사608499,37.54805524,127.0567939,259.0,1,2,5
다사602492,37.54172023,127.0500396,618.0,3,11,18
다사600495,37.54441558,127.0477594,49.0,0,9,20
다사607494,37.54354433,127.0556886,68.0,2,9,13
다사614495,37.54447521,127.0636072,9.0,0,9,13
다사592521,37.5678151,127.038559,10.0,0,6,10
다사622510,37.55802833,127.0725859,152.0,2,4,9
다사581519,37.5659631,127.0261148,172.0,2,14,22
다사608506,37.55436457,127.0567566,8.0,0,0,0
다사566493,37.54245925,127.0092839,333.0,0,13,20
다사594513,37.5606133,127.040868,225.0,5,14,31
다사591507,37.55519207,127.0375047,506.0,0,12,26
다사572492,37.54158595,127.0160814,9.0,4,15,24
다사596499,37.54800347,127.0432095,139.0,0,5,8
다사575492,37.54159982,127.0194772,255.0,0,3,5
다사600503,37.55162623,127.0477158,12.0,2,3,6
다사588504,37.55247474,127.0341251,321.0,6,23,38
다사596518,37.56512873,127.0431049,127.0,6,10,13
다사607493,37.54264299,127.055694,56.0,1,10,17
다사618512,37.55981452,127.0680467,112.0,0,4,6
다사582518,37.56506632,127.0272528,360.0,2,13,20
다사576500,37.54881504,127.020563,376.0,10,19,34
다사600516,37.56334351,127.047645,202.0,0,4,8
다사594498,37.54709336,127.0409509,113.0,0,0,4
다사615501,37.54988739,127.0647077,80.0,0,6,13
다사609485,37.53544082,127.0580005,249.0,3,10,15
다사579522,37.56865797,127.0238329,377.0,2,10,16
다사572499,37.54789524,127.0160406,19.0,6,19,35
다사621509,37.5571229,127.0714589,285.0,2,4,5
다사573496,37.54519589,127.0171901,146.0,3,16,27
다사609490,37.53994749,127.0579739,0.0,0,8,18
다사579501,37.54973011,127.0239534,391.0,0,14,39
다사574492,37.54159521,127.0183453,119.0,3,4,10
다사589503,37.55157787,127.0352628,29.0,4,14,24
다사594499,37.54799469,127.0409454,267.0,0,0,3
다사618506,37.55440652,127.0680779,29.0,0,3,7
다사583510,37.55786023,127.0284305,392.0,3,9,21
다사569496,37.54517729,127.0126621,453.0,0,22,25
다사591516,37.56330403,127.0374546,264.0,5,13,24
다사590510,37.55789162,127.0363558,61.0,0,18,36
다사598521,37.56784146,127.0453531,89.0,4,9,16
다사614513,37.56069919,127.0635126,29.0,0,5,10
다사608487,37.53723925,127.0568579,186.0,5,15,23
다사597493,37.54259986,127.0443744,92.0,4,14,19
다사587504,37.55247026,127.032993,391.0,7,26,43
다사605514,37.56156241,127.0533171,323.0,0,0,4
다사600515,37.56244218,127.0476504,174.0,0,6,11
다사589507,37.55518318,127.0352404,538.0,8,21,38
다사594511,37.55881065,127.040879,65.0,4,18,26
다사604515,37.56245945,127.0521795,253.0,0,0,8
다사593498,37.54708896,127.0398189,88.0,0,0,2
다사597520,37.56693576,127.0442262,11.0,3,10,14
다사601497,37.54622257,127.0488805,7.0,4,7,12
다사601486,37.53630791,127.0489402,12.0,0,2,4
다사602495,37.54442423,127.0500234,113.0,3,9,10
다사598520,37.56694013,127.0453585,162.0,4,9,13
다사602487,37.53721357,127.0500667,266.0,2,4,9
다사603487,37.53721787,127.0511986,287.0,2,5,13
다사610491,37.54085305,127.0591005,8.0,0,1,16
다사578512,37.55964014,127.0227581,150.0,2,10,18
다사581499,37.54793656,127.0262289,31.0,10,14,24
다사593509,37.55700358,127.0397579,438.0,6,13,19
다사589523,37.56960442,127.0351508,146.0,0,4,9
다사601488,37.53811058,127.0489294,175.0,2,8,12
다사587518,37.56508885,127.0329142,176.0,0,9,17
다사599493,37.54260857,127.0466383,46.0,1,13,23
다사604513,37.56065679,127.0521903,58.0,0,3,5
다사590516,37.56329959,127.0363223,107.0,3,13,22
다사590520,37.5669049,127.0363,54.0,4,7,11
다사569500,37.5487826,127.0126387,0.0,3,6,23
다사616502,37.55079289,127.0658346,170.0,1,8,13
다사593522,37.56872084,127.0396858,68.0,0,2,10
다사612489,37.53905882,127.0613749,66.0,2,8,16
다사594515,37.56241596,127.0408569,372.0,2,11,24
다사587521,37.56779283,127.0328974,36.0,1,7,12
다사604500,37.54893949,127.0522604,39.0,0,4,8
다사615499,37.54808472,127.0647182,31.0,3,11,15
다사582514,37.56146101,127.0272756,211.0,2,7,13
다사571489,37.53887732,127.014967,67.0,0,7,11
다사575499,37.54790911,127.0194367,248.0,5,26,31
다사578497,37.54612023,127.0228443,192.0,2,18,25
다사578494,37.54341624,127.0228615,127.0,1,4,4
다사617499,37.54809305,127.0669823,24.0,5,12,18
다사581503,37.55154187,127.0262061,36.0,9,19,38
다사584523,37.56958199,127.029489,122.0,2,8,17
다사600514,37.56154086,127.0476559,274.0,4,9,13
다사609497,37.54625682,127.0579366,0.0,0,2,10
다사596496,37.54529948,127.043226,549.0,2,9,13
다사606496,37.54534273,127.0545459,0.0,4,7,9
다사590503,37.55158232,127.0363949,14.0,2,9,19
다사602500,37.54893088,127.0499963,400.0,0,4,8
다사601502,37.55072923,127.0488533,320.0,0,4,5
다사586510,37.55787375,127.0318271,40.0,5,16,25
다사580503,37.55153733,127.025074,182.0,6,18,33
다사584504,37.55245678,127.0295967,428.0,8,20,44
다사579505,37.55333542,127.0239304,191.0,8,31,45
다사579495,37.54432214,127.0239878,112.0,4,6,7
다사582502,37.55064508,127.0273439,382.0,3,19,37
다사605499,37.54804245,127.0533978,54.0,0,3,12
다사612492,37.54176282,127.0613591,0.0,2,9,10
다사591522,37.56871199,127.0374211,80.0,0,5,8
다사616513,37.56070754,127.065777,178.0,4,6,7
다사606485,37.53542806,127.0546049,493.0,1,5,13
다사587512,37.55968089,127.032948,244.0,2,12,21
다사601503,37.55163056,127.0488479,0.0,0,4,4
다사605494,37.54353579,127.0534247,265.0,0,7,18
다사605519,37.56606906,127.0532902,155.0,4,9,12
다사590513,37.5605956,127.0363391,115.0,8,11,28
다사581524,37.57046973,127.0260862,0.0,3,6,13
다사590525,37.57141153,127.036272,105.0,1,5,9
다사584512,37.5596674,127.0295514,413.0,0,6,11
다사589520,37.56690044,127.0351676,251.0,3,5,8
다사587520,37.5668915,127.032903,141.0,1,6,14
다사615495,37.54447939,127.0647392,45.0,3,10,13
다사568493,37.54246864,127.0115478,300.0,11,22,29
다사612495,37.54446682,127.0613432,121.0,0,5,13
다사584521,37.56777934,127.0295004,537.0,6,10,20
다사574494,37.54339786,127.0183337,435.0,0,8,19
다사585517,37.56417854,127.0306553,42.0,3,9,13
다사600492,37.54171158,127.0477757,216.0,4,11,18
다사583517,37.56416952,127.0283907,241.0,3,6,15
다사593519,37.56601686,127.0397025,247.0,2,14,16
다사592520,37.56691377,127.0385646,482.0,1,6,17
다사573502,37.55060386,127.0171552,237.0,5,18,25
다사622511,37.55892967,127.0725807,176.0,0,4,6
다사591511,37.55879739,127.0374824,73.0,2,15,29
다사571497,37.54608794,127.0149203,487.0,3,18,28
다사621510,37.55802423,127.0714537,75.0,2,2,6
다사611490,37.53995594,127.0602377,142.0,0,4,14
다사605513,37.56066108,127.0533225,132.0,0,2,4
다사601487,37.53720925,127.0489348,254.0,2,2,9
다사589509,37.55698584,127.0352292,150.0,5,19,33
다사602486,37.53631223,127.0500721,130.0,0,4,4
다사615494,37.54357805,127.0647444,52.0,4,9,13
다사611497,37.54626528,127.0602006,107.0,0,2,6
다사601493,37.54261724,127.0489022,125.0,4,9,17
다사600501,37.54982357,127.0477267,456.0,0,4,10
다사604501,37.54984082,127.052255,20.0,0,4,4
다사588517,37.564192,127.0340521,251.0,0,8,16
다사593525,37.57142482,127.0396692,43.0,0,6,9
다사587523,37.56959548,127.0328861,60.0,1,4,10
다사612497,37.54626949,127.0613327,23.0,0,2,8
다사609514,37.56157946,127.0578461,167.0,1,4,7
다사574503,37.55150981,127.0182815,195.0,4,15,30
다사586520,37.56688702,127.0317707,179.0,2,9,14
다사569499,37.54788127,127.0126445,307.0,2,8,15
다사619506,37.55441066,127.0692101,277.0,0,4,10
다사587522,37.56869416,127.0328917,400.0,0,6,12
다사610514,37.56158369,127.0589783,182.0,1,6,7
다사579524,37.57046062,127.0238215,133.0,2,8,11
다사579498,37.54702613,127.0239706,320.0,3,20,27
다사608490,37.53994325,127.0568419,80.0,2,9,19
다사613493,37.54266835,127.0624857,0.0,3,9,11
다사587519,37.56599018,127.0329086,146.0,1,6,19
다사608485,37.53543658,127.0568686,407.0,2,8,15
다사612496,37.54536815,127.0613379,0.0,0,3,11
다사569493,37.54247331,127.0126797,350.0,10,29,32
다사576503,37.55151903,127.0205457,249.0,4,13,33
다사618501,37.54989986,127.0681039,97.0,5,14,21
다사585522,37.56868517,127.030627,536.0,3,8,14
다사588507,37.55517872,127.0341083,159.0,14,22,38
다사607515,37.56247229,127.0555762,100.0,1,3,9
다사598503,37.55161753,127.0454516,21.0,2,4,5
다사592524,37.57051908,127.0385424,54.0,2,4,8
다사598492,37.54170289,127.0455118,362.0,4,14,21
다사601512,37.55974253,127.048799,130.0,2,8,19
다사583503,37.55155094,127.0284703,85.0,4,26,40
다사591518,37.56510668,127.0374434,270.0,3,12,15
다사621508,37.55622157,127.071464,100.0,1,4,8
다사593524,37.5705235,127.0396747,149.0,0,5,7
다사587503,37.55156894,127.0329986,342.0,5,25,35
다사612491,37.54086149,127.0613643,0.0,0,5,11
다사584505,37.55335811,127.029591,326.0,7,19,36
다사607490,37.53993899,127.05571,13.0,5,15,19
다사579497,37.5461248,127.0239763,458.0,5,13,24
다사613514,37.56159633,127.0623751,259.0,2,5,8
다사605487,37.53722645,127.0534623,204.0,3,9,22
다사595509,37.55701239,127.0420223,320.0,4,13,26
다사599501,37.54981922,127.0465946,306.0,0,6,7
다사619502,37.55080533,127.0692308,0.0,4,13,16
다사591520,37.56690934,127.0374323,82.0,3,7,12
다사571494,37.54338396,127.0149378,254.0,8,25,33
다사609499,37.54805949,127.057926,0.0,0,2,4
다사566492,37.54155792,127.0092898,151.0,0,12,19
다사577495,37.54431299,127.0217238,369.0,1,7,11
다사608489,37.53904191,127.0568473,415.0,4,12,22
다사583504,37.55245227,127.0284646,147.0,8,25,41
다사596500,37.5489048,127.043204,43.0,1,4,7
다사614500,37.54898188,127.0635809,127.0,1,6,12
다사610489,37.53905039,127.0591111,141.0,0,9,19
다사599513,37.56063518,127.0465291,306.0,4,12,18
다사583523,37.56957747,127.0283566,199.0,1,13,17
다사603516,37.56335648,127.0510418,192.0,0,0,5
다사596522,37.56873404,127.0430829,788.0,0,9,14
다사577500,37.54881963,127.021695,176.0,6,16,28
다사601513,37.56064386,127.0487936,223.0,4,9,14
다사598502,37.5507162,127.0454571,179.0,2,4,6
다사601522,37.56875582,127.0487446,93.0,2,10,14
다사579502,37.55063144,127.0239476,697.0,0,17,32
다사584508,37.55606209,127.029574,654.0,3,10,35
다사571495,37.54428529,127.0149319,346.0,8,19,30
다사572494,37.54338861,127.0160698,207.0,6,17,31
다사585502,37.55065863,127.0307401,430.0,7,20,33
다사603495,37.54442853,127.0511553,285.0,0,9,13
다사580513,37.5605506,127.0250168,549.0,6,12,14
다사581515,37.5623578,127.0261376,157.0,1,11,16
다사589510,37.55788717,127.0352236,65.0,6,18,30
다사606489,37.5390334,127.0545835,27.0,8,18,23
다사611489,37.53905461,127.060243,57.0,0,8,17
다사599497,37.5462139,127.0466165,197.0,0,9,14
다사573503,37.55150519,127.0171494,30.0,3,14,25
다사568497,37.54607394,127.0115243,307.0,0,8,21
다사607484,37.53453099,127.0557421,58.0,1,4,7
다사591523,37.56961332,127.0374156,59.0,1,4,7
다사599500,37.54891789,127.0466001,479.0,0,5,10
다사617501,37.54989571,127.0669719,249.0,3,13,18
다사584503,37.55155545,127.0296024,77.0,2,24,36
다사597513,37.56062646,127.0442647,121.0,8,17,25
다사575494,37.54340247,127.0194656,278.0,0,5,14
다사606513,37.56066536,127.0544547,22.0,0,1,3
다사600490,37.53990892,127.0477866,161.0,2,12,15
다사581510,37.55785117,127.0261661,678.0,1,19,32
다사569494,37.54337464,127.0126739,333.0,11,23,33
다사588515,37.56238934,127.0340634,265.0,3,12,15
다사614505,37.55348854,127.0635546,0.0,0,0,0
다사578510,37.55783749,127.0227696,400.0,1,11,29
다사594508,37.55610666,127.0408956,405.0,2,14,19
다사597492,37.54169853,127.0443799,141.0,5,12,18
다사605486,37.53632512,127.0534677,136.0,0,5,12
다사594514,37.56151463,127.0408624,503.0,3,10,26
다사593520,37.56691819,127.0396969,162.0,0,11,14
다사592517,37.56420979,127.0385813,173.0,4,11,24
다사606498,37.54714539,127.0545352,78.0,0,5,8
다사605516,37.56336507,127.0533063,217.0,0,4,9
다사608486,37.53633791,127.0568633,213.0,5,12,18
다사602501,37.54983222,127.0499908,167.0,1,2,7
다사598493,37.54260422,127.0455064,139.0,4,13,23
다사600500,37.54892223,127.0477322,351.0,0,4,11
다사591515,37.5624027,127.0374601,159.0,3,13,22
다사620505,37.55351345,127.0703474,48.0,0,8,11
다사605498,37.54714112,127.0534032,0.0,0,5,12
다사574493,37.54249653,127.0183395,439.0,2,4,13
다사599519,37.56604315,127.0464963,133.0,0,4,11
다사606492,37.5417374,127.0545674,261.0,2,10,19
다사581497,37.5461339,127.0262403,270.0,2,15,18
다사584513,37.56056873,127.0295457,356.0,0,2,11
다사579496,37.54522347,127.023982,278.0,3,7,19
다사570492,37.54157665,127.0138175,356.0,4,31,33
다사570499,37.54788594,127.0137766,346.0,2,14,21
다사588510,37.55788271,127.0340914,39.0,9,16,28
다사609486,37.53634215,127.0579951,175.0,4,14,17
다사612500,37.54897349,127.0613168,8.0,1,2,5
다사580498,37.54703069,127.0251026,133.0,6,19,24
다사608497,37.54625258,127.0568046,154.0,0,7,9
다사594510,37.55790932,127.0408846,0.0,5,20,23
다사578501,37.54972554,127.0228213,444.0,0,15,34
다사592515,37.56240713,127.0385924,89.0,3,15,25
다사579511,37.55874338,127.023896,240.0,5,10,25
다사593499,37.54799029,127.0398133,216.0,0,0,1
다사575504,37.55241575,127.0194078,92.0,3,14,28
다사569495,37.54427597,127.012668,148.0,6,21,31
다사592516,37.56330846,127.0385868,142.0,2,15,21
다사582503,37.55154641,127.0273382,719.0,6,20,43
다사590524,37.5705102,127.0362776,179.0,1,4,6
다사603502,37.55073786,127.0511175,310.0,2,2,4
다사609515,37.56248079,127.0578408,29.0,3,5,9
다사590508,37.55608896,127.036367,164.0,0,20,39
다사589515,37.56239381,127.0351956,25.0,2,15,17
다사617500,37.54899438,127.0669771,243.0,5,12,19
다사593515,37.56241155,127.0397246,77.0,0,11,24
다사606491,37.54083606,127.0545727,6.0,6,12,20
다사601496,37.54532124,127.0488859,30.0,3,7,15
다사612514,37.56159213,127.0612428,453.0,3,3,7
다사589504,37.5524792,127.0352572,362.0,4,18,33
다사586501,37.54976179,127.0318778,342.0,8,12,21
다사575505,37.55331708,127.019402,194.0,6,16,28
다사617503,37.55169838,127.0669614,197.0,1,7,11
다사567492,37.54156262,127.0104217,249.0,7,17,23
다사592519,37.56601244,127.0385702,115.0,2,11,18
다사593512,37.55970757,127.0397413,291.0,1,19,27
다사611491,37.54085728,127.0602324,75.0,0,7,10
다사588506,37.55427739,127.0341139,139.0,14,26,38
다사580514,37.56145192,127.0250111,592.0,6,11,15
다사595500,37.54890042,127.0420719,0.0,0,2,4
다사590519,37.56600357,127.0363055,95.0,4,9,13
다사578502,37.55062687,127.0228156,181.0,0,11,36
다사605488,37.53812779,127.0534569,181.0,5,14,25
다사606514,37.56156669,127.0544494,338.0,0,1,2
다사602518,37.56515483,127.0498987,33.0,0,0,5
다사595518,37.56512434,127.0419726,0.0,5,9,15
다사603515,37.56245515,127.0510472,32.0,0,3,7
다사614492,37.54177121,127.063623,0.0,4,9,13
다사604499,37.54803816,127.0522658,143.0,0,3,11
다사618504,37.55260386,127.0680883,268.0,2,8,11
다사598515,37.56243349,127.0453859,17.0,0,8,17
다사603501,37.54983653,127.0511229,0.0,1,2,5
다사592510,37.55790049,127.0386202,20.0,6,10,26
다사606497,37.54624406,127.0545406,113.0,2,4,10
다사597517,37.56423178,127.0442427,249.0,0,7,15
다사620508,37.55621745,127.0703319,370.0,1,4,4
다사603498,37.54713253,127.0511391,19.0,1,5,8
다사599488,37.53810191,127.0466656,268.0,2,4,11
다사600498,37.54711957,127.0477431,176.0,2,8,12
다사573492,37.54159058,127.0172133,21.0,3,5,17
다사571490,37.53977865,127.0149611,237.0,3,8,18
다사588516,37.56329067,127.0340578,246.0,3,7,19
다사592506,37.55429518,127.0386424,589.0,4,9,17
다사585521,37.56778385,127.0306327,192.0,5,10,16
다사602488,37.5381149,127.0500613,186.0,2,7,15
다사606499,37.54804672,127.0545298,143.0,0,4,8
다사591519,37.56600801,127.0374378,0.0,4,10,15
다사595523,37.56963098,127.041945,593.0,1,3,15
다사570501,37.54968859,127.0137648,253.0,3,17,23
다사598513,37.56063083,127.0453969,209.0,6,12,21
다사589525,37.57140707,127.0351396,50.0,0,4,7
다사606494,37.54354006,127.0545567,36.0,2,9,14
다사573499,37.54789988,127.0171726,157.0,6,20,36
다사599487,37.53720058,127.0466711,225.0,0,4,4
다사608496,37.54535125,127.0568099,203.0,1,7,9
다사572491,37.54068462,127.0160872,455.0,2,8,17
다사600511,37.55883687,127.0476722,6.0,0,18,24
다사583513,37.56056421,127.0284135,374.0,2,3,9
다사574502,37.55060848,127.0182873,104.0,2,22,28
다사580508,37.55604396,127.0250454,301.0,12,25,39
다사602489,37.53901623,127.0500559,97.0,4,13,18
다사582516,37.56326366,127.0272642,385.0,0,6,16
다사576499,37.54791372,127.0205687,174.0,10,19,33
다사581512,37.55965382,127.0261547,439.0,3,13,19
다사618513,37.56071585,127.0680415,67.0,3,5,7
다사583509,37.5569589,127.0284362,75.0,3,10,25
다사600502,37.5507249,127.0477213,562.0,1,4,8
다사575496,37.54520513,127.0194541,321.0,3,8,22
다사594509,37.55700799,127.0408901,168.0,3,14,23
다사588505,37.55337606,127.0341195,298.0,6,28,37
다사598489,37.53899889,127.0455282,274.0,2,5,11
다사589505,37.55338053,127.0352516,785.0,1,22,34
다사581505,37.55334453,127.0261947,583.0,8,31,44
다사580512,37.55964927,127.0250225,148.0,3,14,16
다사598497,37.54620955,127.0454845,108.0,4,7,14
다사582512,37.55965836,127.0272869,355.0,3,3,20
다사606516,37.56336935,127.0544386,350.0,0,7,12
다사603518,37.56515914,127.051031,154.0,0,4,9
다사575507,37.55511973,127.0193904,48.0,9,21,27
다사568492,37.54156731,127.0115537,9.0,9,22,28
다사598517,37.56423614,127.045375,371.0,0,0,13
다사583516,37.56326819,127.0283964,389.0,1,5,14
다사594522,37.56872525,127.0408182,18.0,0,1,14
다사586518,37.56508437,127.0317819,319.0,2,9,15
다사582501,37.54974376,127.0273496,301.0,2,21,34
다사572493,37.54248728,127.0160756,134.0,2,16,27
다사571498,37.54698927,127.0149144,67.0,3,15,30
다사599489,37.53900324,127.0466601,95.0,2,8,13
다사595519,37.56602567,127.0419671,18.0,6,10,13
다사584511,37.55876608,127.029557,336.0,2,7,15
다사596517,37.5642274,127.0431104,203.0,0,9,15
다사588514,37.56148802,127.034069,153.0,2,12,21
다사573494,37.54339324,127.0172017,11.0,0,12,24
다사591510,37.55789606,127.037488,0.0,4,14,32
다사597515,37.56242912,127.0442537,9.0,2,8,22
다사585511,37.55877058,127.0306892,383.0,2,10,16
다사609496,37.54535549,127.0579419,69.0,1,7,9
다사587511,37.55877956,127.0329536,102.0,6,13,20
다사598501,37.54981487,127.0454626,130.0,1,6,7
다사598518,37.56513747,127.0453695,475.0,0,6,11
다사614499,37.54808054,127.0635862,0.0,2,6,12
다사577499,37.54791831,127.0217008,112.0,7,19,31
다사566491,37.54065659,127.0092957,30.0,0,8,18
다사581514,37.56145647,127.0261433,357.0,2,9,13
다사570490,37.53977399,127.0138292,172.0,3,13,22
다사589512,37.55968982,127.0352124,173.0,3,18,25
다사584520,37.56687802,127.029506,559.0,5,13,18
다사574498,37.54700317,127.0183105,217.0,5,23,34
다사587500,37.54886495,127.0330155,217.0,2,11,15
다사597521,37.56783709,127.0442207,204.0,4,10,16
다사587502,37.55066761,127.0330043,278.0,4,19,28
다사588523,37.56959996,127.0340185,212.0,1,1,13
다사578503,37.5515282,127.0228098,510.0,0,12,33
다사582523,37.56957294,127.0272243,209.0,3,9,17
다사580524,37.57046518,127.0249538,868.0,3,8,13
다사581523,37.5695684,127.0260919,157.0,3,10,17
다사577506,37.5542276,127.0216605,355.0,8,22,38
다사582513,37.56055968,127.0272812,206.0,3,5,12
다사587505,37.55337159,127.0329874,547.0,7,31,39
다사587499,37.54796362,127.0330211,0.0,0,6,12
다사597502,37.55071184,127.044325,0.0,2,4,6
다사572490,37.53978329,127.0160931,334.0,1,7,11
다사597490,37.53989586,127.0443909,143.0,1,9,13
다사582524,37.57047427,127.0272186,0.0,2,5,18
다사600518,37.56514617,127.0476341,0.0,0,0,4
다사607514,37.56157096,127.0555816,0.0,1,2,4
다사607516,37.56337362,127.0555709,369.0,0,9,11
다사601492,37.54171591,127.0489077,146.0,5,11,18
다사610495,37.54445839,127.0590792,0.0,3,5,9
다사618500,37.54899853,127.0681091,0.0,3,13,21
다사589506,37.55428186,127.035246,285.0,7,24,35
다사598494,37.54350555,127.0455009,245.0,3,13,22
다사582505,37.55334907,127.0273268,163.0,6,30,44
다사581508,37.55604851,127.0261776,264.0,11,25,34
다사580507,37.55514264,127.0250511,208.0,15,31,41
다사579510,37.55784206,127.0239018,51.0,5,15,28
다사610498,37.54716239,127.0590633,150.0,0,1,5
다사609484,37.53453949,127.0580058,111.0,0,7,12
다사602491,37.5408189,127.050045,510.0,3,12,23
다사576509,37.55692699,127.020511,350.0,4,16,28
다사584516,37.56327271,127.0295287,70.0,1,7,9
다사615513,37.56070337,127.0646448,177.0,1,6,10
다사581504,37.5524432,127.0262004,360.0,12,26,40
다사579519,37.56595399,127.0238502,287.0,5,13,17
다사603492,37.54172454,127.0511716,216.0,0,13,17
다사570497,37.54608329,127.0137883,156.0,4,15,29
다사578506,37.55423218,127.0227926,616.0,7,31,46
다사590509,37.55699029,127.0363614,58.0,0,22,34
다사583512,37.55966289,127.0284192,610.0,0,7,9
다사580510,37.55784662,127.025034,349.0,4,18,33
다사573505,37.55330784,127.0171378,0.0,1,8,22
다사602494,37.54352289,127.0500288,8.0,3,7,15
다사580520,37.56685988,127.0249767,410.0,5,16,20
다사587501,37.54976628,127.0330099,157.0,4,14,19
다사611500,37.54896927,127.0601848,10.0,0,2,4
다사579499,37.54792746,127.0239648,69.0,6,19,30
다사593510,37.55790491,127.0397524,25.0,7,12,25
다사585513,37.56057324,127.0306779,217.0,0,0,12
다사607485,37.53543233,127.0557368,146.0,1,7,13
다사599490,37.53990458,127.0466547,76.0,3,9,18
다사569491,37.54067066,127.0126915,168.0,8,18,31
다사593516,37.56331288,127.0397191,547.0,2,10,24
다사585507,37.55516527,127.0307118,190.0,2,21,40
다사603490,37.53992187,127.0511824,29.0,3,15,22
다사591524,37.57051464,127.03741,95.0,2,3,9
다사594524,37.57052791,127.0408071,0.0,0,4,12
다사579514,37.56144736,127.0238788,0.0,6,11,14
다사601514,37.56154519,127.0487881,465.0,2,8,11
다사568491,37.54066598,127.0115595,221.0,9,17,26
다사576505,37.55332168,127.0205341,223.0,8,18,30
다사607486,37.53633366,127.0557314,208.0,2,11,19
다사619505,37.55350933,127.0692153,158.0,0,9,11
다사590512,37.55969428,127.0363446,39.0,2,16,25
다사568495,37.54427129,127.011536,157.0,5,16,29
다사606500,37.54894806,127.0545245,215.0,2,3,5
다사584502,37.55065413,127.029608,513.0,7,24,39
다사582511,37.55875703,127.0272926,454.0,0,10,25
다사609492,37.54175016,127.0579632,9.0,0,5,13
다사584518,37.56507536,127.0295174,392.0,5,10,15
다사599495,37.54441124,127.0466274,243.0,1,9,21
다사606488,37.53813206,127.0545888,110.0,5,16,24
다사613492,37.54176702,127.062491,7.0,3,9,11
다사604514,37.56155812,127.0521849,209.0,0,3,5
다사591521,37.56781066,127.0374267,99.0,2,5,9
다사588518,37.56509333,127.0340465,165.0,0,9,16
다사617504,37.55259971,127.0669562,66.0,0,6,9
다사584517,37.56417404,127.029523,177.0,4,6,13
다사588508,37.55608005,127.0341027,107.0,8,27,31
다사601515,37.56244652,127.0487827,212.0,2,5,11
다사586522,37.56868967,127.0317594,228.0,2,8,12
다사611487,37.53725194,127.0602536,33.0,6,13,16
다사598522,37.56874278,127.0453476,43.0,4,12,17
다사611485,37.53544927,127.0602642,17.0,2,12,12
다사574507,37.55511512,127.0182583,380.0,3,16,24
다사615496,37.54538072,127.0647339,6.0,2,9,16
다사598495,37.54440688,127.0454954,154.0,3,9,22
다사617502,37.55079705,127.0669667,297.0,3,8,16
다사607497,37.54624832,127.0556726,459.0,0,6,9
다사572501,37.5496979,127.016029,612.0,10,13,28
다사575498,37.54700779,127.0194425,144.0,7,22,31
다사576510,37.55782831,127.0205052,166.0,2,9,25
다사570495,37.54428063,127.0138,370.0,9,22,30
다사610494,37.54355706,127.0590845,0.0,2,5,7
다사576507,37.55512433,127.0205226,24.0,11,21,34
다사572502,37.55059922,127.0160231,571.0,5,14,28
다사610486,37.53634638,127.059127,179.0,6,12,17
다사595508,37.55611106,127.0420278,215.0,3,11,20
다사599518,37.56514183,127.0465018,294.0,0,2,8
다사585512,37.55967191,127.0306836,390.0,0,5,18
다사585501,37.5497573,127.0307458,86.0,7,11,30
다사599512,37.55973385,127.0465346,563.0,3,14,22
다사600489,37.53900758,127.0477921,126.0,0,10,13
다사616496,37.54538489,127.0658659,212.0,3,8,14
다사586507,37.55516977,127.031844,402.0,4,22,44
다사595515,37.56242036,127.0419892,288.0,2,10,24
다사582517,37.56416499,127.0272585,380.0,2,8,17
다사602490,37.53991756,127.0500504,21.0,3,13,22
다사583501,37.54974828,127.0284816,96.0,1,20,35
다사578508,37.55603483,127.0227811,187.0,4,29,45
다사583522,37.56867615,127.0283623,284.0,1,13,17
다사620506,37.55441479,127.0703422,213.0,2,5,11
다사593517,37.56421421,127.0397136,514.0,4,12,22
다사605497,37.54623978,127.0534086,0.0,1,6,9
다사586519,37.56598569,127.0317763,236.0,2,9,16
다사590522,37.56870755,127.0362888,65.0,0,6,9
다사578495,37.54431757,127.0228558,314.0,2,4,10
다사606493,37.54263873,127.054562,179.0,2,11,16
다사611492,37.54175861,127.0602271,0.0,0,6,12
다사582519,37.56596764,127.0272471,158.0,2,14,23
다사572500,37.54879657,127.0160348,104.0,10,13,33
다사607517,37.56427494,127.0555655,144.0,3,11,12
다사590521,37.56780622,127.0362944,129.0,3,5,10
다사583520,37.5668735,127.0283737,175.0,4,16,22
다사583500,37.54884695,127.0284873,255.0,3,17,29
다사589514,37.56149248,127.0352012,173.0,2,14,22
다사598499,37.54801221,127.0454735,31.0,2,5,11
다사602517,37.5642535,127.0499041,28.0,0,0,3
다사591504,37.55248809,127.0375214,105.0,3,9,20
다사595517,37.56422301,127.0419781,224.0,3,10,16
다사604492,37.54172883,127.0523035,313.0,3,12,21
다사585520,37.56688252,127.0306383,86.0,4,12,16
다사605517,37.5642664,127.053301,277.0,0,6,12
다사615500,37.54898605,127.064713,322.0,2,9,15
다사571499,37.5478906,127.0149086,194.0,3,16,26
다사594519,37.56602127,127.0408348,373.0,5,9,17
다사575502,37.5506131,127.0194194,135.0,4,18,32
다사590504,37.55248365,127.0363893,500.0,2,15,23
다사603520,37.56696179,127.0510202,19.0,1,6,11
다사605500,37.54894378,127.0533924,351.0,0,2,7
다사596497,37.54620081,127.0432205,70.0,2,6,12
다사596521,37.56783271,127.0430884,0.0,1,11,14
다사586516,37.56328171,127.0317932,67.0,2,6,12
다사580511,37.55874794,127.0250282,578.0,6,13,28
다사577504,37.55242494,127.021672,237.0,3,18,33
다사597498,37.54710652,127.044347,16.0,3,7,9
다사574497,37.54610185,127.0183163,330.0,5,15,29
다사573497,37.54609722,127.0171843,40.0,4,16,31
다사585518,37.56507987,127.0306497,163.0,3,8,17
다사619512,37.55981865,127.0691789,478.0,0,3,5
다사590517,37.56420091,127.0363167,187.0,3,11,21
다사599514,37.56153651,127.0465236,268.0,4,10,13
다사597516,37.56333045,127.0442482,56.0,0,6,19
다사567491,37.54066129,127.0104276,151.0,6,13,23
다사580523,37.56956385,127.0249596,312.0,3,8,16
다사572503,37.55150055,127.0160173,490.0,3,10,27
다사568498,37.54697527,127.0115184,272.0,2,3,12
다사581509,37.55694984,127.0261719,668.0,3,24,32
다사586517,37.56418304,127.0317876,189.0,1,9,14
다사589522,37.5687031,127.0351564,81.0,0,6,9
다사606490,37.53993473,127.0545781,95.0,7,15,20
다사600493,37.54261291,127.0477703,176.0,2,12,18
다사616500,37.54899022,127.065845,269.0,3,11,16
다사598511,37.55882817,127.0454078,6.0,4,16,26
다사584515,37.56237138,127.0295344,283.0,0,4,12
다사604485,37.5354195,127.0523412,288.0,0,3,6
다사572496,37.54519126,127.0160581,66.0,5,16,31
다사603499,37.54803386,127.0511337,84.0,0,5,9
다사596514,37.56152342,127.0431269,40.0,2,16,20
다사593513,37.56060889,127.0397357,406.0,1,18,29
다사595499,37.54799909,127.0420774,67.0,0,2,7
다사604494,37.5435315,127.0522927,28.0,0,10,16
다사580504,37.55243865,127.0250683,130.0,6,25,38
다사601500,37.54892656,127.0488642,250.0,0,4,12
다사577501,37.54972096,127.0216893,299.0,0,15,29
다사584514,37.56147006,127.02954,359.0,0,2,11
다사598519,37.5660388,127.045364,108.0,1,8,12
다사622509,37.557127,127.072591,8.0,2,5,12
다사595516,37.56332169,127.0419836,189.0,2,8,21
다사600513,37.56063953,127.0476613,340.0,4,12,17
다사581513,37.56055515,127.026149,212.0,3,11,14
다사579506,37.55423675,127.0239247,372.0,7,32,47
다사607487,37.53723499,127.0557261,96.0,2,13,23
다사586500,37.54886047,127.0318835,191.0,5,11,15
다사597500,37.54890918,127.044336,0.0,1,5,8
다사585509,37.55696793,127.0307005,191.0,3,12,27
다사601491,37.54081458,127.0489131,78.0,3,13,17
다사598496,37.54530822,127.0454899,62.0,3,9,15
다사613491,37.54086569,127.0624963,0.0,2,7,10
다사594518,37.56511994,127.0408403,92.0,5,12,14
다사596508,37.55611544,127.0431599,51.0,3,6,19
다사591512,37.55969872,127.0374769,434.0,4,15,28
다사592523,37.56961775,127.0385479,33.0,1,3,8
다사620507,37.55531612,127.070337,611.0,2,2,8
다사568490,37.53976465,127.0115654,64.0,4,14,21
다사609487,37.53724349,127.0579898,258.0,6,17,19
다사592518,37.56511111,127.0385757,399.0,2,12,19
다사594512,37.55971197,127.0408735,69.0,8,19,30
다사584509,37.55696342,127.0295684,405.0,5,7,21
다사589516,37.56329513,127.03519,195.0,3,14,22
다사583508,37.55605758,127.0284419,615.0,5,16,35
다사575500,37.54881044,127.0194309,108.0,6,27,36
다사577505,37.55332627,127.0216662,436.0,5,21,34
다사579509,37.55694073,127.0239075,224.0,7,21,34
다사611514,37.56158792,127.0601106,98.0,3,5,7
다사606502,37.55075072,127.0545137,0.0,2,3,5
다사581506,37.55424586,127.026189,440.0,9,32,50
다사595520,37.566927,127.0419616,13.0,3,9,16
다사571491,37.54067998,127.0149553,154.0,3,8,31
다사606515,37.56246802,127.054444,308.0,0,2,9
다사571501,37.54969325,127.0148969,167.0,2,17,20
다사616503,37.55169422,127.0658293,10.0,0,5,10
다사618511,37.55891319,127.0680519,0.0,0,3,4
다사619507,37.55531199,127.0692049,59.0,0,2,6
다사569490,37.53976933,127.0126973,345.0,4,15,20
다사608488,37.53814058,127.0568526,159.0,3,16,23
다사582515,37.56236234,127.0272699,183.0,0,8,17
다사613490,37.53996435,127.0625015,43.0,2,4,13
다사601490,37.53991325,127.0489185,193.0,4,12,19
다사609498,37.54715815,127.0579313,85.0,0,1,8
다사604520,37.5669661,127.0521525,76.0,3,8,12
다사610487,37.53724772,127.0591217,308.0,7,12,20
다사574501,37.54970716,127.0182931,430.0,7,24,32
다사598512,37.5597295,127.0454024,50.0,5,13,24
다사605502,37.55074644,127.0533817,0.0,1,4,5
다사598490,37.53990023,127.0455228,363.0,2,8,15
다사581522,37.56866708,127.0260976,303.0,2,11,18
다사600497,37.54621824,127.0477485,67.0,2,8,14
다사604497,37.5462355,127.0522765,0.0,1,9,10
다사594517,37.56421862,127.0408458,425.0,2,12,16
다사567493,37.54246395,127.0104158,325.0,4,19,24
다사570493,37.54247798,127.0138117,909.0,5,30,37
다사586506,37.55426844,127.0318496,409.0,4,25,35
다사598491,37.54080156,127.0455173,686.0,3,13,18
다사581516,37.56325913,127.0261319,7.0,0,11,18
다사597523,37.56963974,127.0442097,258.0,3,12,17
다사604516,37.56336078,127.0521741,316.0,0,0,7
다사573495,37.54429457,127.0171959,65.0,3,17,23
다사596509,37.55701677,127.0431544,65.0,4,12,24
다사604489,37.53902484,127.0523197,101.0,4,18,21
다사605493,37.54263445,127.0534301,94.0,2,8,21
다사604495,37.54443283,127.0522873,8.0,0,9,15
다사595513,37.5606177,127.0420002,68.0,6,16,23
다사596523,37.56963537,127.0430774,722.0,1,9,15
다사588519,37.56599465,127.0340409,160.0,2,6,14
다사595511,37.55881504,127.0420112,8.0,5,20,29
다사589517,37.56419646,127.0351844,790.0,3,9,21
다사576506,37.55422301,127.0205283,98.0,7,20,32
다사596519,37.56603006,127.0430994,30.0,4,9,15
다사603517,37.56425781,127.0510364,285.0,0,0,7
다사599499,37.54801656,127.0466056,61.0,2,7,13
다사608492,37.54174591,127.0568313,0.0,0,9,19
다사586508,37.55607109,127.0318383,155.0,0,27,39
다사607492,37.54174166,127.0556993,186.0,0,9,19
다사577498,37.54701698,127.0217065,584.0,6,18,29
다사603489,37.53902054,127.0511878,76.0,3,11,22
다사614514,37.56160052,127.0635073,146.0,1,6,10
다사600496,37.54531691,127.0477539,471.0,0,11,18
다사579523,37.56955929,127.0238272,364.0,2,9,13
다사585504,37.55246129,127.0307288,421.0,8,22,39
다사604512,37.55975546,127.0521957,0.0,0,3,7
다사582522,37.56867162,127.02723,434.0,2,14,20
다사597489,37.53899453,127.0443963,432.0,0,5,11
다사583502,37.55064961,127.0284759,319.0,2,26,38
다사580522,37.56866253,127.0249653,77.0,4,11,15
다사613497,37.54627369,127.0624647,0.0,1,4,12
다사602493,37.54262156,127.0500342,67.0,4,9,18
다사600517,37.56424484,127.0476395,200.0,0,0,4
다사578511,37.55873881,127.0227638,431.0,3,8,20
다사617511,37.55890904,127.0669197,325.0,0,4,4
다사607491,37.54084033,127.0557047,0.0,4,12,17
다사591505,37.55338942,127.0375159,381.0,3,10,23
다사576504,37.55242035,127.0205399,106.0,3,16,25
다사586512,37.5596764,127.0318158,304.0,0,10,19
다사601499,37.54802523,127.0488696,361.0,1,6,9
다사599496,37.54531257,127.0466219,201.0,0,9,18
다사603494,37.5435272,127.0511607,105.0,0,7,19
다사604493,37.54263017,127.0522981,56.0,0,8,20
다사588522,37.56869863,127.0340241,186.0,0,3,11
다사601498,37.5471239,127.0488751,7.0,2,6,10
다사590507,37.55518763,127.0363726,835.0,2,19,37
다사609488,37.53814482,127.0579845,100.0,2,16,21
다사600499,37.5480209,127.0477376,356.0,1,4,10
다사597518,37.56513311,127.0442372,251.0,0,8,12
다사607496,37.54534699,127.0556779,153.0,3,7,7
다사570491,37.54067532,127.0138234,431.0,5,19,34
다사604487,37.53722217,127.0523304,216.0,2,8,19
다사611486,37.53635061,127.0602589,57.0,6,12,14
다사577507,37.55512892,127.0216547,92.0,6,24,43
다사603488,37.53811921,127.0511932,141.0,3,10,18
다사575509,37.55692238,127.0193788,50.0,6,14,21
다사590518,37.56510224,127.0363111,237.0,1,11,17
다사596498,37.54710214,127.043215,121.0,1,6,10
다사597501,37.54981051,127.0443305,19.0,2,5,7
다사610488,37.53814905,127.0591164,65.0,2,12,22
다사580506,37.55424131,127.0250568,236.0,11,34,46
다사570498,37.54698461,127.0137824,164.0,2,10,26
다사580499,37.54793201,127.0250969,129.0,7,18,27
다사578509,37.55693616,127.0227753,39.0,0,21,38
다사567490,37.53975997,127.0104335,78.0,4,11,19
다사583515,37.56236687,127.0284021,264.0,0,5,11
다사618502,37.55080119,127.0680987,183.0,3,10,16
다사599494,37.5435099,127.0466329,0.0,1,11,23
다사597491,37.5407972,127.0443854,343.0,2,11,16
다사608498,37.54715391,127.0567993,677.0,0,2,10
다사605496,37.54533845,127.0534139,29.0,4,6,13
다사618505,37.55350519,127.0680831,146.0,0,5,10
다사593518,37.56511553,127.039708,297.0,3,11,19
다사586505,37.55336711,127.0318553,264.0,10,24,40
다사570494,37.54337931,127.0138058,158.0,11,25,36
다사580502,37.550636,127.0250797,315.0,2,17,32
다사609506,37.55436881,127.0578887,71.0,0,0,0
다사591513,37.56060005,127.0374713,267.0,8,11,25
다사591506,37.55429075,127.0375103,322.0,4,13,26
다사603500,37.54893519,127.0511283,377.0,0,3,9
다사576498,37.54701239,127.0205745,109.0,5,17,27
다사589508,37.55608451,127.0352348,266.0,9,20,38
다사579521,37.56775664,127.0238387,253.0,4,10,20
다사575495,37.5443038,127.0194599,257.0,0,7,16
다사613494,37.54356969,127.0624805,272.0,2,9,12
다사599492,37.54170724,127.0466438,264.0,2,15,21
다사572497,37.54609259,127.0160523,220.0,3,22,30
다사572498,37.54699392,127.0160464,252.0,1,19,33
다사609500,37.54896082,127.0579206,113.0,1,2,4
다사613499,37.54807635,127.0624541,77.0,1,4,8
다사587516,37.5632862,127.0329255,582.0,3,7,13
다사587507,37.55517425,127.0329761,434.0,13,20,42
다사600487,37.53720492,127.0478029,256.0,0,4,6
다사614494,37.54357388,127.0636124,17.0,4,8,13
다사613500,37.54897769,127.0624489,7.0,1,4,6
다사596495,37.54439815,127.0432315,256.0,4,12,14
다사610497,37.54626105,127.0590686,0.0,0,1,8
다사598514,37.56153216,127.0453914,56.0,4,12,20
다사599502,37.55072055,127.0465892,188.0,2,4,8
다사603486,37.53631654,127.051204,408.0,0,4,9
다사612493,37.54266415,127.0613538,0.0,3,7,12
다사574506,37.55421379,127.0182641,418.0,3,17,24
다사601489,37.53901191,127.048924,339.0,2,9,19
다사606487,37.53723073,127.0545942,147.0,2,14,20
다사577508,37.55603025,127.0216489,229.0,4,23,42
다사586502,37.55066312,127.0318722,212.0,9,19,28
다사575501,37.54971177,127.0194251,68.0,6,21,36
다사602499,37.54802955,127.0500017,393.0,0,6,9
다사612513,37.5606908,127.0612481,12.0,1,3,5
다사587517,37.56418752,127.0329199,368.0,1,8,14
다사613513,37.560695,127.0623803,56.0,0,4,6
다사575493,37.54250115,127.0194714,295.0,0,3,9
다사576508,37.55602566,127.0205168,27.0,5,19,31
다사612498,37.54717082,127.0613274,0.0,1,3,4
다사605515,37.56246374,127.0533117,300.0,0,0,7
다사586509,37.55697242,127.0318327,363.0,1,24,29
다사581501,37.54973922,127.0262175,54.0,2,20,33
다사571500,37.54879192,127.0149027,258.0,2,18,21
다사619503,37.55170666,127.0692256,118.0,5,8,14
다사580501,37.54973467,127.0250854,249.0,2,21,34
다사577496,37.54521432,127.0217181,272.0,0,9,22
다사597522,37.56873842,127.0442152,263.0,4,8,19
다사616498,37.54718756,127.0658555,0.0,5,13,16
다사586504,37.55246578,127.0318609,416.0,6,28,42
다사575503,37.55151442,127.0194136,248.0,5,10,30
다사577503,37.55152362,127.0216777,196.0,0,13,35
다사596516,37.56332607,127.0431159,165.0,1,8,19
다사602502,37.55073355,127.0499854,100.0,2,2,4
다사592522,37.56871642,127.0385535,99.0,0,5,8
다사585510,37.55786925,127.0306949,96.0,2,11,23
다사578507,37.55513351,127.0227868,488.0,4,31,44
다사584519,37.56597669,127.0295117,417.0,4,13,16
다사593511,37.55880624,127.0397468,367.0,7,17,29
다사580521,37.5677612,127.024971,260.0,3,11,23
다사585516,37.56327722,127.030661,58.0,0,8,10
다사586523,37.569591,127.0317537,325.0,1,6,11
다사570496,37.54518196,127.0137941,926.0,2,21,26
다사598498,37.54711088,127.045479,104.0,4,7,10
다사598488,37.53809756,127.0455337,353.0,1,2,10
다사596512,37.55972076,127.0431379,39.0,8,17,28
다사604519,37.56606477,127.0521579,175.0,2,9,11
다사590505,37.55338498,127.0363837,302.0,2,20,28
다사582521,37.56777029,127.0272357,170.0,4,12,22
다사575508,37.55602106,127.0193846,492.0,6,18,24
다사605492,37.54173312,127.0534354,8.0,2,10,21
다사595524,37.57053231,127.0419395,198.0,1,5,12
다사580518,37.56505723,127.0249882,269.0,4,10,21
다사611499,37.54806794,127.06019,0.0,0,1,4
다사572489,37.53888196,127.0160989,101.0,0,4,10
다사600512,37.5597382,127.0476668,255.0,2,13,23
다사591525,37.57141597,127.0374044,97.0,3,5,9
다사586514,37.56147906,127.0318045,236.0,0,4,9
다사608493,37.54264725,127.0568259,0.0,2,6,14
다사580505,37.55333998,127.0250626,229.0,7,34,42
다사597497,37.54620518,127.0443525,100.0,4,7,12
다사586521,37.56778834,127.031765,503.0,1,7,15
다사606501,37.54984939,127.0545191,92.0,2,3,5
다사606486,37.5363294,127.0545996,238.0,3,10,16
다사586513,37.56057773,127.0318101,335.0,0,7,17
다사594523,37.56962658,127.0408126,20.0,0,3,7
다사574508,37.55601644,127.0182525,706.0,5,16,20
다사573498,37.54699855,127.0171785,454.0,3,22,33
다사588520,37.56689598,127.0340353,227.0,2,5,12
다사586511,37.55877508,127.0318214,189.0,3,11,18
다사575497,37.54610646,127.0194483,491.0,6,14,28
다사592511,37.55880182,127.0386146,196.0,6,13,26
다사593508,37.55610225,127.0397635,333.0,2,13,21
다사589519,37.56599912,127.0351732,71.0,3,6,14
다사586503,37.55156445,127.0318665,334.0,4,26,36
다사615497,37.54628205,127.0647287,8.0,2,11,14
다사607499,37.54805099,127.0556619,287.0,0,3,7
다사585500,37.54885597,127.0307514,80.0,6,12,17
다사584507,37.55516077,127.0295797,205.0,0,20,40
다사580509,37.55694529,127.0250397,289.0,5,21,32
다사620509,37.55711878,127.0703267,60.0,0,4,4
다사574499,37.5479045,127.0183047,197.0,6,25,38
다사588524,37.57050128,127.0340128,81.0,1,2,8
다사597519,37.56603443,127.0442317,117.0,4,10,14
다사574504,37.55241114,127.0182757,30.0,3,13,25
다사597508,37.55611982,127.0442921,0.0,3,8,13
다사596513,37.56062209,127.0431324,224.0,7,17,21
다사594516,37.56331729,127.0408514,315.0,2,12,22
다사578504,37.55242952,127.0228041,438.0,5,18,38
다사582504,37.55244774,127.0273325,405.0,8,24,42
다사587513,37.56058222,127.0329424,210.0,0,11,22
다사582510,37.5578557,127.0272983,497.0,0,17,28
다사582498,37.54703977,127.0273666,201.0,6,14,18
다사572495,37.54428993,127.0160639,72.0,8,14,28
다사596515,37.56242474,127.0431214,201.0,2,11,21
다사578500,37.54882421,127.0228271,202.0,4,18,30
다사609491,37.54084882,127.0579685,107.0,0,5,15
다사579500,37.54882878,127.0239591,273.0,5,18,32
다사580519,37.56595855,127.0249825,154.0,3,14,19
다사587508,37.55607558,127.0329705,317.0,6,29,34
다사594497,37.54619203,127.0409564,0.0,0,0,6
다사616501,37.54989156,127.0658398,339.0,2,8,16
다사599516,37.56333917,127.0465127,190.0,0,7,8
다사597514,37.56152779,127.0442592,19.0,4,16,20
다사611488,37.53815327,127.0602483,0.0,3,16,16
다사575510,37.55782371,127.019373,49.0,4,12,19
다사605485,37.53542379,127.0534731,212.0,0,4,8
다사608484,37.53453524,127.0568739,122.0,0,5,9
다사588513,37.56058669,127.0340746,201.0,1,16,24
다사575506,37.5542184,127.0193962,123.0,6,22,28
다사583518,37.56507085,127.0283851,406.0,3,11,17
다사570500,37.54878727,127.0137707,422.0,2,17,22
다사568494,37.54336996,127.0115419,505.0,10,23,30
다사600491,37.54081025,127.0477812,0.0,3,11,19
다사579513,37.56054604,127.0238846,182.0,4,12,14
다사571496,37.54518662,127.0149261,210.0,4,16,30
다사595512,37.55971637,127.0420057,61.0,7,18,29
다사581521,37.56776575,127.0261033,74.0,4,12,21
다사618510,37.55801185,127.0680571,9.0,0,0,5
다사608500,37.54895658,127.0567886,169.0,2,3,3
다사606517,37.56427068,127.0544333,208.0,2,10,14
다사607500,37.54895232,127.0556565,197.0,2,3,3
다사605501,37.54984511,127.053387,284.0,1,4,5
다사604517,37.56426211,127.0521687,224.0,0,4,8
다사604488,37.5381235,127.0523251,93.0,3,14,22
다사599517,37.5642405,127.0465073,101.0,0,0,14
다사608491,37.54084458,127.0568366,85.0,0,10,18
다사604518,37.56516344,127.0521633,292.0,0,8,11
다사581511,37.55875249,127.0261604,375.0,1,12,25
다사605518,37.56516773,127.0532956,245.0,2,10,12
다사602513,37.56064818,127.0499258,289.0,4,7,9
다사601516,37.56334785,127.0487773,157.0,0,2,7
다사593523,37.56962217,127.0396803,32.0,0,2,6
다사608495,37.54444991,127.0568153,0.0,3,8,9
다사579512,37.55964471,127.0238903,177.0,4,14,16
다사586515,37.56238039,127.0317989,245.0,3,4,10
다사582507,37.55515172,127.0273154,580.0,6,24,41
다사590511,37.55879295,127.0363502,197.0,2,21,28
다사595497,37.54619643,127.0420884,60.0,0,6,8
다사589521,37.56780177,127.035162,277.0,0,5,7
다사569497,37.54607862,127.0126563,115.0,2,8,28
다사573501,37.54970253,127.017161,244.0,8,21,29
다사571493,37.54248263,127.0149436,248.0,6,23,36
다사583521,37.56777482,127.028368,151.0,5,12,21
다사609489,37.53904616,127.0579792,38.0,2,12,21
다사585505,37.55336261,127.0307231,215.0,10,18,42
다사582508,37.55605305,127.0273097,628.0,2,20,32
다사581502,37.55064055,127.0262118,91.0,6,20,32
다사578498,37.54702156,127.0228386,288.0,4,19,32
다사581507,37.55514718,127.0261833,432.0,14,23,43
다사582500,37.54884243,127.0273553,555.0,8,18,28
다사609493,37.54265149,127.0579579,0.0,0,5,13
다사612490,37.53996015,127.0613696,40.0,2,4,12
다사587506,37.55427292,127.0329818,301.0,9,26,37
다사579508,37.5560394,127.0239132,274.0,8,25,43
다사602496,37.54532556,127.0500179,0.0,4,7,11
다사601501,37.5498279,127.0488588,358.0,0,3,9
다사607488,37.53813633,127.0557207,174.0,6,16,24
다사582499,37.5479411,127.0273609,83.0,6,14,25
다사612494,37.54356549,127.0613485,0.0,3,6,12
다사582509,37.55695438,127.027304,538.0,4,20,33
다사577502,37.55062229,127.0216835,364.0,0,15,31
다사591517,37.56420536,127.037449,164.0,4,11,21
다사584510,37.55786475,127.0295627,238.0,5,6,16
다사608501,37.54985791,127.0567832,71.0,2,3,3
다사617513,37.5607117,127.0669093,27.0,4,6,7
다사585514,37.56147456,127.0306723,263.0,0,3,10
다사589513,37.56059115,127.0352068,0.0,4,15,25
다사599520,37.56694448,127.0464909,60.0,1,5,13
다사583514,37.56146554,127.0284078,583.0,0,4,10
다사592507,37.5551965,127.0386369,586.0,4,11,19
다사587515,37.56238487,127.0329311,245.0,3,6,15
다사607489,37.53903766,127.0557154,0.0,6,13,23
다사579520,37.56685532,127.0238444,925.0,4,13,18
다사573491,37.54068925,127.0172192,313.0,3,6,11
다사612499,37.54807215,127.0613221,151.0,1,3,4
다사601495,37.54441991,127.0488914,8.0,2,9,15
다사574496,37.54520052,127.0183221,363.0,3,9,28
다사578496,37.5452189,127.02285,357.0,2,8,21
다사596520,37.56693138,127.0430939,30.0,4,11,14
다사569498,37.54697995,127.0126504,612.0,2,7,21
다사585519,37.5659812,127.030644,158.0,4,12,17
다사607510,37.55796563,127.055603,129.0,0,0,0
다사585508,37.5560666,127.0307062,609.0,0,13,42
다사598500,37.54891354,127.0454681,121.0,2,6,8
다사576502,37.5506177,127.0205514,329.0,4,14,31
다사590523,37.56960888,127.0362832,186.0,1,5,8
다사599491,37.54080591,127.0466492,156.0,4,12,22
다사610499,37.54806372,127.059058,0.0,0,2,4
다사589518,37.56509779,127.0351788,132.0,1,9,15
다사589524,37.57050575,127.0351452,201.0,1,4,4
다사604486,37.53632084,127.0523358,186.0,0,4,11
다사600488,37.53810625,127.0477975,332.0,0,5,12
다사579507,37.55513808,127.023919,369.0,11,32,45
다사599498,37.54711523,127.046611,52.0,2,8,12
다사614498,37.54717921,127.0635914,0.0,2,9,12
다사574505,37.55331246,127.0182699,195.0,2,11,26
다사588521,37.56779731,127.0340297,72.0,0,6,10
다사604491,37.5408275,127.0523089,288.0,2,13,24
다사598516,37.56333481,127.0453805,98.0,0,4,17
다사581500,37.54883789,127.0262232,88.0,11,17,27
다사574500,37.54880583,127.0182989,224.0,9,26,36
다사576501,37.54971637,127.0205572,411.0,3,16,31
다사579504,37.55243409,127.0239362,174.0,6,19,43
다사604498,37.54713683,127.0522712,0.0,0,6,10
다사573493,37.54249191,127.0172075,109.0,3,11,18
다사592508,37.55609783,127.0386313,527.0,2,12,22
다사594525,37.57142923,127.0408016,0.0,0,5,11
다사585515,37.56237589,127.0306666,244.0,0,6,9
다사580500,37.54883334,127.0250912,244.0,6,20,29
다사605489,37.53902912,127.0534516,216.0,2,18,23
다사595498,37.54709776,127.0420829,115.0,0,3,8
다사611513,37.56068659,127.0601159,0.0,0,3,5
다사606518,37.56517201,127.0544279,43.0,5,10,12
다사578499,37.54792289,127.0228328,78.0,6,17,32
다사567494,37.54336527,127.0104099,156.0,3,17,25
다사590506,37.55428631,127.0363781,998.0,4,22,28
다사619504,37.55260799,127.0692204,371.0,3,7,11
다사607498,37.54714966,127.0556672,237.0,0,6,9
다사585503,37.55155996,127.0307344,374.0,6,23,37
다사587514,37.56148354,127.0329367,244.0,2,4,17
다사607495,37.54444566,127.0556833,0.0,5,7,10
다사579503,37.55153277,127.0239419,274.0,2,14,30
다사618503,37.55170253,127.0680935,268.0,5,9,11
다사607504,37.55255765,127.0556351,0.0,0,1,3
다사584501,37.5497528,127.0296137,185.0,7,15,35
다사602497,37.54622689,127.0500125,58.0,5,6,9
다사610485,37.53544505,127.0591323,174.0,4,10,16
다사583507,37.55515625,127.0284476,650.0,0,21,42
다사584522,37.56868067,127.0294947,561.0,4,10,15
다사581498,37.54703523,127.0262346,360.0,6,16,19
다사616499,37.54808889,127.0658503,7.0,5,13,16
다사583519,37.56597217,127.0283794,528.0,5,13,19
다사573500,37.5488012,127.0171668,243.0,10,23,32
다사583511,37.55876156,127.0284248,582.0,0,8,13
다사576497,37.54611106,127.0205803,556.0,4,17,24
다사593514,37.56151022,127.0397302,463.0,0,15,25
다사619513,37.56071999,127.0691737,0.0,0,4,5
다사573508,37.55601182,127.0171203,,3,12,17
다사604521,37.56786742,127.0521471,,4,7,13
다사584496,37.54524615,127.029642,,0,0,6
다사597504,37.5525145,127.0443141,,0,4,5
다사591508,37.5560934,127.0374991,,0,17,31
다사587492,37.54165431,127.0330605,,0,0,1
다사606519,37.56607334,127.0544225,,7,10,14
다사616508,37.55620088,127.0658032,,0,0,0
다사586497,37.54615648,127.0319004,,0,0,1
다사600505,37.55342889,127.0477049,,0,2,6
다사580491,37.54072138,127.0251426,,0,0,1
다사578492,37.54161359,127.022873,,0,1,2
다사602482,37.5327069,127.0500938,,0,0,0
다사611507,37.5552786,127.0601477,,0,0,0
다사588491,37.54075745,127.034198,,0,0,0
다사607509,37.5570643,127.0556084,,0,0,0
다사613510,37.55799101,127.0623962,,0,0,0
다사606481,37.53182272,127.0546264,,0,0,0
다사597495,37.54440252,127.0443634,,4,11,16
다사600494,37.54351425,127.0477648,,1,10,20
다사573488,37.53798527,127.0172366,,0,0,2
다사590500,37.54887833,127.0364116,,0,0,8
다사618508,37.55620919,127.0680675,,0,1,2
다사589490,37.53986058,127.0353355,,0,0,0
다사610515,37.56248502,127.058973,,2,7,8
다사581525,37.57137105,127.0260805,,2,6,13
다사602521,37.56785881,127.0498824,,1,6,13
다사605503,37.55164777,127.0533763,,0,4,5
다사585489,37.53894135,127.0308135,,0,0,0
다사595522,37.56872965,127.0419505,,0,6,14
다사605507,37.5552531,127.0533548,,0,1,3
다사599521,37.56784581,127.0464854,,2,9,15
다사592487,37.5371699,127.0387479,,0,0,0
다사595521,37.56782832,127.041956,,0,10,15
다사612488,37.53815748,127.0613802,,3,10,17
다사601520,37.56695316,127.0487555,,0,3,12
다사616505,37.55349689,127.0658189,,0,1,6
다사578488,37.53800827,127.022896,,0,0,0
다사599508,37.55612854,127.0465564,,1,9,13
다사585496,37.54525066,127.030774,,0,0,0
다사594493,37.54258671,127.0409785,,0,6,12
다사617506,37.55440238,127.0669458,,0,1,6
다사598509,37.55702551,127.0454188,,3,9,17
다사593504,37.55249693,127.0397856,,0,5,7
다사616509,37.55710222,127.065798,,0,0,0
다사611496,37.54536394,127.0602059,,0,4,9
다사574486,37.53618723,127.0183801,,0,0,0
다사599525,37.57145112,127.0464635,,2,13,19
다사583498,37.5470443,127.0284987,,0,9,20
다사587498,37.54706229,127.0330267,,0,0,11
다사592514,37.5615058,127.038598,,3,14,27
다사590498,37.54707567,127.0364228,,0,2,4
다사609512,37.5597768,127.0578567,,0,1,3
다사566496,37.54516323,127.0092662,,0,3,12
다사603521,37.56786312,127.0510148,,3,6,10
다사581518,37.56506178,127.0261205,,3,12,23
다사613508,37.55618834,127.0624067,,0,0,0
다사594507,37.55520533,127.0409011,,0,8,18
다사580495,37.5443267,127.0251198,,3,6,6
다사586496,37.54525515,127.031906,,0,0,2
다사573504,37.55240651,127.0171436,,1,11,22
다사595494,37.54349243,127.042105,,2,11,14
다사604508,37.55615014,127.0522172,,1,4,8
다사577490,37.53980635,127.0217526,,0,0,0
다사613507,37.55528701,127.062412,,0,0,0
다사578491,37.54071226,127.0228788,,0,0,1
다사576488,37.5379991,127.0206322,,0,0,0
다사606509,37.55706004,127.0544762,,0,0,1
다사583506,37.55425492,127.0284532,,0,24,45
다사602514,37.56154951,127.0499204,,2,7,9
다사567496,37.54516793,127.0103981,,0,6,16
다사581492,37.54162726,127.0262688,,0,0,1
다사595527,37.57323629,127.0419229,,0,6,11
다사592526,37.57232173,127.0385312,,0,8,10
다사580487,37.53711606,127.0251655,,0,0,0
다사590497,37.54617434,127.0364284,,1,4,5
다사597512,37.55972513,127.0442701,,4,19,26
다사611515,37.56248925,127.0601053,,3,6,7
다사575487,37.53709317,127.0195061,,0,0,0
다사574491,37.54069388,127.0183511,,1,4,6
다사588501,37.54977075,127.0341419,,2,12,17
다사589492,37.54166324,127.0353244,,0,3,4
다사573489,37.5388866,127.0172308,,0,2,6
다사609507,37.55527014,127.0578834,,0,0,0
다사574485,37.5352859,127.0183859,,0,0,0
다사585486,37.53623735,127.0308305,,0,1,1
다사606512,37.55976403,127.0544601,,0,0,3
다사575484,37.53438918,127.0195235,,0,0,0
다사594492,37.54168538,127.0409841,,1,7,11
다사612515,37.56249346,127.0612375,,3,4,9
다사590494,37.54347035,127.0364451,,4,5,5
다사600523,37.56965281,127.0476068,,5,11,19
다사581487,37.53712061,127.0262974,,0,0,0
다사606510,37.55796137,127.0544708,,0,0,2
다사595495,37.54439376,127.0420995,,2,10,13
다사584500,37.54885147,127.0296194,,4,15,22
다사583494,37.54343898,127.0285214,,0,0,1
다사593496,37.54528629,127.03983,,0,3,7
다사604507,37.55524881,127.0522226,,0,2,7
다사594527,37.57323189,127.0407905,,3,4,13
다사573484,37.53437995,127.0172598,,0,0,0
다사615512,37.55980204,127.0646501,,0,5,8
다사606477,37.52821739,127.0546478,,0,2,2
다사581496,37.54523258,127.026246,,1,6,16
다사611505,37.55347594,127.0601583,,0,0,0
다사592498,37.54708454,127.0386869,,0,1,3
다사587489,37.53895032,127.0330773,,0,0,0
다사602505,37.55343754,127.0499692,,0,3,8
다사597526,37.57234373,127.0441933,,4,8,15
다사606495,37.54444139,127.0545513,,4,7,10
다사576494,37.54340708,127.0205976,,0,1,12
다사577486,37.53620103,127.0217756,,0,0,0
다사581489,37.53892327,127.0262859,,0,0,0
다사594495,37.54438937,127.0409675,,0,4,15
다사600507,37.55523155,127.047694,,1,7,11
다사604481,37.53181417,127.0523628,,0,0,0
다사613501,37.54987902,127.0624436,,0,2,6
다사595489,37.53898578,127.0421325,,0,1,7
다사569489,37.538868,127.0127032,,2,12,16
다사602512,37.55974685,127.0499312,,3,7,14
다사606483,37.53362539,127.0546156,,0,1,1
다사591493,37.54257346,127.0375827,,2,4,5
다사602508,37.55614153,127.0499529,,5,7,11
다사592525,37.5714204,127.0385368,,1,7,8
다사611484,37.53454794,127.0602695,,0,6,12
다사610504,37.55257038,127.0590315,,0,0,0
다사567497,37.54606926,127.0103923,,0,2,11
다사593527,37.57322748,127.0396581,,3,9,11
다사612486,37.53635481,127.0613907,,6,10,14
다사580497,37.54612936,127.0251083,,4,12,23
다사593494,37.54348363,127.039841,,0,6,10
다사570502,37.55058992,127.013759,,1,13,24
다사587524,37.57049681,127.0328805,,1,3,11
다사589496,37.54526856,127.035302,,3,5,5
다사583490,37.53983366,127.0285441,,0,0,0
다사587495,37.5443583,127.0330436,,0,1,3
다사583487,37.53712967,127.0285611,,0,0,0
다사571492,37.54158131,127.0149495,,3,21,33
다사606507,37.55525738,127.0544869,,0,0,1
다사599483,37.53359525,127.0466929,,0,0,0
다사590514,37.56149693,127.0363335,,6,14,18
다사597525,37.5714424,127.0441988,,3,9,16
다사596491,37.54079282,127.0432534,,3,11,14
다사607503,37.55165632,127.0556405,,0,3,3
다사568489,37.53886333,127.0115713,,2,12,15
다사571503,37.5514959,127.0148852,,3,10,25
다사608513,37.56067388,127.0567192,,0,1,4
다사601506,37.55433455,127.0488316,,0,4,10
다사611495,37.54446261,127.0602112,,2,6,9
다사592489,37.53897256,127.0387368,,0,0,0
다사566490,37.53975527,127.0093016,,0,6,12
다사586486,37.53624185,127.0319623,,0,0,1
다사589511,37.5587885,127.035218,,4,17,26
다사580515,37.56235325,127.0250054,,3,11,17
다사601509,37.55703854,127.0488153,,5,11,13
다사582495,37.54433578,127.0273837,,0,2,8
다사597506,37.55431716,127.0443031,,1,3,7
다사585499,37.54795464,127.0307571,,0,12,16
다사607506,37.55436031,127.0556244,,0,0,0
다사593501,37.54979295,127.0398023,,0,0,1
다사577509,37.55693158,127.0216432,,0,18,36
다사608503,37.55166057,127.0567726,,0,3,3
다사603503,37.55163919,127.0511121,,2,2,4
다사622508,37.55622567,127.0725962,,2,6,13
다사597507,37.55521849,127.0442976,,0,5,9
다사594501,37.54979735,127.0409343,,0,1,2
다사589487,37.53715659,127.0353523,,0,0,0
다사621513,37.56072823,127.0714382,,0,0,9
다사583496,37.54524164,127.02851,,0,0,10
다사566498,37.54696588,127.0092543,,0,2,8
다사594503,37.55160001,127.0409233,,0,1,7
다사615509,37.55709805,127.0646658,,0,0,0
다사596526,37.57233935,127.0430609,,1,8,14
다사603493,37.54262587,127.0511661,,0,10,19
다사610502,37.55076772,127.0590421,,0,1,3
다사603483,37.53361254,127.0512202,,0,0,0
다사610507,37.55527438,127.0590155,,0,0,0
다사596486,37.53628616,127.0432809,,0,0,0
다사614510,37.5579952,127.0635284,,0,0,0
다사600510,37.55793554,127.0476777,,3,10,23
다사575485,37.53529051,127.0195177,,0,0,0
다사574490,37.53979255,127.0183569,,0,4,6
다사608494,37.54354858,127.0568206,,3,8,11
다사608480,37.5309299,127.0568953,,0,0,0
다사614507,37.5552912,127.0635441,,0,0,0
다사588496,37.5452641,127.03417,,0,3,5
다사588497,37.54616543,127.0341644,,0,3,3
다사600504,37.55252756,127.0477104,,1,3,6
다사603506,37.55434318,127.0510959,,0,2,9
다사593502,37.55069428,127.0397967,,0,0,4
다사614508,37.55619253,127.0635389,,0,0,0
다사579490,37.5398155,127.0240164,,0,0,0
다사602481,37.53180556,127.0500992,,0,0,0
다사618499,37.54809719,127.0681143,,4,12,19
다사620504,37.55261212,127.0703526,,3,10,12
다사604480,37.53091283,127.0523682,,0,0,0
다사616511,37.55890488,127.0657875,,0,4,6
다사585493,37.54254667,127.0307909,,0,0,0
다사598484,37.53449223,127.0455556,,0,0,0
다사588502,37.55067208,127.0341363,,2,12,24
다사596489,37.53899016,127.0432644,,0,4,9
다사615505,37.55349272,127.0646868,,0,0,2
다사611510,37.55798259,127.0601318,,0,0,0
다사599504,37.55252322,127.0465783,,2,2,6
다사565495,37.54425719,127.0081401,,0,1,6
다사583493,37.54253765,127.028527,,0,0,0
다사592513,37.56060448,127.0386035,,1,14,29
다사592503,37.55159119,127.0386591,,0,5,9
다사614506,37.55438987,127.0635494,,0,0,0
다사616504,37.55259555,127.0658241,,0,3,7
다사593495,37.54438496,127.0398355,,0,5,10
다사575486,37.53619184,127.0195119,,0,0,0
다사595492,37.54168977,127.042116,,3,9,12
다사580492,37.54162271,127.0251369,,0,1,2
다사613509,37.55708968,127.0624014,,0,0,0
다사592493,37.54257789,127.0387146,,1,3,9
다사617508,37.55620504,127.0669354,,0,0,1
다사610503,37.55166905,127.0590368,,0,0,2
다사593487,37.53717431,127.0398798,,0,0,0
다사604496,37.54533416,127.0522819,,2,8,11
다사579487,37.53711151,127.0240336,,0,0,0
다사601518,37.5651505,127.0487664,,0,0,0
다사583491,37.54073499,127.0285384,,0,0,0
다사582489,37.53892781,127.0274178,,0,0,0
다사589489,37.53895925,127.0353411,,0,0,0
다사613498,37.54717502,127.0624594,,2,3,9
다사572488,37.53798064,127.0161047,,0,0,6
다사601510,37.55793987,127.0488099,,4,13,17
다사586495,37.54435382,127.0319116,,0,0,1
다사610510,37.55797837,127.0589996,,0,0,0
다사578513,37.56054146,127.0227523,,3,10,14
다사577487,37.53710236,127.0217699,,0,0,0
다사598506,37.55432152,127.0454352,,0,2,10
다사598507,37.55522285,127.0454297,,0,7,12
다사605509,37.55705576,127.053344,,0,1,6
다사618509,37.55711052,127.0680623,,0,0,3
다사620510,37.55802012,127.0703215,,0,2,4
다사582493,37.54253312,127.0273951,,0,0,1
다사608514,37.56157521,127.0567138,,1,3,6
다사617498,37.54719171,127.0669875,,4,12,17
다사601507,37.55523588,127.0488262,,2,8,10
다사613489,37.53906302,127.0625068,,2,9,12
다사604490,37.53992617,127.0523143,,5,16,24
다사602483,37.53360823,127.0500883,,0,0,0
다사603514,37.56155382,127.0510526,,0,5,7
다사604505,37.55344615,127.0522334,,0,1,4
다사607512,37.55976829,127.0555923,,0,1,1
다사596503,37.55160879,127.0431874,,1,4,5
다사579489,37.53891417,127.0240222,,0,0,0
다사594504,37.55250134,127.0409177,,0,4,8
다사602519,37.56605615,127.0498933,,0,2,7
다사612503,37.55167748,127.061301,,0,0,0
다사609513,37.56067813,127.0578514,,0,2,6
다사595526,37.57233496,127.0419284,,0,8,12
다사572505,37.5533032,127.0160056,,1,3,19
다사585491,37.54074401,127.0308022,,0,0,0
다사591489,37.53896813,127.0376049,,0,0,0
다사593490,37.53987831,127.0398632,,0,0,3
다사616510,37.55800355,127.0657927,,0,0,4
다사611504,37.5525746,127.0601636,,0,0,0
다사621511,37.55892556,127.0714485,,0,2,4
다사604511,37.55885413,127.0522011,,1,3,8
다사603510,37.5579485,127.0510743,,1,10,10
다사592501,37.54978853,127.0386702,,0,0,3
다사584490,37.53983817,127.029676,,0,0,0
다사599522,37.56874714,127.0464799,,2,11,18
다사594487,37.53717872,127.0410117,,0,0,0
다사608507,37.5552659,127.0567512,,0,0,0
다사572504,37.55240188,127.0160115,,1,8,21
다사613512,37.55979367,127.0623856,,0,2,6
다사581490,37.5398246,127.0262802,,0,0,0
다사578489,37.5389096,127.0228903,,0,0,0
다사585497,37.54615198,127.0307684,,0,0,7
다사593505,37.55339826,127.0397801,,3,7,9
다사595510,37.55791371,127.0420167,,4,17,26
다사587493,37.54255564,127.0330549,,0,1,2
다사582494,37.54343445,127.0273894,,0,0,3
다사614512,37.55979786,127.0635178,,0,1,9
다사606511,37.5588627,127.0544655,,0,0,2
다사604510,37.5579528,127.0522064,,0,5,10
다사608481,37.53183124,127.0568899,,0,0,0
다사599486,37.53629925,127.0466765,,0,0,4
다사612501,37.54987482,127.0613115,,0,1,4
다사617505,37.55350104,127.066951,,0,3,6
다사597488,37.5380932,127.0444018,,0,2,6
다사595503,37.55160441,127.0420554,,0,2,5
다사608479,37.53002857,127.0569006,,0,0,1
다사601508,37.55613721,127.0488207,,6,9,12
다사615502,37.55078872,127.0647025,,0,5,10
다사595488,37.53808444,127.0421381,,0,0,3
다사603507,37.55524451,127.0510905,,2,6,7
다사607518,37.56517627,127.0555602,,5,10,15
다사587488,37.53804899,127.033083,,0,0,0
다사579494,37.54342081,127.0239935,,1,4,6
다사601494,37.54351858,127.0488968,,4,7,17
다사608502,37.55075924,127.0567779,,0,3,3
다사610492,37.54175439,127.0590952,,0,3,9
다사603511,37.55884983,127.0510688,,2,8,12
다사591526,37.5723173,127.0373988,,1,8,10
다사596511,37.55881943,127.0431434,,4,21,28
다사616512,37.55980621,127.0657823,,0,6,6
다사599509,37.55702987,127.046551,,3,9,18
다사596501,37.54980613,127.0431985,,2,2,6
다사609495,37.54445416,127.0579473,,3,7,9
다사595505,37.55340707,127.0420443,,1,3,10
다사592496,37.54528188,127.038698,,0,4,6
다사591501,37.5497841,127.0375381,,0,0,5
다사615503,37.55169005,127.0646972,,0,3,7
다사611498,37.54716661,127.0601953,,0,2,5
다사598510,37.55792684,127.0454133,,2,13,26
다사583488,37.538031,127.0285554,,0,0,0
다사584506,37.55425944,127.0295854,,2,20,37
다사569501,37.54968393,127.0126328,,3,9,23
다사617512,37.55981037,127.0669145,,0,4,6
다사617497,37.54629038,127.0669927,,5,10,16
다사605491,37.54083179,127.0534408,,6,13,18
다사615514,37.5616047,127.0646396,,3,9,10
다사586490,37.53984717,127.0319398,,0,0,0
다사598485,37.53539356,127.0455501,,0,0,0
다사574488,37.53798989,127.0183685,,0,0,0
다사614511,37.55889653,127.0635231,,0,0,4
다사608517,37.5642792,127.0566978,,3,11,11
다사596484,37.5344835,127.0432919,,0,0,0
다사600509,37.55703421,127.0476831,,5,10,13
다사585488,37.53804002,127.0308192,,0,0,0
다사588500,37.54886942,127.0341475,,0,4,15
다사598504,37.55251886,127.0454462,,2,4,5
다사600482,37.53269825,127.0478301,,0,0,0
다사568496,37.54517262,127.0115301,,0,14,24
다사612507,37.55528281,127.0612798,,0,0,0
다사598505,37.55342019,127.0454407,,0,3,6
다사606503,37.55165205,127.0545084,,0,2,5
다사614504,37.55258721,127.0635599,,0,0,0
다사590486,37.5362597,127.0364898,,0,0,1
다사586493,37.54255116,127.0319229,,0,0,1
다사613504,37.55258302,127.0624278,,0,0,0
다사593485,37.53537165,127.0398909,,0,0,0
다사567489,37.53885864,127.0104394,,0,8,14
다사616495,37.54448355,127.0658712,,2,7,12
다사592488,37.53807123,127.0387424,,0,0,0
다사595487,37.53718311,127.0421436,,0,0,0
다사599485,37.53539791,127.046682,,0,0,0
다사596502,37.55070746,127.043193,,1,3,6
다사588498,37.54706676,127.0341588,,0,1,5
다사608510,37.55796989,127.0567352,,0,0,0
다사614497,37.54627788,127.0635967,,1,9,13
다사612509,37.55708547,127.0612693,,0,0,0
다사591490,37.53986947,127.0375994,,0,0,1
다사582525,37.57137559,127.0272129,,1,5,12
다사583489,37.53893233,127.0285497,,0,0,0
다사591497,37.54617878,127.0375604,,1,4,5
다사585506,37.55426394,127.0307175,,2,18,42
다사591498,37.54708011,127.0375548,,0,2,4
다사609503,37.55166482,127.0579047,,0,1,3
다사590489,37.5389637,127.036473,,0,0,0
다사612508,37.55618414,127.0612745,,0,0,0
다사603519,37.56606047,127.0510256,,0,5,10
다사606484,37.53452673,127.0546103,,0,1,5
다사601511,37.5588412,127.0488044,,0,14,21
다사597524,37.57054107,127.0442042,,5,10,17
다사605505,37.55345044,127.0533655,,0,0,4
다사591486,37.53626414,127.0376216,,0,0,0
다사611494,37.54356128,127.0602165,,2,6,10
다사610501,37.54986638,127.0590474,,0,1,4
다사594485,37.53537605,127.0410227,,0,0,0
다사617507,37.55530371,127.0669406,,0,0,3
다사612502,37.55077615,127.0613062,,0,0,2
다사587509,37.55697691,127.0329649,,7,21,32
다사567495,37.5442666,127.010404,,3,11,24
다사604484,37.53451817,127.0523466,,0,0,4
다사595506,37.5543084,127.0420388,,1,5,10
다사594496,37.5452907,127.040962,,0,2,12
다사580488,37.53801739,127.0251598,,0,0,0
다사604506,37.55434748,127.052228,,0,2,7
다사596525,37.57143802,127.0430664,,2,7,14
다사576486,37.53619644,127.0206438,,0,0,0
다사599506,37.55432588,127.0465673,,0,3,12
다사590490,37.53986503,127.0364675,,0,0,0
다사615504,37.55259139,127.064692,,0,0,4
다사569492,37.54157198,127.0126856,,9,27,31
다사584498,37.54704881,127.0296307,,0,6,17
다사609508,37.55617147,127.057878,,0,0,0
다사583486,37.53622834,127.0285668,,0,0,1
다사603491,37.5408232,127.051177,,5,13,23
다사606478,37.52911872,127.0546424,,0,1,2
다사588487,37.53715213,127.0342205,,0,0,0
다사580496,37.54522803,127.025114,,3,6,15
다사609482,37.53273682,127.0580164,,0,0,1
다사582487,37.53712515,127.0274292,,0,0,0
다사608516,37.56337787,127.0567032,,2,7,12
다사601524,37.57055847,127.0487338,,5,11,17
다사592502,37.55068986,127.0386646,,0,1,6
다사611511,37.55888392,127.0601265,,0,0,3
다사595490,37.53988711,127.042127,,0,5,9
다사597505,37.55341583,127.0443086,,1,3,6
다사584487,37.53713418,127.029693,,0,0,0
다사581493,37.54252859,127.0262631,,0,0,4
다사587510,37.55787823,127.0329593,,9,15,28
다사574495,37.54429919,127.0183279,,1,11,20
다사621507,37.55532023,127.0714692,,2,5,9
다사585498,37.54705331,127.0307627,,0,1,15
다사612512,37.55978947,127.0612534,,0,3,3
다사595507,37.55520973,127.0420333,,0,9,16
다사579488,37.53801284,127.0240279,,0,0,0
다사604504,37.55254482,127.0522388,,0,2,3
다사607501,37.54985365,127.0556512,,3,3,3
다사612505,37.55348015,127.0612904,,0,0,0
다사594520,37.5669226,127.0408292,,0,9,14
다사593507,37.55520092,127.039769,,4,10,21
다사621512,37.5598269,127.0714434,,0,2,6
다사611509,37.55708126,127.0601371,,0,0,0
다사573507,37.55511049,127.0171261,,2,11,19
다사589488,37.53805792,127.0353467,,0,0,0
다사566495,37.5442619,127.0092721,,0,4,14
다사583524,37.5704788,127.028351,,1,7,15
다사574509,37.55691777,127.0182467,,6,10,20
다사603512,37.55975116,127.0510634,,3,5,12
다사597486,37.53629054,127.0444128,,0,0,2
다사601519,37.56605183,127.048761,,0,0,9
다사600506,37.55433022,127.0476995,,0,3,10
다사602506,37.55433887,127.0499637,,1,5,9
다사615498,37.54718339,127.0647235,,2,10,15
다사577494,37.54341167,127.0217296,,1,2,7
다사599523,37.56964847,127.0464745,,5,12,20
다사588503,37.55157341,127.0341307,,6,16,35
다사589501,37.54977521,127.035274,,0,8,12
다사611512,37.55978526,127.0601212,,0,3,4
다사614491,37.54086987,127.0636282,,1,8,11
다사565497,37.54605985,127.0081282,,0,2,2
다사592494,37.54347922,127.0387091,,2,4,9
다사590495,37.54437168,127.0364396,,5,5,5
다사605482,37.53271979,127.0534892,,0,0,1
다사608515,37.56247654,127.0567085,,2,5,9
다사577492,37.54160901,127.0217411,,0,1,2
다사610512,37.55978103,127.058989,,0,1,4
다사579526,37.57226327,127.02381,,2,10,15
다사623510,37.55803243,127.0737181,,3,7,11
다사599507,37.55522721,127.0465619,,0,7,14
다사600483,37.53359959,127.0478247,,0,0,0
다사592527,37.57322306,127.0385257,,5,9,11
다사584489,37.53893684,127.0296816,,0,0,0
다사602511,37.55884552,127.0499366,,3,10,17
다사582486,37.53622381,127.0274349,,0,0,0
다사609481,37.53183548,127.0580217,,0,0,0
다사607477,37.52822165,127.0557795,,0,2,2
다사613506,37.55438568,127.0624172,,0,0,0
다사586492,37.54164983,127.0319285,,0,0,0
다사599503,37.55162188,127.0465837,,2,3,7
다사573485,37.53528128,127.017254,,0,0,0
다사610500,37.54896505,127.0590527,,0,2,3
다사591492,37.54167213,127.0375882,,0,2,4
다사607511,37.55886696,127.0555977,,0,0,1
다사617510,37.55800771,127.0669249,,0,0,4
다사584499,37.54795014,127.029625,,0,13,19
다사592486,37.53626857,127.0387535,,0,0,0
다사593486,37.53627298,127.0398854,,0,0,0
다사582491,37.54073047,127.0274065,,0,0,0
다사597485,37.5353892,127.0444183,,0,0,0
다사623512,37.55983509,127.0737078,,0,5,10
다사607505,37.55345898,127.0556298,,0,0,1
다사607481,37.53182699,127.0557582,,0,0,0
다사580494,37.54342537,127.0251255,,0,4,6
다사602510,37.55794419,127.0499421,,2,10,15
다사582520,37.56686897,127.0272414,,4,15,26
다사616514,37.56160887,127.0657718,,6,7,9
다사609516,37.56338212,127.0578354,,3,6,13
다사605481,37.53181845,127.0534946,,0,0,0
다사597511,37.55882381,127.0442756,,4,20,26
다사582497,37.54613844,127.0273723,,0,11,17
다사589491,37.54076191,127.03533,,0,0,3
다사596487,37.5371875,127.0432754,,0,0,2
다사609501,37.54986215,127.0579153,,1,3,3
다사593492,37.54168097,127.0398521,,0,5,9
다사586488,37.53804451,127.0319511,,0,0,0
다사610493,37.54265572,127.0590899,,2,7,7
다사585487,37.53713868,127.0308248,,0,0,1
다사610484,37.53454372,127.0591376,,0,6,11
다사616507,37.55529955,127.0658084,,0,0,0
다사580525,37.5713665,127.0249481,,1,8,14
다사592490,37.53987389,127.0387313,,0,0,0
다사614493,37.54267254,127.0636177,,5,7,15
다사603513,37.56065249,127.051058,,2,5,7
다사584497,37.54614748,127.0296363,,0,1,7
다사605490,37.53993045,127.0534462,,6,17,23
다사602515,37.56245084,127.049915,,0,4,7
다사603504,37.55254052,127.0511067,,0,2,3
다사609509,37.5570728,127.0578727,,0,0,0
다사574484,37.53438457,127.0183917,,0,0,0
다사605495,37.54443712,127.0534193,,4,5,14
다사582490,37.53982914,127.0274122,,0,0,0
다사600486,37.53630359,127.0478084,,0,2,4
다사595514,37.56151903,127.0419947,,5,14,23
다사603508,37.55614584,127.0510851,,2,7,9
다사581517,37.56416045,127.0261262,,2,9,22
다사595502,37.55070308,127.0420609,,0,2,4
다사602520,37.56695748,127.0498878,,0,4,9
다사592512,37.55970315,127.0386091,,2,20,26
다사583492,37.54163632,127.0285327,,0,0,0
다사585492,37.54164534,127.0307966,,0,0,0
다사610511,37.5588797,127.0589943,,0,0,3
다사596524,37.57053669,127.0430719,,1,6,13
다사601504,37.55253189,127.0488425,,0,4,5
다사620513,37.56072411,127.070306,,0,3,5
다사612504,37.55257882,127.0612957,,0,0,0
다사582496,37.54523711,127.027378,,0,7,14
다사593503,37.55159561,127.0397912,,0,2,8
다사576489,37.53890043,127.0206265,,0,0,0
다사601505,37.55343322,127.048837,,0,3,8
다사599511,37.55883252,127.04654,,2,13,26
다사601523,37.56965715,127.0487392,,4,9,15
다사599484,37.53449658,127.0466874,,0,0,0
다사583495,37.54434031,127.0285157,,0,0,3
다사582488,37.53802648,127.0274235,,0,0,0
다사586489,37.53894584,127.0319454,,0,0,0
다사602516,37.56335217,127.0499095,,0,2,5
다사603496,37.54532987,127.0511499,,3,8,13
다사588512,37.55968536,127.0340802,,1,15,25
다사603505,37.55344185,127.0511013,,0,3,5
다사614496,37.54537654,127.0636019,,1,7,17
다사586494,37.54345249,127.0319173,,0,0,1
다사597496,37.54530385,127.0443579,,4,10,14
다사602503,37.55163488,127.04998,,2,3,4
다사593488,37.53807565,127.0398743,,0,0,0
다사596510,37.5579181,127.0431489,,3,17,27
다사609511,37.55887547,127.0578621,,0,0,1
다사587490,37.53985165,127.0330717,,0,0,0
다사566499,37.54786721,127.0092484,,0,3,9
다사596494,37.54349682,127.043237,,5,12,16
다사578493,37.54251492,127.0228673,,1,2,4
다사595504,37.55250574,127.0420498,,0,2,7
다사589497,37.54616989,127.0352964,,1,3,5
다사592509,37.55699916,127.0386257,,5,11,20
다사593526,37.57232615,127.0396636,,3,8,11
다사587491,37.54075298,127.0330661,,0,0,0
다사602509,37.55704286,127.0499475,,6,9,13
다사607480,37.53092565,127.0557635,,0,0,0
다사592504,37.55249252,127.0386535,,2,5,13
다사602522,37.56876014,127.049877,,2,9,15
다사579492,37.54161816,127.024005,,0,1,2
다사594526,37.57233056,127.040796,,2,5,13
다사599505,37.55342455,127.0465728,,0,2,7
다사586491,37.5407485,127.0319342,,0,0,0
다사594486,37.53627739,127.0410172,,0,0,0
다사619509,37.55711466,127.0691945,,0,2,4
다사605520,37.56697039,127.0532848,,3,11,14
다사584493,37.54254216,127.029659,,0,0,0
다사589526,37.5723084,127.035134,,0,5,9
다사607478,37.52912298,127.0557742,,0,1,2
다사593497,37.54618763,127.0398244,,0,0,6
다사604502,37.55074215,127.0522496,,2,3,4
다사600484,37.53450092,127.0478193,,0,0,0
다사578486,37.53620561,127.0229075,,0,0,0
다사592505,37.55339385,127.038648,,5,6,15
다사580489,37.53891872,127.0251541,,0,0,0
다사590493,37.54256902,127.0364507,,1,4,5
다사613495,37.54447102,127.0624752,,0,9,14
다사608505,37.55346323,127.0567619,,0,0,1
다사606505,37.55345471,127.0544977,,0,0,1
다사588494,37.54346144,127.0341812,,1,4,5
다사623511,37.55893376,127.073713,,1,5,10
다사598523,37.56964411,127.0453421,,2,15,18
다사596485,37.53538483,127.0432864,,0,0,0
다사610506,37.55437304,127.0590208,,0,0,0
다사604479,37.5300115,127.0523735,,0,0,0
다사617509,37.55710637,127.0669301,,0,0,0
다사615510,37.55799938,127.0646605,,0,0,1
다사590501,37.54977966,127.0364061,,0,3,8
다사588489,37.53895479,127.0342092,,0,0,0
다사607507,37.55526164,127.0556191,,0,0,0
다사588525,37.57140261,127.0340072,,1,2,10
다사567499,37.54787191,127.0103805,,0,5,9
다사600522,37.56875148,127.0476123,,2,10,15
다사601521,37.56785449,127.0487501,,0,7,16
다사589502,37.55067654,127.0352684,,2,8,21
다사581488,37.53802194,127.0262917,,0,0,0
다사595491,37.54078844,127.0421215,,0,5,13
다사597494,37.54350119,127.0443689,,4,14,16
다사577493,37.54251034,127.0217353,,1,1,4
다사597509,37.55702115,127.0442866,,3,9,19
다사598486,37.5362949,127.0455447,,0,0,2
다사615511,37.55890071,127.0646553,,0,1,6
다사593489,37.53897698,127.0398687,,0,0,0
다사592500,37.5488872,127.0386757,,0,0,0
다사616497,37.54628622,127.0658607,,4,10,16
다사604482,37.5327155,127.0523574,,0,0,0
다사612506,37.55438148,127.0612851,,0,0,0
다사596506,37.55431278,127.0431709,,1,4,9
다사610508,37.55617571,127.0590102,,0,0,0
다사582506,37.5542504,127.0273211,,5,29,48
다사571504,37.55239723,127.0148794,,0,10,19
다사610513,37.56068236,127.0589836,,0,4,6
다사573506,37.55420916,127.0171319,,1,11,19
다사611503,37.55167327,127.0601689,,0,0,1
다사608511,37.55887122,127.0567299,,0,0,1
다사602523,37.56966147,127.0498716,,2,10,12
다사589495,37.54436723,127.0353076,,2,5,5
다사588499,37.54796809,127.0341532,,0,2,11
다사583497,37.54614297,127.0285043,,0,7,14
다사616506,37.55439822,127.0658137,,0,0,1
다사602498,37.54712822,127.0500071,,3,6,8
다사577497,37.54611565,127.0217123,,1,17,27
다사608512,37.55977255,127.0567245,,0,1,1
다사590502,37.55068099,127.0364005,,0,6,14
다사596488,37.53808883,127.0432699,,0,2,4
다사609510,37.55797414,127.0578674,,0,0,0
다사570503,37.55149125,127.0137531,,2,13,19
다사591496,37.54527745,127.037566,,2,5,5
다사576495,37.5443084,127.0205918,,0,6,13
다사566494,37.54336058,127.009278,,0,10,17
다사604483,37.53361683,127.052352,,0,0,1
다사584486,37.53623285,127.0296986,,0,0,1
다사574487,37.53708856,127.0183743,,0,0,0
다사596505,37.55341145,127.0431764,,1,1,9
다사601517,37.56424917,127.0487718,,0,0,3
다사601481,37.53180125,127.0489674,,0,0,0
다사608482,37.53273257,127.0568846,,0,0,1
다사609494,37.54355282,127.0579526,,4,5,9
다사576487,37.53709777,127.020638,,0,0,0
다사579493,37.54251948,127.0239992,,0,2,4
다사597499,37.54800785,127.0443415,,1,6,8
다사610496,37.54535972,127.0590739,,0,5,8
다사581520,37.56686443,127.0261091,,3,13,24
다사608483,37.53363391,127.0568793,,0,1,5
다사613505,37.55348435,127.0624225,,0,0,0
다사604509,37.55705147,127.0522118,,1,5,9
다사619508,37.55621333,127.0691997,,0,2,4
다사576492,37.54160442,127.0206092,,0,2,4
다사586498,37.54705781,127.0318947,,0,0,9
다사603484,37.53451387,127.0512148,,0,0,1
다사588495,37.54436277,127.0341756,,1,3,5
다사575490,37.53979716,127.0194888,,0,1,4
다사606480,37.53092139,127.0546317,,0,0,0
다사573486,37.53618261,127.0172482,,0,0,0
다사596490,37.53989149,127.0432589,,1,8,11
다사591500,37.54888277,127.0375437,,0,0,2
다사608504,37.5525619,127.0567672,,0,0,3
다사589493,37.54256457,127.0353188,,0,4,5
다사604503,37.55164349,127.0522442,,2,3,4
다사587496,37.54525963,127.033038,,0,2,3
다사590492,37.54166769,127.0364563,,0,2,4
다사568500,37.54877792,127.0115066,,3,5,11
다사587486,37.53624633,127.0330942,,0,0,2
다사611502,37.55077194,127.0601742,,0,0,2
다사596492,37.54169415,127.0432479,,5,12,15
다사576490,37.53980176,127.0206207,,0,0,3
다사574489,37.53889122,127.0183627,,0,0,4
다사584494,37.54344349,127.0296533,,0,0,0
다사571502,37.55059458,127.0148911,,3,17,24
다사592491,37.54077522,127.0387257,,0,0,5
다사585490,37.53984268,127.0308079,,0,0,0
다사579491,37.54071683,127.0240107,,0,0,1
다사600485,37.53540225,127.0478138,,0,0,2
다사595486,37.53628178,127.0421491,,0,0,0
다사586499,37.54795914,127.0318891,,0,9,14
다사597510,37.55792248,127.0442811,,3,12,25
다사607502,37.55075498,127.0556458,,2,3,3
다사601483,37.53360391,127.0489565,,0,0,0
다사588511,37.55878403,127.0340858,,9,14,26
다사606482,37.53272406,127.054621,,0,0,1
다사599524,37.57054979,127.046469,,3,15,18
다사584492,37.54164083,127.0296647,,0,0,0
다사578490,37.53981093,127.0228845,,0,0,0
다사598487,37.53719623,127.0455392,,0,2,4
다사603485,37.53541521,127.0512094,,0,1,5
다사614501,37.54988321,127.0635757,,0,5,9
다사613502,37.55078035,127.0624383,,0,0,4
다사591502,37.55068543,127.0375326,,0,2,9
다사618507,37.55530786,127.0680727,,0,2,3
다사601485,37.53540658,127.0489457,,0,0,2
다사598524,37.57054544,127.0453366,,4,15,19
다사606506,37.55435604,127.0544923,,0,0,1
다사615493,37.54267672,127.0647497,,3,7,14
다사591494,37.54347479,127.0375771,,2,5,5
다사614509,37.55709387,127.0635336,,0,0,0
다사591487,37.53716547,127.0376161,,0,0,0
다사589498,37.54707122,127.0352908,,0,2,3
다사595485,37.53538045,127.0421546,,0,0,0
다사567498,37.54697058,127.0103864,,0,2,8
다사577510,37.5578329,127.0216374,,0,14,28
다사605510,37.55795709,127.0533386,,0,2,6
다사584488,37.53803551,127.0296873,,0,0,0
다사589486,37.53625525,127.0353579,,0,0,1
다사586487,37.53714318,127.0319567,,0,0,0
다사595525,37.57143363,127.041934,,0,7,11
다사612511,37.55888814,127.0612587,,0,0,3
다사580493,37.54252404,127.0251312,,0,1,4
다사590491,37.54076636,127.0364619,,0,0,2
다사609483,37.53363815,127.0580111,,0,0,7
다사576493,37.54250575,127.0206034,,0,2,5
다사587487,37.53714766,127.0330886,,0,0,0
다사622512,37.559831,127.0725756,,0,5,6
다사594502,37.55069868,127.0409288,,0,1,4
다사579525,37.57136194,127.0238157,,3,7,13
다사589494,37.5434659,127.0353132,,1,5,5
다사565496,37.54515852,127.0081342,,0,0,5
다사591509,37.55699473,127.0374936,,0,10,32
다사578487,37.53710694,127.0229017,,0,0,0
다사593506,37.55429959,127.0397745,,2,8,14
다사578505,37.55333085,127.0227983,,5,25,43
다사581494,37.54342992,127.0262574,,0,3,6
다사602485,37.5354109,127.0500775,,0,0,4
다사608477,37.5282259,127.0569113,,0,2,2
다사611501,37.54987061,127.0601795,,0,1,2
다사588492,37.54165878,127.0341924,,0,0,4
다사588488,37.53805346,127.0342148,,0,0,0
다사584495,37.54434482,127.0296477,,0,0,0
다사591491,37.5407708,127.0375938,,0,1,2
다사594490,37.53988271,127.0409951,,0,2,5
다사585494,37.543448,127.0307853,,0,0,0
다사603481,37.53180987,127.051231,,0,0,0
다사594488,37.53808005,127.0410062,,0,0,0
다사603522,37.56876445,127.0510093,,2,8,12
다사605504,37.5525491,127.0533709,,0,3,4
다사595493,37.5425911,127.0421105,,5,9,13
다사609504,37.55256615,127.0578993,,0,0,3
다사597487,37.53719187,127.0444073,,0,2,2
다사590488,37.53806237,127.0364786,,0,0,0
다사592497,37.54618321,127.0386924,,0,2,5
다사601482,37.53270258,127.048962,,0,0,0
다사610509,37.55707704,127.0590049,,0,0,0
다사581486,37.53621928,127.0263031,,0,0,0
다사576496,37.54520973,127.0205861,,1,9,22
다사619511,37.55891732,127.0691841,,0,1,6
다사588490,37.53985612,127.0342036,,0,0,0
다사611506,37.55437727,127.060153,,0,0,0
다사575489,37.53889583,127.0194946,,0,0,3
다사613496,37.54537235,127.0624699,,1,6,14
다사591514,37.56150137,127.0374657,,6,13,21
다사612487,37.53725615,127.0613855,,6,12,16
다사583499,37.54794562,127.028493,,6,13,22
다사606504,37.55255338,127.054503,,0,1,4
다사584491,37.5407395,127.0296703,,0,0,0
다사621506,37.5544189,127.0714743,,2,5,13
다사600521,37.56785016,127.0476177,,0,9,15
다사607508,37.55616297,127.0556137,,0,0,0
다사588509,37.55698138,127.0340971,,8,21,31
다사605480,37.53091712,127.0534999,,0,0,0
다사591503,37.55158676,127.037527,,0,7,13
다사620512,37.55982278,127.0703112,,0,0,5
다사580486,37.53621473,127.0251712,,0,0,0
다사576491,37.54070309,127.0206149,,0,1,4
다사599510,37.55793119,127.0465455,,3,11,25
다사593521,37.56781952,127.0396914,,0,3,15
다사593493,37.5425823,127.0398466,,0,7,9
다사587497,37.54616096,127.0330324,,0,0,3
다사598508,37.55612418,127.0454243,,1,9,15
다사608509,37.55706856,127.0567405,,0,0,0
다사594521,37.56782393,127.0408237,,0,6,17
다사594491,37.54078405,127.0409896,,0,5,7
다사581495,37.54433125,127.0262517,,0,5,8
다사610482,37.53274105,127.0591482,,0,0,0
다사576485,37.53529511,127.0206495,,0,0,0
다사605478,37.52911445,127.0535107,,0,0,2
다사579486,37.53621018,127.0240393,,0,0,0
다사615507,37.55529538,127.0646763,,0,0,0
다사609480,37.53093415,127.0580271,,0,0,0
다사613488,37.53816168,127.0625121,,1,9,13
다사600508,37.55613288,127.0476886,,4,10,11
다사591495,37.54437612,127.0375715,,3,5,5
다사589500,37.54887388,127.0352796,,0,4,10
다사580490,37.53982005,127.0251483,,0,0,0
다사603482,37.53271121,127.0512256,,0,0,0
다사592492,37.54167655,127.0387202,,0,2,7
다사601484,37.53450525,127.0489511,,0,0,0
다사607513,37.56066963,127.055587,,0,1,2
다사605484,37.53452245,127.0534784,,0,1,4
다사609505,37.55346748,127.057894,,0,0,0
다사619510,37.55801599,127.0691893,,0,1,4
다사595501,37.54980175,127.0420664,,0,2,4
다사593491,37.54077964,127.0398577,,0,2,8
다사611508,37.55617993,127.0601424,,0,0,0
다사591488,37.5380668,127.0376105,,0,0,0
다사605508,37.55615443,127.0533494,,0,1,4
다사588493,37.54256011,127.0341868,,0,1,5
다사571488,37.53797599,127.0149728,,0,2,9
다사575491,37.54069849,127.019483,,0,3,4
다사570489,37.53887267,127.0138351,,0,8,16
다사620511,37.55892145,127.0703163,,0,2,5
다사596493,37.54259549,127.0432424,,8,11,14
다사577489,37.53890502,127.0217584,,0,0,0
다사584524,37.57048332,127.0294833,,2,8,13
다사617514,37.56161303,127.0669041,,4,7,7
다사612510,37.55798681,127.061264,,0,0,0
다사581491,37.54072593,127.0262745,,0,0,0
다사585495,37.54434933,127.0307797,,0,0,0
다사566497,37.54606456,127.0092602,,0,0,8
다사611493,37.54265994,127.0602218,,2,5,11
다사594506,37.554304,127.0409067,,1,6,11
다사573487,37.53708394,127.0172424,,0,0,0
다사590499,37.547977,127.0364172,,0,1,2
다사579518,37.56505267,127.0238559,,5,11,19
다사614502,37.55078454,127.0635704,,0,2,7
다사593500,37.54889162,127.0398078,,0,0,0
다사610483,37.53364238,127.0591429,,0,0,9
다사602504,37.55253621,127.0499746,,0,2,5
다사582492,37.54163179,127.0274008,,0,0,0
다사605483,37.53362112,127.0534838,,0,0,1
다사608508,37.55616723,127.0567459,,0,0,0
다사615506,37.55439405,127.0646815,,0,0,0
다사600524,37.57055414,127.0476014,,5,12,20
다사583505,37.55335359,127.0284589,,6,22,40
다사577491,37.54070768,127.0217468,,0,0,2
다사597503,37.55161317,127.0443195,,1,5,5
다사592499,37.54798587,127.0386813,,0,0,1
다사577488,37.53800369,127.0217641,,0,0,0
다사590526,37.57231285,127.0362664,,1,5,11
다사592495,37.54438055,127.0387035,,2,5,7
다사602507,37.5552402,127.0499583,,2,7,8
다사614503,37.55168587,127.0635652,,0,0,4
다사586524,37.57049232,127.0317481,,1,6,10
다사596504,37.55251012,127.0431819,,1,3,5
다사603480,37.53090854,127.0512364,,0,0,0
다사602484,37.53450957,127.0500829,,0,0,0
다사615508,37.55619671,127.064671,,0,0,0
다사591499,37.54798144,127.0375493,,0,1,2
다사607479,37.53002432,127.0557688,,0,0,1
다사590487,37.53716103,127.0364842,,0,0,0
다사606508,37.55615871,127.0544816,,0,0,1
다사585523,37.5695865,127.0306214,,3,6,14
다사600520,37.56694883,127.0476232,,0,6,10
다사613503,37.55168168,127.0624331,,0,0,0
다사590515,37.56239826,127.0363279,,5,16,19
다사613511,37.55889234,127.0623909,,0,0,3
다사568499,37.5478766,127.0115125,,0,5,8
다사606479,37.53002006,127.0546371,,0,0,1
다사609502,37.55076348,127.05791,,0,3,3
다사573490,37.53978793,127.017225,,0,5,7
다사588486,37.5362508,127.0342261,,0,0,1
다사594494,37.54348804,127.040973,,1,5,14
다사605511,37.55885842,127.0533333,,0,2,5
다사600519,37.5660475,127.0476286,,0,3,7
다사610490,37.53995172,127.0591058,,0,4,19
다사594505,37.55340267,127.0409122,,0,6,9
다사605506,37.55435177,127.0533602,,0,0,2
다사596507,37.55521411,127.0431654,,1,5,12
다사589499,37.54797255,127.0352852,,0,1,6
다사610505,37.55347171,127.0590261,,0,0,0
다사603497,37.5462312,127.0511445,,3,6,11
다사587494,37.54345697,127.0330492,,0,1,5
다사603509,37.55704717,127.0510797,,2,9,10
다사607483,37.53362966,127.0557475,,0,1,4
다사605512,37.55975975,127.0533279,,0,2,3
다사595496,37.5452951,127.042094,,0,6,12
다사594500,37.54889602,127.0409398,,0,0,2
다사590496,37.54527301,127.036434,,3,5,5
다사597484,37.53448787,127.0444238,,0,0,0
다사607482,37.53272832,127.0557528,,0,0,1
다사575488,37.5379945,127.0195003,,0,0,0
다사608478,37.52912723,127.0569059,,0,0,2
다사605479,37.53001578,127.0535053,,0,0,0
다사594489,37.53898138,127.0410006,,0,0,5
다사598525,37.57144677,127.0453311,,4,12,18
