GID,위도,경도,생활인구수,가까운 지하철역,지하철역까지거리(m)
다사599515,37.56243784,127.0465182,144,용답,383.32
다사608499,37.54805524,127.0567939,259,성수,387.74
다사602492,37.54172023,127.0500396,618,서울숲역,519.88
다사600495,37.54441558,127.0477594,49,서울숲역,282.63
다사607494,37.54354433,127.0556886,68,성수,123.26
다사614495,37.54447521,127.0636072,9,성수,672.4
다사592521,37.5678151,127.038559,10,마장,430.85
다사622510,37.55802833,127.0725859,152,신답,1481.59
다사581519,37.5659631,127.0261148,172,상왕십리,292.2
다사608506,37.55436457,127.0567566,8,신답,790.91
다사566493,37.54245925,127.0092839,333,옥수,712.68
다사594513,37.5606133,127.040868,225,왕십리,351.67
다사591507,37.55519207,127.0375047,506,한양대,550.9
다사572492,37.54158595,127.0160814,9,옥수,107.96
다사596499,37.54800347,127.0432095,139,뚝섬,381.73
다사575492,37.54159982,127.0194772,255,옥수,191.79
다사600503,37.55162623,127.0477158,12,뚝섬,495.12
다사588504,37.55247474,127.0341251,321,행당,674.57
다사596518,37.56512873,127.0431049,127,마장,105.47
다사607493,37.54264299,127.055694,56,성수,222.19
다사618512,37.55981452,127.0680467,112,신답,1047.49
다사582518,37.56506632,127.0272528,360,상왕십리,155.81
다사576500,37.54881504,127.020563,376,금호,425.58
다사600516,37.56334351,127.047645,202,용답,311.07
다사594498,37.54709336,127.0409509,113,서울숲역,502.24
다사615501,37.54988739,127.0647077,80,성수,966.25
다사609485,37.53544082,127.0580005,249,성수,1036.94
다사579522,37.56865797,127.0238329,377,상왕십리,640.79
다사572499,37.54789524,127.0160406,19,금호,47.28
다사621509,37.5571229,127.0714589,285,신답,1416.97
다사573496,37.54519589,127.0171901,146,금호,363.47
다사609490,37.53994749,127.0579739,0,성수,549.25
다사579501,37.54973011,127.0239534,391,신금호,616.23
다사574492,37.54159521,127.0183453,119,옥수,92.12
다사589503,37.55157787,127.0352628,29,행당,814.92
다사594499,37.54799469,127.0409454,267,뚝섬,577.34
다사618506,37.55440652,127.0680779,29,신답,1298.46
다사583510,37.55786023,127.0284305,392,행당,111.86
다사569496,37.54517729,127.0126621,453,금호,440.44
다사591516,37.56330403,127.0374546,264,왕십리,149.29
다사590510,37.55789162,127.0363558,61,왕십리,370.98
다사598521,37.56784146,127.0453531,89,마장,291.42
다사614513,37.56069919,127.0635126,29,신답,637.31
다사608487,37.53723925,127.0568579,186,성수,825.2
다사597493,37.54259986,127.0443744,92,서울숲역,123.81
다사587504,37.55247026,127.032993,391,행당,619.55
다사605514,37.56156241,127.0533171,323,용답,227.66
다사600515,37.56244218,127.0476504,174,용답,283.95
다사589507,37.55518318,127.0352404,538,행당,559.38
다사594511,37.55881065,127.040879,65,한양대,339.21
다사604515,37.56245945,127.0521795,253,용답,120.78
다사593498,37.54708896,127.0398189,88,서울숲역,572.38
다사597520,37.56693576,127.0442262,11,마장,150.29
다사601497,37.54622257,127.0488805,7,뚝섬,167.55
다사601486,37.53630791,127.0489402,12,서울숲역,901.88
다사602495,37.54442423,127.0500234,113,뚝섬,383.23
다사598520,37.56694013,127.0453585,162,마장,235.8
다사602487,37.53721357,127.0500667,266,서울숲역,861.76
다사603487,37.53721787,127.0511986,287,서울숲역,920.07
다사610491,37.54085305,127.0591005,8,성수,501.74
다사578512,37.55964014,127.0227581,150,신금호,607.67
다사581499,37.54793656,127.0262289,31,신금호,892.78
다사593509,37.55700358,127.0397579,438,한양대,333.56
다사589523,37.56960442,127.0351508,146,마장,789.82
다사601488,37.53811058,127.0489294,175,서울숲역,723.87
다사587518,37.56508885,127.0329142,176,상왕십리,362.17
다사599493,37.54260857,127.0466383,46,서울숲역,209.43
다사604513,37.56065679,127.0521903,58,용답,206.34
다사590516,37.56329959,127.0363223,107,왕십리,169.55
다사590520,37.5669049,127.0363,54,왕십리,555.28
다사569500,37.5487826,127.0126387,0,금호,283.19
다사616502,37.55079289,127.0658346,170,성수,1106.46
다사593522,37.56872084,127.0396858,68,마장,410.43
다사612489,37.53905882,127.0613749,66,성수,780.69
다사594515,37.56241596,127.0408569,372,왕십리,320.55
다사587521,37.56779283,127.0328974,36,상왕십리,509.52
다사604500,37.54893949,127.0522604,39,뚝섬,470
다사615499,37.54808472,127.0647182,31,성수,860.71
다사582514,37.56146101,127.0272756,211,상왕십리,366.46
다사571489,37.53887732,127.014967,67,옥수,371.05
다사575499,37.54790911,127.0194367,248,금호,324.41
다사578497,37.54612023,127.0228443,192,금호,666.64
다사578494,37.54341624,127.0228615,127,옥수,527.84
다사617499,37.54809305,127.0669823,24,성수,1043.46
다사581503,37.55154187,127.0262061,36,신금호,608.43
다사584523,37.56958199,127.029489,122,상왕십리,567.26
다사600514,37.56154086,127.0476559,274,용답,290.83
다사609497,37.54625682,127.0579366,0,성수,249.94
다사596496,37.54529948,127.043226,549,서울숲역,221.05
다사606496,37.54534273,127.0545459,0,성수,149.56
다사590503,37.55158232,127.0363949,14,한양대,837.59
다사602500,37.54893088,127.0499963,400,뚝섬,299.62
다사601502,37.55072923,127.0488533,320,뚝섬,414.58
다사586510,37.55787375,127.0318271,40,행당,216.44
다사580503,37.55153733,127.025074,182,신금호,527.61
다사584504,37.55245678,127.0295967,428,행당,538.3
다사579505,37.55333542,127.0239304,191,신금호,337.01
다사579495,37.54432214,127.0239878,112,옥수,659.88
다사582502,37.55064508,127.0273439,382,신금호,747.33
다사605499,37.54804245,127.0533978,54,성수,442.83
다사612492,37.54176282,127.0613591,0,성수,571.11
다사591522,37.56871199,127.0374211,80,마장,567.05
다사616513,37.56070754,127.065777,178,신답,835.43
다사606485,37.53542806,127.0546049,493,성수,1030.18
다사587512,37.55968089,127.032948,244,왕십리,278.95
다사601503,37.55163056,127.0488479,0,뚝섬,510.79
다사605494,37.54353579,127.0534247,265,성수,256.17
다사605519,37.56606906,127.0532902,155,답십리,101.49
다사590513,37.5605956,127.0363391,115,왕십리,96.59
다사581524,37.57046973,127.0260862,0,상왕십리,707.34
다사590525,37.57141153,127.036272,105,마장,834.7
다사584512,37.5596674,127.0295514,413,행당,263.65
다사589520,37.56690044,127.0351676,251,왕십리,578.54
다사587520,37.5668915,127.032903,141,상왕십리,443.52
다사615495,37.54447939,127.0647392,45,성수,772.16
다사568493,37.54246864,127.0115478,300,옥수,515.46
다사612495,37.54446682,127.0613432,121,성수,472.92
다사584521,37.56777934,127.0295004,537,상왕십리,368.39
다사574494,37.54339786,127.0183337,435,옥수,214.25
다사585517,37.56417854,127.0306553,42,상왕십리,161.29
다사600492,37.54171158,127.0477757,216,서울숲역,349.59
다사583517,37.56416952,127.0283907,241,상왕십리,56.42
다사593519,37.56601686,127.0397025,247,마장,283.73
다사592520,37.56691377,127.0385646,482,마장,395.37
다사573502,37.55060386,127.0171552,237,금호,286.35
다사622511,37.55892967,127.0725807,176,신답,1458.46
다사591511,37.55879739,127.0374824,73,왕십리,315.18
다사571497,37.54608794,127.0149203,487,금호,254.22
다사621510,37.55802423,127.0714537,75,신답,1385.54
다사611490,37.53995594,127.0602377,142,성수,640.79
다사605513,37.56066108,127.0533225,132,용답,275.44
다사601487,37.53720925,127.0489348,254,서울숲역,811.57
다사589509,37.55698584,127.0352292,150,왕십리,464.67
다사602486,37.53631223,127.0500721,130,서울숲역,947.29
다사615494,37.54357805,127.0647444,52,성수,781.22
다사611497,37.54626528,127.0602006,107,성수,414.01
다사601493,37.54261724,127.0489022,125,서울숲역,389.97
다사600501,37.54982357,127.0477267,456,뚝섬,295.25
다사604501,37.54984082,127.052255,20,뚝섬,519.38
다사588517,37.564192,127.0340521,251,왕십리,360.75
다사593525,37.57142482,127.0396692,43,마장,661.21
다사587523,37.56959548,127.0328861,60,상왕십리,667.6
다사612497,37.54626949,127.0613327,23,성수,505.73
다사609514,37.56157946,127.0578461,167,신답,132.61
다사574503,37.55150981,127.0182815,195,신금호,381.87
다사586520,37.56688702,127.0317707,179,상왕십리,368.09
다사569499,37.54788127,127.0126445,307,금호,280.2
다사619506,37.55441066,127.0692101,277,신답,1378.99
다사587522,37.56869416,127.0328917,400,상왕십리,585.33
다사610514,37.56158369,127.0589783,182,신답,232.19
다사579524,37.57046062,127.0238215,133,상왕십리,798.03
다사579498,37.54702613,127.0239706,320,금호,734.76
다사608490,37.53994325,127.0568419,80,성수,526.4
다사613493,37.54266835,127.0624857,0,성수,613.33
다사587519,37.56599018,127.0329086,146,상왕십리,392.29
다사608485,37.53543658,127.0568686,407,성수,1025.02
다사612496,37.54536815,127.0613379,0,성수,479.23
다사569493,37.54247331,127.0126797,350,옥수,417.7
다사576503,37.55151903,127.0205457,249,신금호,332.15
다사618501,37.54989986,127.0681039,97,성수,1218.82
다사585522,37.56868517,127.030627,536,상왕십리,489.98
다사588507,37.55517872,127.0341083,159,행당,470.94
다사607515,37.56247229,127.0555762,100,신답,130.57
다사598503,37.55161753,127.0454516,21,뚝섬,522.85
다사592524,37.57051908,127.0385424,54,마장,627.78
다사598492,37.54170289,127.0455118,362,서울숲역,232.03
다사601512,37.55974253,127.048799,130,용답,326.13
다사583503,37.55155094,127.0284703,85,행당,645.13
다사591518,37.56510668,127.0374434,270,왕십리,349.14
다사621508,37.55622157,127.071464,100,신답,1454.64
다사593524,37.5705235,127.0396747,149,마장,572.3
다사587503,37.55156894,127.0329986,342,행당,708.36
다사612491,37.54086149,127.0613643,0,성수,632.86
다사584505,37.55335811,127.029591,326,행당,438.09
다사607490,37.53993899,127.05571,13,성수,521.95
다사579497,37.5461248,127.0239763,458,금호,760.49
다사613514,37.56159633,127.0623751,259,신답,531.44
다사605487,37.53722645,127.0534623,204,성수,852.49
다사595509,37.55701239,127.0420223,320,한양대,139.18
다사599501,37.54981922,127.0465946,306,뚝섬,302.21
다사619502,37.55080533,127.0692308,0,성수,1354.95
다사591520,37.56690934,127.0374323,82,마장,492.77
다사571494,37.54338396,127.0149378,254,옥수,283.78
다사609499,37.54805949,127.057926,0,성수,418.25
다사566492,37.54155792,127.0092898,151,옥수,706.58
다사577495,37.54431299,127.0217238,369,옥수,489.29
다사608489,37.53904191,127.0568473,415,성수,625.8
다사583504,37.55245227,127.0284646,147,행당,546.12
다사596500,37.5489048,127.043204,43,뚝섬,417.7
다사614500,37.54898188,127.0635809,127,성수,826.48
다사610489,37.53905039,127.0591111,141,성수,678.76
다사599513,37.56063518,127.0465291,306,용답,418.26
다사583523,37.56957747,127.0283566,199,상왕십리,565.97
다사603516,37.56335648,127.0510418,192,용답,131.74
다사596522,37.56873404,127.0430829,788,마장,297.02
다사577500,37.54881963,127.021695,176,금호,524.61
다사601513,37.56064386,127.0487936,223,용답,249.46
다사598502,37.5507162,127.0454571,179,뚝섬,429.35
다사601522,37.56875582,127.0487446,93,답십리,405.96
다사579502,37.55063144,127.0239476,697,신금호,532.04
다사584508,37.55606209,127.029574,654,행당,137.55
다사571495,37.54428529,127.0149319,346,옥수,359.69
다사572494,37.54338861,127.0160698,207,옥수,221.51
다사585502,37.55065863,127.0307401,430,행당,746.44
다사603495,37.54442853,127.0511553,285,성수,426.21
다사580513,37.5605506,127.0250168,549,행당,534.61
다사581515,37.5623578,127.0261376,157,상왕십리,339.18
다사589510,37.55788717,127.0352236,65,왕십리,364.66
다사606489,37.5390334,127.0545835,27,성수,634.21
다사611489,37.53905461,127.060243,57,성수,724.66
다사599497,37.5462139,127.0466165,197,뚝섬,128.34
다사573503,37.55150519,127.0171494,30,금호,379.42
다사568497,37.54607394,127.0115243,307,금호,447.96
다사607484,37.53453099,127.0557421,58,성수,1122.94
다사591523,37.56961332,127.0374156,59,마장,625.33
다사599500,37.54891789,127.0466001,479,뚝섬,206.11
다사617501,37.54989571,127.0669719,249,성수,1132.1
다사584503,37.55155545,127.0296024,77,행당,638.52
다사597513,37.56062646,127.0442647,121,한양대,454.91
다사575494,37.54340247,127.0194656,278,옥수,272.39
다사606513,37.56066536,127.0544547,22,신답,189.36
다사600490,37.53990892,127.0477866,161,서울숲역,500.89
다사581510,37.55785117,127.0261661,678,행당,298.72
다사569494,37.54337464,127.0126739,333,옥수,450.8
다사588515,37.56238934,127.0340634,265,왕십리,186.72
다사614505,37.55348854,127.0635546,0,신답,1091.42
다사578510,37.55783749,127.0227696,400,신금호,425.34
다사594508,37.55610666,127.0408956,405,한양대,235.88
다사597492,37.54169853,127.0443799,141,서울숲역,222.56
다사605486,37.53632512,127.0534677,136,성수,949.5
다사594514,37.56151463,127.0408624,503,왕십리,321.19
다사593520,37.56691819,127.0396969,162,마장,299.55
다사592517,37.56420979,127.0385813,173,왕십리,274.79
다사606498,37.54714539,127.0545352,78,성수,307.65
다사605516,37.56336507,127.0533063,217,용답,253.02
다사608486,37.53633791,127.0568633,213,성수,925.08
다사602501,37.54983222,127.0499908,167,뚝섬,372.32
다사598493,37.54260422,127.0455064,139,서울숲역,140.13
다사600500,37.54892223,127.0477322,351,뚝섬,195.76
다사591515,37.5624027,127.0374601,159,왕십리,51.12
다사620505,37.55351345,127.0703474,48,신답,1518.41
다사605498,37.54714112,127.0534032,0,성수,360.31
다사574493,37.54249653,127.0183395,439,옥수,130.95
다사599519,37.56604315,127.0464963,133,마장,315.13
다사606492,37.5417374,127.0545674,261,성수,344.8
다사581497,37.5461339,127.0262403,270,옥수,932.27
다사584513,37.56056873,127.0295457,356,행당,363.84
다사579496,37.54522347,127.023982,278,옥수,710.19
다사570492,37.54157665,127.0138175,356,옥수,307.43
다사570499,37.54788594,127.0137766,346,금호,182.11
다사588510,37.55788271,127.0340914,39,왕십리,385.03
다사609486,37.53634215,127.0579951,175,성수,938.27
다사612500,37.54897349,127.0613168,8,성수,674.24
다사580498,37.54703069,127.0251026,133,금호,832.91
다사608497,37.54625258,127.0568046,154,성수,194.63
다사594510,37.55790932,127.0408846,0,한양대,274.16
다사578501,37.54972554,127.0228213,444,신금호,572.51
다사592515,37.56240713,127.0385924,89,왕십리,126.78
다사579511,37.55874338,127.023896,240,행당,518
다사593499,37.54799029,127.0398133,216,서울숲역,643.39
다사575504,37.55241575,127.0194078,92,신금호,248.22
다사569495,37.54427597,127.012668,148,옥수,502.06
다사592516,37.56330846,127.0385868,142,왕십리,189.06
다사582503,37.55154641,127.0273382,719,행당,666.78
다사590524,37.5705102,127.0362776,179,마장,766.19
다사603502,37.55073786,127.0511175,310,뚝섬,513
다사609515,37.56248079,127.0578408,29,신답,173.05
다사590508,37.55608896,127.036367,164,왕십리,568.86
다사589515,37.56239381,127.0351956,25,왕십리,139.99
다사617500,37.54899438,127.0669771,243,성수,1084.06
다사593515,37.56241155,127.0397246,77,왕십리,222.37
다사606491,37.54083606,127.0545727,6,성수,439.6
다사601496,37.54532124,127.0488859,30,뚝섬,244.09
다사612514,37.56159213,127.0612428,453,신답,431.66
다사589504,37.5524792,127.0352572,362,행당,739.03
다사586501,37.54976179,127.0318778,342,행당,864.08
다사575505,37.55331708,127.019402,194,신금호,158.76
다사617503,37.55169838,127.0669614,197,성수,1246.93
다사567492,37.54156262,127.0104217,249,옥수,606.79
다사592519,37.56601244,127.0385702,115,마장,383.52
다사593512,37.55970757,127.0397413,291,왕십리,333.12
다사611491,37.54085728,127.0602324,75,성수,562.29
다사588506,37.55427739,127.0341139,139,행당,528.63
다사580514,37.56145192,127.0250111,592,상왕십리,480.61
다사595500,37.54890042,127.0420719,0,뚝섬,508.25
다사590519,37.56600357,127.0363055,95,왕십리,456.4
다사578502,37.55062687,127.0228156,181,신금호,480.72
다사605488,37.53812779,127.0534569,181,성수,756.33
다사606514,37.56156669,127.0544494,338,신답,167.7
다사602518,37.56515483,127.0498987,33,답십리,306.68
다사595518,37.56512434,127.0419726,0,마장,133.98
다사603515,37.56245515,127.0510472,32,용답,34.88
다사614492,37.54177121,127.063623,0,성수,744.73
다사604499,37.54803816,127.0522658,143,뚝섬,438.34
다사618504,37.55260386,127.0680883,268,성수,1387.61
다사598515,37.56243349,127.0453859,17,마장,458.64
다사603501,37.54983653,127.0511229,0,뚝섬,440.71
다사592510,37.55790049,127.0386202,20,왕십리,454.63
다사606497,37.54624406,127.0545406,113,성수,220.14
다사597517,37.56423178,127.0442427,249,마장,234.88
다사620508,37.55621745,127.0703319,370,신답,1364.01
다사603498,37.54713253,127.0511391,19,뚝섬,328.54
다사599488,37.53810191,127.0466656,268,서울숲역,644.81
다사600498,37.54711957,127.0477431,176,뚝섬,29.87
다사573492,37.54159058,127.0172133,21,옥수,10.52
다사571490,37.53977865,127.0149611,237,옥수,293.38
다사588516,37.56329067,127.0340578,246,왕십리,269.18
다사592506,37.55429518,127.0386424,589,한양대,498.2
다사585521,37.56778385,127.0306327,192,상왕십리,396.35
다사602488,37.5381149,127.0500613,186,서울숲역,779.73
다사606499,37.54804672,127.0545298,143,성수,401.15
다사591519,37.56600801,127.0374378,0,왕십리,449.27
다사595523,37.56963098,127.041945,593,마장,405.63
다사570501,37.54968859,127.0137648,253,금호,237.98
다사598513,37.56063083,127.0453969,209,한양대,480.34
다사589525,37.57140707,127.0351396,50,마장,907.23
다사606494,37.54354006,127.0545567,36,성수,174.49
다사573499,37.54789988,127.0171726,157,금호,129.03
다사599487,37.53720058,127.0466711,225,서울숲역,741.91
다사608496,37.54535125,127.0568099,203,성수,108.55
다사572491,37.54068462,127.0160872,455,옥수,151.94
다사600511,37.55883687,127.0476722,6,한양대,444.94
다사583513,37.56056421,127.0284135,374,행당,375.31
다사574502,37.55060848,127.0182873,104,금호,341.08
다사580508,37.55604396,127.0250454,301,행당,415.16
다사602489,37.53901623,127.0500559,97,서울숲역,702.44
다사582516,37.56326366,127.0272642,385,상왕십리,197.75
다사576499,37.54791372,127.0205687,174,금호,423.58
다사581512,37.55965382,127.0261547,439,행당,393.32
다사618513,37.56071585,127.0680415,67,신답,1034.12
다사583509,37.5569589,127.0284362,75,행당,99.56
다사600502,37.5507249,127.0477213,562,뚝섬,395.11
다사575496,37.54520513,127.0194541,321,옥수,438.15
다사594509,37.55700799,127.0408901,168,한양대,235.28
다사588505,37.55337606,127.0341195,298,행당,597.67
다사598489,37.53899889,127.0455282,274,서울숲역,526.3
다사589505,37.55338053,127.0352516,785,행당,669.57
다사581505,37.55334453,127.0261947,583,행당,526.43
다사580512,37.55964927,127.0250225,148,행당,472.16
다사598497,37.54620955,127.0454845,108,뚝섬,201.37
다사582512,37.55965836,127.0272869,355,행당,326.16
다사606516,37.56336935,127.0544386,350,신답,270.05
다사603518,37.56515914,127.051031,154,답십리,235.07
다사575507,37.55511973,127.0193904,48,신금호,112.5
다사568492,37.54156731,127.0115537,9,옥수,506.99
다사598517,37.56423614,127.045375,371,마장,296.96
다사583516,37.56326819,127.0283964,389,상왕십리,143.67
다사594522,37.56872525,127.0408182,18,마장,348.98
다사586518,37.56508437,127.0317819,319,상왕십리,264.47
다사582501,37.54974376,127.0273496,301,신금호,809.43
다사572493,37.54248728,127.0160756,134,옥수,142.54
다사571498,37.54698927,127.0149144,67,금호,161.68
다사599489,37.53900324,127.0466601,95,서울숲역,548.83
다사595519,37.56602567,127.0419671,18,마장,84.2
다사584511,37.55876608,127.029557,336,행당,163.49
다사596517,37.5642274,127.0431104,203,마장,205.12
다사588514,37.56148802,127.034069,153,왕십리,131.76
다사573494,37.54339324,127.0172017,11,옥수,193.71
다사591510,37.55789606,127.037488,0,왕십리,402.73
다사597515,37.56242912,127.0442537,9,마장,421.12
다사585511,37.55877058,127.0306892,383,행당,195.38
다사609496,37.54535549,127.0579419,69,성수,190.71
다사587511,37.55877956,127.0329536,102,왕십리,347.25
다사598501,37.54981487,127.0454626,130,뚝섬,339.71
다사598518,37.56513747,127.0453695,475,마장,239.24
다사614499,37.54808054,127.0635862,0,성수,772.47
다사577499,37.54791831,127.0217008,112,금호,522.99
다사566491,37.54065659,127.0092957,30,옥수,714.63
다사581514,37.56145647,127.0261433,357,상왕십리,415.55
다사570490,37.53977399,127.0138292,172,옥수,370.76
다사589512,37.55968982,127.0352124,173,왕십리,165.39
다사584520,37.56687802,127.029506,559,상왕십리,269.83
다사574498,37.54700317,127.0183105,217,금호,263.41
다사587500,37.54886495,127.0330155,217,행당,987.99
다사597521,37.56783709,127.0442207,204,마장,227.83
다사587502,37.55066761,127.0330043,278,행당,799.88
다사588523,37.56959996,127.0340185,212,상왕십리,725.84
다사578503,37.5515282,127.0228098,510,신금호,393.07
다사582523,37.56957294,127.0272243,209,상왕십리,582.05
다사580524,37.57046518,127.0249538,868,상왕십리,747.42
다사581523,37.5695684,127.0260919,157,상왕십리,614.14
다사577506,37.5542276,127.0216605,355,신금호,115.03
다사582513,37.56055968,127.0272812,206,행당,411.4
다사587505,37.55337159,127.0329874,547,행당,534.79
다사587499,37.54796362,127.0330211,0,행당,1083.7
다사597502,37.55071184,127.044325,0,뚝섬,477.85
다사572490,37.53978329,127.0160931,334,옥수,233.67
다사597490,37.53989586,127.0443909,143,서울숲역,422.15
다사582524,37.57047427,127.0272186,0,상왕십리,679.67
다사600518,37.56514617,127.0476341,0,마장,427.82
다사607514,37.56157096,127.0555816,0,신답,68.48
다사607516,37.56337362,127.0555709,369,신답,222.48
다사601492,37.54171591,127.0489077,146,서울숲역,431.61
다사610495,37.54445839,127.0590792,0,성수,273.62
다사618500,37.54899853,127.0681091,0,성수,1174.33
다사589506,37.55428186,127.035246,285,행당,608.75
다사598494,37.54350555,127.0455009,245,서울숲역,74.31
다사582505,37.55334907,127.0273268,163,행당,478.34
다사581508,37.55604851,127.0261776,264,행당,322.67
다사580507,37.55514264,127.0250511,208,신금호,415.85
다사579510,37.55784206,127.0239018,51,신금호,482.59
다사610498,37.54716239,127.0590633,150,성수,391.36
다사609484,37.53453949,127.0580058,111,성수,1135.88
다사602491,37.5408189,127.050045,510,서울숲역,569.7
다사576509,37.55692699,127.020511,350,신금호,269.59
다사584516,37.56327271,127.0295287,70,상왕십리,148.65
다사615513,37.56070337,127.0646448,177,신답,736.27
다사581504,37.5524432,127.0262004,360,신금호,560.08
다사579519,37.56595399,127.0238502,287,상왕십리,471.07
다사603492,37.54172454,127.0511716,216,성수,533.08
다사570497,37.54608329,127.0137883,156,금호,300.09
다사578506,37.55423218,127.0227926,616,신금호,212.81
다사590509,37.55699029,127.0363614,58,왕십리,469.65
다사583512,37.55966289,127.0284192,610,행당,279.26
다사580510,37.55784662,127.025034,349,행당,396.82
다사573505,37.55330784,127.0171378,0,신금호,317.08
다사602494,37.54352289,127.0500288,8,뚝섬,467.49
다사580520,37.56685988,127.0249767,410,상왕십리,431.85
다사587501,37.54976628,127.0330099,157,행당,893.26
다사611500,37.54896927,127.0601848,10,성수,608.48
다사579499,37.54792746,127.0239648,69,금호,722.13
다사593510,37.55790491,127.0397524,25,한양대,362.03
다사585513,37.56057324,127.0306779,217,행당,379.25
다사607485,37.53543233,127.0557368,146,성수,1022.74
다사599490,37.53990458,127.0466547,76,서울숲역,454.69
다사569491,37.54067066,127.0126915,168,옥수,421
다사593516,37.56331288,127.0397191,547,왕십리,262.92
다사585507,37.55516527,127.0307118,190,행당,260.65
다사603490,37.53992187,127.0511824,29,성수,673.04
다사591524,37.57051464,127.03741,95,마장,693.27
다사594524,37.57052791,127.0408071,0,마장,529.97
다사579514,37.56144736,127.0238788,0,상왕십리,556.08
다사601514,37.56154519,127.0487881,465,용답,195.42
다사568491,37.54066598,127.0115595,221,옥수,518.15
다사576505,37.55332168,127.0205341,223,신금호,131.97
다사607486,37.53633366,127.0557314,208,성수,922.56
다사619505,37.55350933,127.0692153,158,신답,1438.77
다사590512,37.55969428,127.0363446,39,왕십리,178.9
다사568495,37.54427129,127.011536,157,금호,581.32
다사606500,37.54894806,127.0545245,215,성수,497.28
다사584502,37.55065413,127.029608,513,행당,738.74
다사582511,37.55875703,127.0272926,454,행당,252.2
다사609492,37.54175016,127.0579632,9,성수,364.53
다사584518,37.56507536,127.0295174,392,상왕십리,85.28
다사599495,37.54441124,127.0466274,243,서울숲역,189.02
다사606488,37.53813206,127.0545888,110,성수,732.7
다사613492,37.54176702,127.062491,7,성수,656.07
다사604514,37.56155812,127.0521849,209,용답,136.15
다사591521,37.56781066,127.0374267,99,마장,521.67
다사588518,37.56509333,127.0340465,165,왕십리,448.38
다사617504,37.55259971,127.0669562,66,성수,1312.09
다사584517,37.56417404,127.029523,177,상왕십리,68.11
다사588508,37.55608005,127.0341027,107,행당,429.2
다사601515,37.56244652,127.0487827,212,용답,185.03
다사586522,37.56868967,127.0317594,228,상왕십리,530.46
다사611487,37.53725194,127.0602536,33,성수,902.48
다사598522,37.56874278,127.0453476,43,마장,366.52
다사611485,37.53544927,127.0602642,17,성수,1088.19
다사574507,37.55511512,127.0182583,380,신금호,200.9
다사615496,37.54538072,127.0647339,6,성수,776.04
다사598495,37.54440688,127.0454954,154,서울숲역,107.23
다사617502,37.55079705,127.0669667,297,성수,1186.68
다사607497,37.54624832,127.0556726,459,성수,182.24
다사572501,37.5496979,127.016029,612,금호,160.34
다사575498,37.54700779,127.0194425,144,금호,351.62
다사576510,37.55782831,127.0205052,166,신금호,369.76
다사570495,37.54428063,127.0138,370,옥수,425.15
다사610494,37.54355706,127.0590845,0,성수,298.25
다사576507,37.55512433,127.0205226,24,신금호,69.78
다사572502,37.55059922,127.0160231,571,금호,259.96
다사610486,37.53634638,127.059127,179,성수,961.69
다사595508,37.55611106,127.0420278,215,한양대,140.19
다사599518,37.56514183,127.0465018,294,마장,331.92
다사585512,37.55967191,127.0306836,390,행당,284.53
다사585501,37.5497573,127.0307458,86,행당,845.75
다사599512,37.55973385,127.0465346,563,한양대,440.85
다사600489,37.53900758,127.0477921,126,서울숲역,587.68
다사616496,37.54538489,127.0658659,212,성수,875.37
다사586507,37.55516977,127.031844,402,행당,315.12
다사595515,37.56242036,127.0419892,288,마장,413.61
다사582517,37.56416499,127.0272585,380,상왕십리,147.13
다사602490,37.53991756,127.0500504,21,서울숲역,631.62
다사583501,37.54974828,127.0284816,96,행당,844
다사578508,37.55603483,127.0227811,187,신금호,270.04
다사583522,37.56867615,127.0283623,284,상왕십리,466.09
다사620506,37.55441479,127.0703422,213,신답,1461.89
다사593517,37.56421421,127.0397136,514,왕십리,329.99
다사605497,37.54623978,127.0534086,0,성수,289.2
다사586519,37.56598569,127.0317763,236,상왕십리,304.42
다사590522,37.56870755,127.0362888,65,마장,654.19
다사578495,37.54431757,127.0228558,314,옥수,572.24
다사606493,37.54263873,127.054562,179,성수,254.21
다사611492,37.54175861,127.0602271,0,성수,491.75
다사582519,37.56596764,127.0272471,158,상왕십리,216.79
다사572500,37.54879657,127.0160348,104,금호,62.66
다사607517,37.56427494,127.0555655,144,신답,319.43
다사590521,37.56780622,127.0362944,129,마장,615.27
다사583520,37.5668735,127.0283737,175,상왕십리,267.11
다사583500,37.54884695,127.0284873,255,행당,943.69
다사589514,37.56149248,127.0352012,173,왕십리,45.74
다사598499,37.54801221,127.0454735,31,뚝섬,194.42
다사602517,37.5642535,127.0499041,28,용답,245.22
다사591504,37.55248809,127.0375214,105,한양대,696.53
다사595517,37.56422301,127.0419781,224,마장,221.14
다사604492,37.54172883,127.0523035,313,성수,457.34
다사585520,37.56688252,127.0306383,86,상왕십리,306.9
다사605517,37.5642664,127.053301,277,답십리,290.93
다사615500,37.54898605,127.064713,322,성수,909.5
다사571499,37.5478906,127.0149086,194,금호,87.98
다사594519,37.56602127,127.0408348,373,마장,183.94
다사575502,37.5506131,127.0194194,135,금호,413.03
다사590504,37.55248365,127.0363893,500,한양대,775.13
다사603520,37.56696179,127.0510202,19,답십리,145.24
다사605500,37.54894378,127.0533924,351,성수,531.47
다사596497,37.54620081,127.0432205,70,서울숲역,308.25
다사596521,37.56783271,127.0430884,0,마장,197
다사586516,37.56328171,127.0317932,67,상왕십리,291.15
다사580511,37.55874794,127.0250282,578,행당,424.45
다사577504,37.55242494,127.021672,237,신금호,256.82
다사597498,37.54710652,127.044347,16,뚝섬,270.43
다사574497,37.54610185,127.0183163,330,금호,328.44
다사573497,37.54609722,127.0171843,40,금호,271.18
다사585518,37.56507987,127.0306497,163,상왕십리,169.27
다사619512,37.55981865,127.0691789,478,신답,1145.79
다사590517,37.56420091,127.0363167,187,왕십리,261.74
다사599514,37.56153651,127.0465236,268,용답,388.45
다사597516,37.56333045,127.0442482,56,마장,325.9
다사567491,37.54066129,127.0104276,151,옥수,616.14
다사580523,37.56956385,127.0249596,312,상왕십리,659.89
다사572503,37.55150055,127.0160173,490,금호,359.92
다사568498,37.54697527,127.0115184,272,금호,402.72
다사581509,37.55694984,127.0261719,668,행당,294.33
다사586517,37.56418304,127.0317876,189,상왕십리,259.45
다사589522,37.5687031,127.0351564,81,상왕십리,724.44
다사606490,37.53993473,127.0545781,95,성수,536.37
다사600493,37.54261291,127.0477703,176,서울숲역,296.67
다사616500,37.54899022,127.065845,269,성수,995.6
다사598511,37.55882817,127.0454078,6,한양대,301.09
다사584515,37.56237138,127.0295344,283,상왕십리,244.22
다사604485,37.5354195,127.0523412,288,성수,1073.1
다사572496,37.54519126,127.0160581,66,금호,343.07
다사603499,37.54803386,127.0511337,84,뚝섬,341.48
다사596514,37.56152342,127.0431269,40,마장,505.44
다사593513,37.56060889,127.0397357,406,왕십리,265.28
다사595499,37.54799909,127.0420774,67,뚝섬,479.13
다사604494,37.5435315,127.0522927,28,성수,347.45
다사580504,37.55243865,127.0250683,130,신금호,471.04
다사601500,37.54892656,127.0488642,250,뚝섬,232.56
다사577501,37.54972096,127.0216893,299,신금호,543.8
다사584514,37.56147006,127.02954,359,상왕십리,342.46
다사598519,37.5660388,127.045364,108,마장,215.34
다사622509,37.557127,127.072591,8,신답,1511.02
다사595516,37.56332169,127.0419836,189,마장,316.14
다사600513,37.56063953,127.0476613,340,용답,329.58
다사581513,37.56055515,127.026149,212,행당,466.44
다사579506,37.55423675,127.0239247,372,신금호,311.87
다사607487,37.53723499,127.0557261,96,성수,822.38
다사586500,37.54886047,127.0318835,191,행당,961.69
다사597500,37.54890918,127.044336,0,뚝섬,332.5
다사585509,37.55696793,127.0307005,191,행당,113.47
다사601491,37.54081458,127.0489131,78,서울숲역,490.48
다사598496,37.54530822,127.0454899,62,서울숲역,193.81
다사613491,37.54086569,127.0624963,0,성수,710.48
다사594518,37.56511994,127.0408403,92,마장,211.42
다사596508,37.55611544,127.0431599,51,한양대,59.9
다사591512,37.55969872,127.0374769,434,왕십리,237.86
다사592523,37.56961775,127.0385479,33,마장,551.84
다사620507,37.55531612,127.070337,611,신답,1410.24
다사568490,37.53976465,127.0115654,64,옥수,547.72
다사609487,37.53724349,127.0579898,258,성수,839.97
다사592518,37.56511111,127.0385757,399,왕십리,367.91
다사594512,37.55971197,127.0408735,69,왕십리,405.3
다사584509,37.55696342,127.0295684,405,행당,37.87
다사589516,37.56329513,127.03519,195,왕십리,234.8
다사583508,37.55605758,127.0284419,615,행당,165.53
다사575500,37.54881044,127.0194309,108,금호,327.01
다사577505,37.55332627,127.0216662,436,신금호,171.9
다사579509,37.55694073,127.0239075,224,신금호,410.91
다사611514,37.56158792,127.0601106,98,신답,331.91
다사606502,37.55075072,127.0545137,0,성수,693.03
다사581506,37.55424586,127.026189,440,행당,446.51
다사595520,37.566927,127.0419616,13,마장,127.74
다사571491,37.54067998,127.0149553,154,옥수,233.56
다사606515,37.56246802,127.054444,308,신답,201.2
다사571501,37.54969325,127.0148969,167,금호,176.67
다사616503,37.55169422,127.0658293,10,성수,1170.84
다사618511,37.55891319,127.0680519,0,신답,1070.11
다사619507,37.55531199,127.0692049,59,신답,1324.11
다사569490,37.53976933,127.0126973,345,옥수,456.91
다사608488,37.53814058,127.0568526,159,성수,725.43
다사582515,37.56236234,127.0272699,183,상왕십리,276.86
다사613490,37.53996435,127.0625015,43,성수,774.09
다사601490,37.53991325,127.0489185,193,서울숲역,561.21
다사609498,37.54715815,127.0579313,85,성수,329.63
다사604520,37.5669661,127.0521525,76,답십리,47.11
다사610487,37.53724772,127.0591217,308,성수,866.05
다사574501,37.54970716,127.0182931,430,금호,272.88
다사598512,37.5597295,127.0454024,50,한양대,388.13
다사605502,37.55074644,127.0533817,0,뚝섬,658.9
다사598490,37.53990023,127.0455228,363,서울숲역,427.22
다사581522,37.56866708,127.0260976,303,상왕십리,523.53
다사600497,37.54621824,127.0477485,67,뚝섬,110.96
다사604497,37.5462355,127.0522765,0,성수,372.47
다사594517,37.56421862,127.0408458,425,마장,275.05
다사567493,37.54246395,127.0104158,325,옥수,613.88
다사570493,37.54247798,127.0138117,909,옥수,321.2
다사586506,37.55426844,127.0318496,409,행당,396.19
다사598491,37.54080156,127.0455173,686,서울숲역,328.84
다사581516,37.56325913,127.0261319,7,상왕십리,278.37
다사597523,37.56963974,127.0442097,258,마장,413.3
다사604516,37.56336078,127.0521741,316,용답,175.29
다사573495,37.54429457,127.0171959,65,옥수,293.88
다사596509,37.55701677,127.0431544,65,한양대,57.52
다사604489,37.53902484,127.0523197,101,성수,701.78
다사605493,37.54263445,127.0534301,94,성수,315.91
다사604495,37.54443283,127.0522873,8,성수,326.55
다사595513,37.5606177,127.0420002,68,왕십리,443.72
다사596523,37.56963537,127.0430774,722,마장,397.14
다사588519,37.56599465,127.0340409,160,상왕십리,484.8
다사595511,37.55881504,127.0420112,8,한양대,281.21
다사589517,37.56419646,127.0351844,790,왕십리,308.04
다사576506,37.55422301,127.0205283,98,신금호,33.14
다사596519,37.56603006,127.0430994,30,마장,16.22
다사603517,37.56425781,127.0510364,285,용답,231.48
다사599499,37.54801656,127.0466056,61,뚝섬,117.13
다사608492,37.54174591,127.0568313,0,성수,329.09
다사586508,37.55607109,127.0318383,155,행당,248.44
다사607492,37.54174166,127.0556993,186,성수,321.92
다사577498,37.54701698,127.0217065,584,금호,540.29
다사603489,37.53902054,127.0511878,76,성수,753.34
다사614514,37.56160052,127.0635073,146,신답,631.22
다사600496,37.54531691,127.0477539,471,뚝섬,209.33
다사579523,37.56955929,127.0238272,364,상왕십리,716.72
다사585504,37.55246129,127.0307288,421,행당,548.82
다사604512,37.55975546,127.0521957,0,용답,294.46
다사582522,37.56867162,127.02723,434,상왕십리,485.49
다사597489,37.53899453,127.0443963,432,서울숲역,522.19
다사583502,37.55064961,127.0284759,319,행당,744.46
다사580522,37.56866253,127.0249653,77,상왕십리,576.53
다사613497,37.54627369,127.0624647,0,성수,600.03
다사602493,37.54262156,127.0500342,67,서울숲역,485.87
다사600517,37.56424484,127.0476395,200,용답,364.68
다사578511,37.55873881,127.0227638,431,신금호,514.82
다사617511,37.55890904,127.0669197,325,신답,974.39
다사607491,37.54084033,127.0557047,0,성수,421.88
다사591505,37.55338942,127.0375159,381,한양대,636.01
다사576504,37.55242035,127.0205399,106,신금호,232.01
다사586512,37.5596764,127.0318158,304,행당,335.14
다사601499,37.54802523,127.0488696,361,뚝섬,159.13
다사599496,37.54531257,127.0466219,201,뚝섬,219.05
다사603494,37.5435272,127.0511607,105,성수,442.43
다사604493,37.54263017,127.0522981,56,성수,393.57
다사588522,37.56869863,127.0340241,186,상왕십리,650.96
다사601498,37.5471239,127.0488751,7,뚝섬,129.05
다사590507,37.55518763,127.0363726,835,한양대,647.42
다사609488,37.53814482,127.0579845,100,성수,742.18
다사600499,37.5480209,127.0477376,356,뚝섬,97.78
다사597518,37.56513311,127.0442372,251,마장,155.62
다사607496,37.54534699,127.0556779,153,성수,84.35
다사570491,37.54067532,127.0138234,431,옥수,325.48
다사604487,37.53722217,127.0523304,216,성수,884.22
다사611486,37.53635061,127.0602589,57,성수,994.62
다사577507,37.55512892,127.0216547,92,신금호,130.4
다사603488,37.53811921,127.0511932,141,성수,837.94
다사575509,37.55692238,127.0193788,50,신금호,283.66
다사590518,37.56510224,127.0363111,237,왕십리,358.27
다사596498,37.54710214,127.043215,121,뚝섬,370.2
다사597501,37.54981051,127.0443305,19,뚝섬,399.26
다사610488,37.53814905,127.0591164,65,성수,771.58
다사580506,37.55424131,127.0250568,236,신금호,411.28
다사570498,37.54698461,127.0137824,164,금호,227.08
다사580499,37.54793201,127.0250969,129,금호,821.79
다사578509,37.55693616,127.0227753,39,신금호,341.86
다사567490,37.53975997,127.0104335,78,옥수,641.21
다사583515,37.56236687,127.0284021,264,상왕십리,241.22
다사618502,37.55080119,127.0680987,183,성수,1269.68
다사599494,37.5435099,127.0466329,0,서울숲역,172.49
다사597491,37.5407972,127.0443854,343,서울숲역,322.22
다사608498,37.54715391,127.0567993,677,성수,289.94
다사605496,37.54533845,127.0534139,29,성수,239.88
다사618505,37.55350519,127.0680831,146,신답,1361.77
다사593518,37.56511553,127.039708,297,마장,302.27
다사586505,37.55336711,127.0318553,264,행당,484.48
다사570494,37.54337931,127.0138058,158,옥수,363.21
다사580502,37.550636,127.0250797,315,신금호,595.78
다사609506,37.55436881,127.0578887,71,신답,801.21
다사591513,37.56060005,127.0374713,267,왕십리,153.42
다사591506,37.55429075,127.0375103,322,한양대,586.48
다사603500,37.54893519,127.0511283,377,뚝섬,381.28
다사576498,37.54701239,127.0205745,109,금호,444.76
다사589508,37.55608451,127.0352348,266,행당,524.72
다사579521,37.56775664,127.0238387,253,상왕십리,572.38
다사575495,37.5443038,127.0194599,257,옥수,350.78
다사613494,37.54356969,127.0624805,272,성수,584.81
다사599492,37.54170724,127.0466438,264,서울숲역,279.41
다사572497,37.54609259,127.0160523,220,금호,243.15
다사572498,37.54699392,127.0160464,252,금호,143.64
다사609500,37.54896082,127.0579206,113,성수,511.17
다사613499,37.54807635,127.0624541,77,성수,687.39
다사587516,37.5632862,127.0329255,582,왕십리,328.09
다사587507,37.55517425,127.0329761,434,행당,388.05
다사600487,37.53720492,127.0478029,256,서울숲역,771.09
다사614494,37.54357388,127.0636124,17,성수,682.78
다사613500,37.54897769,127.0624489,7,성수,747.58
다사596495,37.54439815,127.0432315,256,서울숲역,151
다사610497,37.54626105,127.0590686,0,성수,327.07
다사598514,37.56153216,127.0453914,56,용답,486.96
다사599502,37.55072055,127.0465892,188,뚝섬,400.33
다사603486,37.53631654,127.051204,408,서울숲역,1000.64
다사612493,37.54266415,127.0613538,0,성수,521.44
다사574506,37.55421379,127.0182641,418,신금호,191.29
다사601489,37.53901191,127.048924,339,서울숲역,639.87
다사606487,37.53723073,127.0545942,147,성수,831.6
다사577508,37.55603025,127.0216489,229,신금호,202.15
다사586502,37.55066312,127.0318722,212,행당,767.16
다사575501,37.54971177,127.0194251,68,금호,358.77
다사602499,37.54802955,127.0500017,393,뚝섬,247
다사612513,37.5606908,127.0612481,12,신답,440.52
다사587517,37.56418752,127.0329199,368,상왕십리,358.52
다사613513,37.560695,127.0623803,56,신답,538.65
다사575493,37.54250115,127.0194714,295,옥수,213.18
다사576508,37.55602566,127.0205168,27,신금호,169.5
다사612498,37.54717082,127.0613274,0,성수,549.5
다사605515,37.56246374,127.0533117,300,용답,218.81
다사586509,37.55697242,127.0318327,363,행당,210.33
다사581501,37.54973922,127.0262175,54,신금호,737.19
다사571500,37.54879192,127.0149027,258,금호,97.11
다사619503,37.55170666,127.0692256,118,성수,1408.02
다사580501,37.54973467,127.0250854,249,신금호,672.03
다사577496,37.54521432,127.0217181,272,옥수,555.28
다사597522,37.56873842,127.0442152,263,마장,318.3
다사616498,37.54718756,127.0658555,0,성수,915.74
다사586504,37.55246578,127.0318609,416,행당,576.69
다사575503,37.55151442,127.0194136,248,신금호,343.68
다사577503,37.55152362,127.0216777,196,신금호,349.94
다사596516,37.56332607,127.0431159,165,마장,305.15
다사602502,37.55073355,127.0499854,100,뚝섬,455.59
다사592522,37.56871642,127.0385535,99,마장,484.8
다사585510,37.55786925,127.0306949,96,행당,124.42
다사578507,37.55513351,127.0227868,488,신금호,221.49
다사584519,37.56597669,127.0295117,417,상왕십리,173.19
다사593511,37.55880624,127.0397468,367,한양대,413.48
다사580521,37.5677612,127.024971,260,상왕십리,499.4
다사585516,37.56327722,127.030661,58,상왕십리,208.5
다사586523,37.569591,127.0317537,325,상왕십리,620.05
다사570496,37.54518196,127.0137941,926,금호,385.53
다사598498,37.54711088,127.045479,104,뚝섬,170.68
다사598488,37.53809756,127.0455337,353,서울숲역,625.74
다사596512,37.55972076,127.0431379,39,한양대,350.72
다사604519,37.56606477,127.0521579,175,답십리,96.21
다사590505,37.55338498,127.0363837,302,한양대,721.24
다사582521,37.56777029,127.0272357,170,상왕십리,390.78
다사575508,37.55602106,127.0193846,492,신금호,191.09
다사605492,37.54173312,127.0534354,8,성수,392.51
다사595524,37.57053231,127.0419395,198,마장,504.11
다사580518,37.56505723,127.0249882,269,상왕십리,347.8
다사611499,37.54806794,127.06019,0,성수,532.8
다사572489,37.53888196,127.0160989,101,옥수,325.9
다사600512,37.5597382,127.0476668,255,용답,390.84
다사591525,37.57141597,127.0374044,97,마장,768.3
다사586514,37.56147906,127.0318045,236,왕십리,328.11
다사608493,37.54264725,127.0568259,0,성수,232.45
다사580505,37.55333998,127.0250626,229,신금호,430.67
다사597497,37.54620518,127.0443525,100,서울숲역,281.8
다사586521,37.56778834,127.031765,503,상왕십리,445.41
다사606501,37.54984939,127.0545191,92,성수,594.76
다사606486,37.5363294,127.0545996,238,성수,930.79
다사586513,37.56057773,127.0318101,335,왕십리,332.04
다사594523,37.56962658,127.0408126,20,마장,437.36
다사574508,37.55601644,127.0182525,706,신금호,253.42
다사573498,37.54699855,127.0171785,454,금호,187.21
다사588520,37.56689598,127.0340353,227,상왕십리,527.11
다사586511,37.55877508,127.0318214,189,행당,263.7
다사575497,37.54610646,127.0194483,491,금호,402.65
다사592511,37.55880182,127.0386146,196,왕십리,371.86
다사593508,37.55610225,127.0397635,333,한양대,333.98
다사589519,37.56599912,127.0351732,71,왕십리,484.44
다사586503,37.55156445,127.0318665,334,행당,671.19
다사615497,37.54628205,127.0647287,8,성수,792.68
다사607499,37.54805099,127.0556619,287,성수,381.67
다사585500,37.54885597,127.0307514,80,행당,945.25
다사584507,37.55516077,127.0295797,205,행당,237.69
다사580509,37.55694529,127.0250397,289,행당,393.53
다사620509,37.55711878,127.0703267,60,신답,1323.77
다사574499,37.5479045,127.0183047,197,금호,225.8
다사588524,37.57050128,127.0340128,81,상왕십리,806.23
다사597519,37.56603443,127.0442317,117,마장,115.58
다사574504,37.55241114,127.0182757,30,신금호,298.87
다사597508,37.55611982,127.0442921,0,한양대,86.28
다사596513,37.56062209,127.0431324,224,한양대,450.65
다사594516,37.56331729,127.0408514,315,왕십리,349.9
다사578504,37.55242952,127.0228041,438,신금호,313.07
다사582504,37.55244774,127.0273325,405,행당,571.54
다사587513,37.56058222,127.0329424,210,왕십리,234.81
다사582510,37.5578557,127.0272983,497,행당,202.27
다사582498,37.54703977,127.0273666,201,금호,1030.15
다사572495,37.54428993,127.0160639,72,옥수,312.9
다사596515,37.56242474,127.0431214,201,마장,405.27
다사578500,37.54882421,127.0228271,202,금호,623.89
다사609491,37.54084882,127.0579685,107,성수,455.23
다사579500,37.54882878,127.0239591,273,신금호,704.63
다사580519,37.56595855,127.0249825,154,상왕십리,379.06
다사587508,37.55607558,127.0329705,317,행당,336.17
다사594497,37.54619203,127.0409564,0,서울숲역,431.28
다사616501,37.54989156,127.0658398,339,성수,1047.71
다사599516,37.56333917,127.0465127,190,용답,403.83
다사597514,37.56152779,127.0442592,19,마장,518.23
다사611488,37.53815327,127.0602483,0,성수,812.26
다사575510,37.55782371,127.019373,49,신금호,380.14
다사605485,37.53542379,127.0534731,212,성수,1047.11
다사608484,37.53453524,127.0568739,122,성수,1125.01
다사588513,37.56058669,127.0340746,201,왕십리,141.23
다사575506,37.5542184,127.0193962,123,신금호,94.26
다사583518,37.56507085,127.0283851,406,상왕십리,76.25
다사570500,37.54878727,127.0137707,422,금호,186.7
다사568494,37.54336996,127.0115419,505,옥수,542.63
다사600491,37.54081025,127.0477812,0,서울숲역,420.13
다사579513,37.56054604,127.0238846,182,행당,611.52
다사571496,37.54518662,127.0149261,210,금호,351.01
다사595512,37.55971637,127.0420057,61,한양대,372.92
다사581521,37.56776575,127.0261033,74,상왕십리,437.14
다사618510,37.55801185,127.0680571,9,신답,1101.42
다사608500,37.54895658,127.0567886,169,성수,486.53
다사606517,37.56427068,127.0544333,208,답십리,324.97
다사607500,37.54895232,127.0556565,197,성수,481.7
다사605501,37.54984511,127.053387,284,뚝섬,604.32
다사604517,37.56426211,127.0521687,224,용답,258.76
다사604488,37.5381235,127.0523251,93,성수,791.91
다사599517,37.5642405,127.0465073,101,마장,375.66
다사608491,37.54084458,127.0568366,85,성수,427.38
다사604518,37.56516344,127.0521633,292,답십리,190.74
다사581511,37.55875249,127.0261604,375,행당,334.55
다사605518,37.56516773,127.0532956,245,답십리,193.46
다사602513,37.56064818,127.0499258,289,용답,189.1
다사601516,37.56334785,127.0487773,157,용답,224.44
다사593523,37.56962217,127.0396803,32,마장,487.8
다사608495,37.54444991,127.0568153,0,성수,76
다사579512,37.55964471,127.0238903,177,행당,557.76
다사586515,37.56238039,127.0317989,245,상왕십리,349.73
다사582507,37.55515172,127.0273154,580,행당,305.58
다사590511,37.55879295,127.0363502,197,왕십리,273.44
다사595497,37.54619643,127.0420884,60,서울숲역,361.32
다사589521,37.56780177,127.035162,277,상왕십리,664.69
다사569497,37.54607862,127.0126563,115,금호,367.97
다사573501,37.54970253,127.017161,244,금호,200.31
다사571493,37.54248263,127.0149436,248,옥수,227.56
다사583521,37.56777482,127.028368,151,상왕십리,366.4
다사609489,37.53904616,127.0579792,38,성수,645.14
다사585505,37.55336261,127.0307231,215,행당,450.96
다사582508,37.55605305,127.0273097,628,행당,236.22
다사581502,37.55064055,127.0262118,91,신금호,668.41
다사578498,37.54702156,127.0228386,288,금호,637.13
다사581507,37.55514718,127.0261833,432,행당,376.43
다사582500,37.54884243,127.0273553,555,신금호,878.6
다사609493,37.54265149,127.0579579,0,성수,280.39
다사612490,37.53996015,127.0613696,40,성수,703.53
다사587506,37.55427292,127.0329818,301,행당,456.35
다사579508,37.5560394,127.0239132,274,신금호,353.4
다사602496,37.54532556,127.0500179,0,뚝섬,308.64
다사601501,37.5498279,127.0488588,358,뚝섬,320.84
다사607488,37.53813633,127.0557207,174,성수,722.21
다사582499,37.5479411,127.0273609,83,신금호,953.3
다사612494,37.54356549,127.0613485,0,성수,487.58
다사582509,37.55695438,127.027304,538,행당,195.73
다사577502,37.55062229,127.0216835,364,신금호,446.14
다사591517,37.56420536,127.037449,164,왕십리,249.09
다사584510,37.55786475,127.0295627,238,행당,63.53
다사608501,37.54985791,127.0567832,71,성수,585.8
다사617513,37.5607117,127.0669093,27,신답,934.73
다사585514,37.56147456,127.0306723,263,상왕십리,372.36
다사589513,37.56059115,127.0352068,0,왕십리,68.39
다사599520,37.56694448,127.0464909,60,마장,329.46
다사583514,37.56146554,127.0284078,583,상왕십리,340.33
다사592507,37.5551965,127.0386369,586,한양대,455.79
다사587515,37.56238487,127.0329311,245,왕십리,264.67
다사607489,37.53903766,127.0557154,0,성수,622.07
다사579520,37.56685532,127.0238444,925,상왕십리,514.51
다사573491,37.54068925,127.0172192,313,옥수,107.42
다사612499,37.54807215,127.0613221,151,성수,606.82
다사601495,37.54441991,127.0488914,8,뚝섬,333.44
다사574496,37.54520052,127.0183221,363,옥수,404.57
다사578496,37.5452189,127.02285,357,옥수,629.6
다사596520,37.56693138,127.0430939,30,마장,97.43
다사569498,37.54697995,127.0126504,612,금호,311.31
다사585519,37.5659812,127.030644,158,상왕십리,226.66
다사607510,37.55796563,127.055603,129,신답,395.16
다사585508,37.5560666,127.0307062,609,행당,174.25
다사598500,37.54891354,127.0454681,121,뚝섬,257.98
다사576502,37.5506177,127.0205514,329,신금호,432.33
다사590523,37.56960888,127.0362832,186,마장,705.31
다사599491,37.54080591,127.0466492,156,서울숲역,363.81
다사610499,37.54806372,127.059058,0,성수,468.45
다사589518,37.56509779,127.0351788,132,왕십리,393.37
다사589524,37.57050575,127.0351452,201,마장,844.63
다사604486,37.53632084,127.0523358,186,성수,978.09
다사600488,37.53810625,127.0477975,332,서울숲역,678.18
다사579507,37.55513808,127.023919,369,신금호,317.86
다사599498,37.54711523,127.046611,52,뚝섬,71.07
다사614498,37.54717921,127.0635914,0,성수,728.3
다사574505,37.55331246,127.0182699,195,신금호,230.03
다사588521,37.56779731,127.0340297,72,상왕십리,583.74
다사604491,37.5408275,127.0523089,288,성수,532.47
다사598516,37.56333481,127.0453805,98,마장,373.13
다사581500,37.54883789,127.0262232,88,신금호,812.53
다사574500,37.54880583,127.0182989,224,금호,229.52
다사576501,37.54971637,127.0205572,411,금호,450.44
다사579504,37.55243409,127.0239362,174,신금호,387.28
다사604498,37.54713683,127.0522712,0,뚝섬,428.33
다사573493,37.54249191,127.0172075,109,옥수,93.66
다사592508,37.55609783,127.0386313,527,한양대,432.86
다사594525,37.57142923,127.0408016,0,마장,624.93
다사585515,37.56237589,127.0306666,244,상왕십리,284.63
다사580500,37.54883334,127.0250912,244,신금호,753.92
다사605489,37.53902912,127.0534516,216,성수,661.36
다사595498,37.54709776,127.0420829,115,서울숲역,443.62
다사611513,37.56068659,127.0601159,0,신답,343.35
다사606518,37.56517201,127.0544279,43,답십리,241.64
다사578499,37.54792289,127.0228328,78,금호,622.52
다사567494,37.54336527,127.0104099,156,옥수,636.87
다사590506,37.55428631,127.0363781,998,한양대,677.96
다사619504,37.55260799,127.0692204,371,성수,1466.03
다사607498,37.54714966,127.0556672,237,성수,281.77
다사585503,37.55155996,127.0307344,374,행당,647.41
다사587514,37.56148354,127.0329367,244,왕십리,229.24
다사607495,37.54444566,127.0556833,0,성수,33.31
다사579503,37.55153277,127.0239419,274,신금호,454.4
다사618503,37.55170253,127.0680935,268,성수,1326.17
다사607504,37.55255765,127.0556351,0,성수,882.27
다사584501,37.5497528,127.0296137,185,행당,838.96
다사602497,37.54622689,127.0500125,58,뚝섬,252.49
다사610485,37.53544505,127.0591323,174,성수,1058.18
다사583507,37.55515625,127.0284476,650,행당,254.91
다사584522,37.56868067,127.0294947,561,상왕십리,467.66
다사581498,37.54703523,127.0262346,360,금호,931.4
다사616499,37.54808889,127.0658503,7,성수,951.24
다사583519,37.56597217,127.0283794,528,상왕십리,168.93
다사573500,37.5488012,127.0171668,243,금호,135.43
다사583511,37.55876156,127.0284248,582,행당,187.63
다사576497,37.54611106,127.0205803,556,금호,486.11
다사593514,37.56151022,127.0397302,463,왕십리,223.31
다사619513,37.56071999,127.0691737,0,신답,1133.59
다사573508,37.55601182,127.0171203,,신금호,334.44
다사604521,37.56786742,127.0521471,,답십리,123.59
다사584496,37.54524615,127.029642,,옥수,1158.92
다사597504,37.5525145,127.0443141,,한양대,457.67
다사591508,37.5560934,127.0374991,,한양대,532.09
다사587492,37.54165431,127.0330605,,서울숲역,1049.81
다사606519,37.56607334,127.0544225,,답십리,176.82
다사616508,37.55620088,127.0658032,,신답,1018.78
다사586497,37.54615648,127.0319004,,서울숲역,1160.5
다사600505,37.55342889,127.0477049,,한양대,509.81
다사580491,37.54072138,127.0251426,,옥수,698.92
다사578492,37.54161359,127.022873,,옥수,491.11
다사602482,37.5327069,127.0500938,,서울숲역,1310.43
다사611507,37.5552786,127.0601477,,신답,765.6
다사588491,37.54075745,127.034198,,서울숲역,980.57
다사607509,37.5570643,127.0556084,,신답,494.21
다사613510,37.55799101,127.0623962,,신답,658.69
다사606481,37.53182272,127.0546264,,성수,1428.9
다사597495,37.54440252,127.0443634,,서울숲역,84.79
다사600494,37.54351425,127.0477648,,서울숲역,271.84
다사573488,37.53798527,127.0172366,,옥수,407.87
다사590500,37.54887833,127.0364116,,서울숲역,930.6
다사618508,37.55620919,127.0680675,,신답,1187.17
다사589490,37.53986058,127.0353355,,서울숲역,927.86
다사610515,37.56248502,127.058973,,신답,257.44
다사581525,37.57137105,127.0260805,,상왕십리,802.24
다사602521,37.56785881,127.0498824,,답십리,270.08
다사605503,37.55164777,127.0533763,,뚝섬,723.31
다사585489,37.53894135,127.0308135,,옥수,1228.78
다사595522,37.56872965,127.0419505,,마장,308.29
다사605507,37.5552531,127.0533548,,신답,739.93
다사599521,37.56784581,127.0464854,,마장,371.3
다사592487,37.5371699,127.0387479,,서울숲역,893.99
다사595521,37.56782832,127.041956,,마장,213.62
다사612488,37.53815748,127.0613802,,성수,862.62
다사601520,37.56695316,127.0487555,,답십리,344.39
다사616505,37.55349689,127.0658189,,신답,1217.78
다사578488,37.53800827,127.022896,,옥수,638.3
다사599508,37.55612854,127.0465564,,한양대,273.71
다사585496,37.54525066,127.030774,,서울숲역,1239.1
다사594493,37.54258671,127.0409785,,서울숲역,349.19
다사617506,37.55440238,127.0669458,,신답,1220.78
다사598509,37.55702551,127.0454188,,한양대,175.91
다사593504,37.55249693,127.0397856,,한양대,559.98
다사616509,37.55710222,127.065798,,신답,964.23
다사611496,37.54536394,127.0602059,,성수,381.19
다사574486,37.53618723,127.0183801,,옥수,615.14
다사599525,37.57145112,127.0464635,,마장,675.31
다사583498,37.5470443,127.0284987,,신금호,1094.25
다사587498,37.54706229,127.0330267,,서울숲역,1094.62
다사592514,37.5615058,127.038598,,왕십리,128.41
다사590498,37.54707567,127.0364228,,서울숲역,820.52
다사609512,37.5597768,127.0578567,,신답,230.5
다사566496,37.54516323,127.0092662,,금호,670.49
다사603521,37.56786312,127.0510148,,답십리,184.79
다사581518,37.56506178,127.0261205,,상왕십리,250.32
다사613508,37.55618834,127.0624067,,신답,793.81
다사594507,37.55520533,127.0409011,,한양대,275.7
다사580495,37.5443267,127.0251198,,옥수,750.57
다사586496,37.54525515,127.031906,,서울숲역,1140.45
다사573504,37.55240651,127.0171436,,신금호,370.07
다사595494,37.54349243,127.042105,,서울숲역,228.82
다사604508,37.55615014,127.0522172,,용답,681.27
다사577490,37.53980635,127.0217526,,옥수,442.8
다사613507,37.55528701,127.062412,,신답,870.86
다사578491,37.54071226,127.0228788,,옥수,502.61
다사576488,37.5379991,127.0206322,,옥수,501.24
다사606509,37.55706004,127.0544762,,신답,517.38
다사583506,37.55425492,127.0284532,,행당,350.21
다사602514,37.56154951,127.0499204,,용답,108.24
다사567496,37.54516793,127.0103981,,금호,586.9
다사581492,37.54162726,127.0262688,,옥수,790.5
다사595527,37.57323629,127.0419229,,마장,802.14
다사592526,37.57232173,127.0385312,,마장,795.96
다사580487,37.53711606,127.0251655,,옥수,857.37
다사590497,37.54617434,127.0364284,,서울숲역,779.11
다사597512,37.55972513,127.0442701,,한양대,356.18
다사611515,37.56248925,127.0601053,,신답,350.04
다사575487,37.53709317,127.0195061,,옥수,542.97
다사574491,37.54069388,127.0183511,,옥수,141.12
다사588501,37.54977075,127.0341419,,행당,932.26
다사589492,37.54166324,127.0353244,,서울숲역,855.7
다사573489,37.5388866,127.0172308,,옥수,307.68
다사609507,37.55527014,127.0578834,,신답,702.55
다사574485,37.5352859,127.0183859,,옥수,714.4
다사585486,37.53623735,127.0308305,,옥수,1336.13
다사606512,37.55976403,127.0544601,,신답,252.34
다사575484,37.53438918,127.0195235,,옥수,831.09
다사594492,37.54168538,127.0409841,,서울숲역,395.14
다사612515,37.56249346,127.0612375,,신답,445.75
다사590494,37.54347035,127.0364451,,서울숲역,727.22
다사600523,37.56965281,127.0476068,,답십리,544.67
다사581487,37.53712061,127.0262974,,옥수,939.63
다사606510,37.55796137,127.0544708,,신답,423.78
다사595495,37.54439376,127.0420995,,서울숲역,241.52
다사584500,37.54885147,127.0296194,,행당,939.18
다사583494,37.54343898,127.0285214,,옥수,1008.83
다사593496,37.54528629,127.03983,,서울숲역,463.92
다사604507,37.55524881,127.0522226,,용답,780.19
다사594527,37.57323189,127.0407905,,마장,818.64
다사573484,37.53437995,127.0172598,,옥수,808.74
다사615512,37.55980204,127.0646501,,신답,754.93
다사606477,37.52821739,127.0546478,,성수,1828.57
다사581496,37.54523258,127.026246,,옥수,883.24
다사611505,37.55347594,127.0601583,,신답,950.24
다사592498,37.54708454,127.0386869,,서울숲역,650.31
다사587489,37.53895032,127.0330773,,서울숲역,1151.22
다사602505,37.55343754,127.0499692,,한양대,668.51
다사597526,37.57234373,127.0441933,,마장,707
다사606495,37.54444139,127.0545513,,성수,127.92
다사576494,37.54340708,127.0205976,,옥수,349.88
다사577486,37.53620103,127.0217756,,옥수,723.21
다사581489,37.53892327,127.0262859,,옥수,848.19
다사594495,37.54438937,127.0409675,,서울숲역,337.32
다사600507,37.55523155,127.047694,,한양대,398.63
다사604481,37.53181417,127.0523628,,성수,1460.15
다사613501,37.54987902,127.0624436,,성수,815.68
다사595489,37.53898578,127.0421325,,서울숲역,569.07
다사569489,37.538868,127.0127032,,옥수,510.27
다사602512,37.55974685,127.0499312,,용답,282.65
다사606483,37.53362539,127.0546156,,성수,1229.36
다사591493,37.54257346,127.0375827,,서울숲역,638.61
다사602508,37.55614153,127.0499529,,한양대,570.56
다사592525,37.5714204,127.0385368,,마장,709.78
다사611484,37.53454794,127.0602695,,성수,1182.86
다사610504,37.55257038,127.0590315,,성수,923.14
다사567497,37.54606926,127.0103923,,금호,534.66
다사593527,37.57322748,127.0396581,,마장,846.66
다사612486,37.53635481,127.0613907,,성수,1036.15
다사580497,37.54612936,127.0251083,,옥수,849.3
다사593494,37.54348363,127.039841,,서울숲역,428.01
다사570502,37.55058992,127.013759,,금호,313.85
다사587524,37.57049681,127.0328805,,상왕십리,754.23
다사589496,37.54526856,127.035302,,서울숲역,846.12
다사583490,37.53983366,127.0285441,,옥수,1011.55
다사587495,37.5443583,127.0330436,,서울숲역,1029.44
다사583487,37.53712967,127.0285611,,옥수,1112.79
다사571492,37.54158131,127.0149495,,옥수,207.66
다사606507,37.55525738,127.0544869,,신답,710.02
다사599483,37.53359525,127.0466929,,서울숲역,1135.76
다사590514,37.56149693,127.0363335,,왕십리,82.13
다사597525,37.5714424,127.0441988,,마장,608.34
다사596491,37.54079282,127.0432534,,서울숲역,345.61
다사607503,37.55165632,127.0556405,,성수,782.1
다사568489,37.53886333,127.0115713,,옥수,592.97
다사571503,37.5514959,127.0148852,,금호,367.48
다사608513,37.56067388,127.0567192,,신답,94.38
다사601506,37.55433455,127.0488316,,한양대,531.88
다사611495,37.54446261,127.0602112,,성수,373.23
다사592489,37.53897256,127.0387368,,서울숲역,741.61
다사566490,37.53975527,127.0093016,,옥수,736.36
다사586486,37.53624185,127.0319623,,서울숲역,1394.32
다사589511,37.5587885,127.035218,,왕십리,264.8
다사580515,37.56235325,127.0250054,,상왕십리,416.35
다사601509,37.55703854,127.0488153,,한양대,470.96
다사582495,37.54433578,127.0273837,,옥수,937.5
다사597506,37.55431716,127.0443031,,한양대,261.29
다사585499,37.54795464,127.0307571,,행당,1044.89
다사607506,37.55436031,127.0556244,,신답,793.13
다사593501,37.54979295,127.0398023,,뚝섬,731.16
다사577509,37.55693158,127.0216432,,신금호,291.23
다사608503,37.55166057,127.0567726,,성수,785.08
다사603503,37.55163919,127.0511121,,뚝섬,593.47
다사622508,37.55622567,127.0725962,,신답,1546.4
다사597507,37.55521849,127.0442976,,한양대,166.77
다사594501,37.54979735,127.0409343,,뚝섬,641.03
다사589487,37.53715659,127.0353523,,서울숲역,1097.56
다사621513,37.56072823,127.0714382,,신답,1332.68
다사583496,37.54524164,127.02851,,옥수,1065.61
다사566498,37.54696588,127.0092543,,금호,593.7
다사594503,37.55160001,127.0409233,,한양대,598.66
다사615509,37.55709805,127.0646658,,신답,879.71
다사596526,37.57233935,127.0430609,,마장,697.67
다사603493,37.54262587,127.0511661,,성수,479.5
다사610502,37.55076772,127.0590421,,성수,734.04
다사603483,37.53361254,127.0512202,,서울숲역,1259.38
다사610507,37.55527438,127.0590155,,신답,727.94
다사596486,37.53628616,127.0432809,,서울숲역,832.03
다사614510,37.5579952,127.0635284,,신답,741.54
다사600510,37.55793554,127.0476777,,한양대,397.59
다사575485,37.53529051,127.0195177,,옥수,733.93
다사574490,37.53979255,127.0183569,,옥수,226.78
다사608494,37.54354858,127.0568206,,성수,140.92
다사608480,37.5309299,127.0568953,,성수,1525.28
다사614507,37.5552912,127.0635441,,신답,935.09
다사588496,37.5452641,127.03417,,서울숲역,943.88
다사588497,37.54616543,127.0341644,,서울숲역,968.01
다사600504,37.55252756,127.0477104,,한양대,583.56
다사603506,37.55434318,127.0510959,,한양대,713.96
다사593502,37.55069428,127.0397967,,한양대,731.52
다사614508,37.55619253,127.0635389,,신답,863.8
다사579490,37.5398155,127.0240164,,옥수,626.18
다사602481,37.53180556,127.0500992,,서울숲역,1404.43
다사618499,37.54809719,127.0681143,,성수,1136.96
다사620504,37.55261212,127.0703526,,성수,1546.93
다사604480,37.53091283,127.0523682,,성수,1558.01
다사616511,37.55890488,127.0657875,,신답,879.58
다사585493,37.54254667,127.0307909,,옥수,1193.33
다사598484,37.53449223,127.0455556,,서울숲역,1025.04
다사588502,37.55067208,127.0341363,,행당,843.21
다사596489,37.53899016,127.0432644,,서울숲역,536.94
다사615505,37.55349272,127.0646868,,신답,1152.01
다사611510,37.55798259,127.0601318,,신답,511.48
다사599504,37.55252322,127.0465783,,한양대,526.24
다사565495,37.54425719,127.0081401,,금호,808.25
다사583493,37.54253765,127.028527,,옥수,994.46
다사592513,37.56060448,127.0386035,,왕십리,192.34
다사592503,37.55159119,127.0386591,,한양대,700.1
다사614506,37.55438987,127.0635494,,신답,1011.32
다사616504,37.55259555,127.0658241,,성수,1240.01
다사593495,37.54438496,127.0398355,,서울숲역,434.93
다사575486,37.53619184,127.0195119,,옥수,637.72
다사595492,37.54168977,127.042116,,서울숲역,317.31
다사580492,37.54162271,127.0251369,,옥수,690.7
다사613509,37.55708968,127.0624014,,신답,722.46
다사592493,37.54257789,127.0387146,,서울숲역,540.93
다사617508,37.55620504,127.0669354,,신답,1101.68
다사610503,37.55166905,127.0590368,,성수,827.92
다사593487,37.53717431,127.0398798,,서울숲역,838.99
다사604496,37.54533416,127.0522819,,성수,335.62
다사579487,37.53711151,127.0240336,,옥수,779.22
다사601518,37.5651505,127.0487664,,용답,378.04
다사583491,37.54073499,127.0285384,,옥수,995.85
다사582489,37.53892781,127.0274178,,옥수,941.89
다사589489,37.53895925,127.0353411,,서울숲역,977.45
다사613498,37.54717502,127.0624594,,성수,637.36
다사572488,37.53798064,127.0161047,,옥수,421.79
다사601510,37.55793987,127.0488099,,한양대,491.55
다사586495,37.54435382,127.0319116,,서울숲역,1128.97
다사610510,37.55797837,127.0589996,,신답,453.18
다사578513,37.56054146,127.0227523,,행당,694.29
다사577487,37.53710236,127.0217699,,옥수,641.22
다사598506,37.55432152,127.0454352,,한양대,303.39
다사598507,37.55522285,127.0454297,,한양대,227.13
다사605509,37.55705576,127.053344,,신답,557.71
다사618509,37.55711052,127.0680623,,신답,1140.7
다사620510,37.55802012,127.0703215,,신답,1290.07
다사582493,37.54253312,127.0273951,,옥수,895.16
다사608514,37.56157521,127.0567138,,신답,34.3
다사617498,37.54719171,127.0669875,,성수,1011.2
다사601507,37.55523588,127.0488262,,한양대,492.39
다사613489,37.53906302,127.0625068,,성수,844.84
다사604490,37.53992617,127.0523143,,성수,614.79
다사602483,37.53360823,127.0500883,,서울숲역,1217.43
다사603514,37.56155382,127.0510526,,용답,71.88
다사604505,37.55344615,127.0522334,,뚝섬,816.13
다사607512,37.55976829,127.0555923,,신답,200.6
다사596503,37.55160879,127.0431874,,한양대,553.48
다사579489,37.53891417,127.0240222,,옥수,666.12
다사594504,37.55250134,127.0409177,,한양대,507.61
다사602519,37.56605615,127.0498933,,답십리,258.7
다사612503,37.55167748,127.061301,,성수,913.37
다사609513,37.56067813,127.0578514,,신답,159.1
다사595526,37.57233496,127.0419284,,마장,702.54
다사572505,37.5533032,127.0160056,,신금호,410
다사585491,37.54074401,127.0308022,,옥수,1194.48
다사591489,37.53896813,127.0376049,,서울숲역,815.6
다사593490,37.53987831,127.0398632,,서울숲역,600.17
다사616510,37.55800355,127.0657927,,신답,917.42
다사611504,37.5525746,127.0601636,,성수,957.4
다사621511,37.55892556,127.0714485,,신답,1360.78
다사604511,37.55885413,127.0522011,,용답,388.49
다사603510,37.5579485,127.0510743,,용답,471.03
다사592501,37.54978853,127.0386702,,뚝섬,823.53
다사584490,37.53983817,127.029676,,옥수,1109.42
다사599522,37.56874714,127.0464799,,마장,432.75
다사594487,37.53717872,127.0410117,,서울숲역,792.79
다사608507,37.5552659,127.0567512,,신답,690.78
다사572504,37.55240188,127.0160115,,신금호,452.22
다사613512,37.55979367,127.0623856,,신답,563.88
다사581490,37.5398246,127.0262802,,옥수,817.2
다사578489,37.5389096,127.0228903,,옥수,579.43
다사585497,37.54615198,127.0307684,,행당,1244.45
다사593505,37.55339826,127.0397801,,한양대,482.63
다사595510,37.55791371,127.0420167,,한양대,197.94
다사587493,37.54255564,127.0330549,,서울숲역,1033.39
다사582494,37.54343445,127.0273894,,옥수,911.08
다사614512,37.55979786,127.0635178,,신답,658.77
다사606511,37.5588627,127.0544655,,신답,334.05
다사604510,37.5579528,127.0522064,,용답,485.01
다사608481,37.53183124,127.0568899,,성수,1425.18
다사599486,37.53629925,127.0466765,,서울숲역,839.75
다사612501,37.54987482,127.0613115,,성수,749.04
다사617505,37.55350104,127.066951,,신답,1287.92
다사597488,37.5380932,127.0444018,,서울숲역,622.3
다사595503,37.55160441,127.0420554,,한양대,567.81
다사608479,37.53002857,127.0569006,,성수,1625.4
다사601508,37.55613721,127.0488207,,한양대,471.25
다사615502,37.55078872,127.0647025,,성수,1029.66
다사595488,37.53808444,127.0421381,,서울숲역,662.12
다사603507,37.55524451,127.0510905,,한양대,685.04
다사607518,37.56517627,127.0555602,,답십리,315.09
다사587488,37.53804899,127.033083,,서울숲역,1199.94
다사579494,37.54342081,127.0239935,,옥수,621.77
다사601494,37.54351858,127.0488968,,서울숲역,371.44
다사608502,37.55075924,127.0567779,,성수,685.36
다사610492,37.54175439,127.0590952,,성수,421.18
다사603511,37.55884983,127.0510688,,용답,370.89
다사591526,37.5723173,127.0373988,,마장,848.56
다사596511,37.55881943,127.0431434,,한양대,251.03
다사616512,37.55980621,127.0657823,,신답,851.92
다사599509,37.55702987,127.046551,,한양대,273.21
다사596501,37.54980613,127.0431985,,뚝섬,472.57
다사609495,37.54445416,127.0579473,,성수,174.26
다사595505,37.55340707,127.0420443,,한양대,375.55
다사592496,37.54528188,127.038698,,서울숲역,557.24
다사591501,37.5497841,127.0375381,,뚝섬,917.46
다사615503,37.55169005,127.0646972,,성수,1098.56
다사611498,37.54716661,127.0601953,,성수,466.47
다사598510,37.55792684,127.0454133,,한양대,225.29
다사583488,37.538031,127.0285554,,옥수,1070.75
다사584506,37.55425944,127.0295854,,행당,337.88
다사569501,37.54968393,127.0126328,,금호,319.34
다사617512,37.55981037,127.0669145,,신답,949.49
다사617497,37.54629038,127.0669927,,성수,988.09
다사605491,37.54083179,127.0534408,,성수,477.94
다사615514,37.5616047,127.0646396,,신답,731.01
다사586490,37.53984717,127.0319398,,서울숲역,1202.35
다사598485,37.53539356,127.0455501,,서울숲역,925.09
다사574488,37.53798989,127.0183685,,옥수,418.01
다사614511,37.55889653,127.0635231,,신답,694.18
다사608517,37.5642792,127.0566978,,신답,313.89
다사596484,37.5344835,127.0432919,,서울숲역,1030.55
다사600509,37.55703421,127.0476831,,한양대,371.83
다사585488,37.53804002,127.0308192,,옥수,1257.62
다사588500,37.54886942,127.0341475,,행당,1023.39
다사598504,37.55251886,127.0454462,,한양대,482.94
다사600482,37.53269825,127.0478301,,서울숲역,1252.67
다사568496,37.54517262,127.0115301,,금호,509.17
다사612507,37.55528281,127.0612798,,신답,813.82
다사598505,37.55342019,127.0454407,,한양대,390.64
다사606503,37.55165205,127.0545084,,성수,791.78
다사614504,37.55258721,127.0635599,,성수,1108.81
다사590486,37.5362597,127.0364898,,서울숲역,1097.42
다사586493,37.54255116,127.0319229,,서울숲역,1132.57
다사613504,37.55258302,127.0624278,,성수,1051.31
다사593485,37.53537165,127.0398909,,서울숲역,1016.61
다사567489,37.53885864,127.0104394,,옥수,680.27
다사616495,37.54448355,127.0658712,,성수,871.93
다사592488,37.53807123,127.0387424,,서울숲역,815.2
다사595487,37.53718311,127.0421436,,서울숲역,757.01
다사599485,37.53539791,127.046682,,서울숲역,938.09
다사596502,37.55070746,127.043193,,뚝섬,540.61
다사588498,37.54706676,127.0341588,,서울숲역,1001.64
다사608510,37.55796989,127.0567352,,신답,390.69
다사614497,37.54627788,127.0635967,,성수,695.87
다사612509,37.55708547,127.0612693,,신답,652.59
다사591490,37.53986947,127.0375994,,서울숲역,755.46
다사582525,37.57137559,127.0272129,,상왕십리,777.95
다사583489,37.53893233,127.0285497,,옥수,1036.73
다사591497,37.54617878,127.0375604,,서울숲역,686.94
다사585506,37.55426394,127.0307175,,행당,354.41
다사591498,37.54708011,127.0375548,,서울숲역,733.57
다사609503,37.55166482,127.0579047,,성수,800.59
다사590489,37.5389637,127.036473,,서울숲역,894.62
다사612508,37.55618414,127.0612745,,신답,730.78
다사603519,37.56606047,127.0510256,,답십리,167.72
다사606484,37.53452673,127.0546103,,성수,1129.71
다사601511,37.5588412,127.0488044,,용답,413.02
다사597524,37.57054107,127.0442042,,마장,510.3
다사605505,37.55345044,127.0533655,,뚝섬,872.65
다사591486,37.53626414,127.0376216,,서울숲역,1034.01
다사611494,37.54356128,127.0602165,,성수,391.64
다사610501,37.54986638,127.0590474,,성수,642.08
다사594485,37.53537605,127.0410227,,서울숲역,978.83
다사617507,37.55530371,127.0669406,,신답,1158.43
다사612502,37.55077615,127.0613062,,성수,829.22
다사587509,37.55697691,127.0329649,,행당,309.07
다사567495,37.5442666,127.010404,,금호,650.48
다사604484,37.53451817,127.0523466,,성수,1168.99
다사595506,37.5543084,127.0420388,,한양대,283.7
다사594496,37.5452907,127.040962,,서울숲역,373.96
다사580488,37.53801739,127.0251598,,옥수,802.06
다사604506,37.55434748,127.052228,,한양대,808.11
다사596525,37.57143802,127.0430664,,마장,597.48
다사576486,37.53619644,127.0206438,,옥수,674.46
다사599506,37.55432588,127.0465673,,한양대,368.43
다사590490,37.53986503,127.0364675,,서울숲역,840.15
다사615504,37.55259139,127.064692,,성수,1172
다사569492,37.54157198,127.0126856,,옥수,407.21
다사584498,37.54704881,127.0296307,,행당,1139.62
다사609508,37.55617147,127.057878,,신답,604.41
다사583486,37.53622834,127.0285668,,옥수,1161.97
다사603491,37.5408232,127.051177,,성수,598.78
다사606478,37.52911872,127.0546424,,성수,1728.6
다사588487,37.53715213,127.0342205,,서울숲역,1174.57
다사580496,37.54522803,127.025114,,옥수,795.16
다사609482,37.53273682,127.0580164,,성수,1334.34
다사582487,37.53712515,127.0274292,,옥수,1025
다사608516,37.56337787,127.0567032,,신답,214.44
다사601524,37.57055847,127.0487338,,답십리,539.77
다사592502,37.55068986,127.0386646,,한양대,781.64
다사611511,37.55888392,127.0601265,,신답,440.02
다사595490,37.53988711,127.042127,,서울숲역,478.92
다사597505,37.55341583,127.0443086,,한양대,358.92
다사584487,37.53713418,127.029693,,옥수,1202.45
다사581493,37.54252859,127.0262631,,옥수,795.96
다사587510,37.55787823,127.0329593,,행당,313.26
다사574495,37.54429919,127.0183279,,옥수,307.81
다사621507,37.55532023,127.0714692,,신답,1498.08
다사585498,37.54705331,127.0307627,,행당,1144.63
다사612512,37.55978947,127.0612534,,신답,471.04
다사595507,37.55520973,127.0420333,,한양대,200.06
다사579488,37.53801284,127.0240279,,옥수,717.92
다사604504,37.55254482,127.0522388,,뚝섬,732.7
다사607501,37.54985365,127.0556512,,성수,581.8
다사612505,37.55348015,127.0612904,,신답,989.5
다사594520,37.5669226,127.0408292,,마장,207.52
다사593507,37.55520092,127.039769,,한양대,363.2
다사621512,37.5598269,127.0714434,,신답,1343.07
다사611509,37.55708126,127.0601371,,신답,591.36
다사573507,37.55511049,127.0171261,,신금호,296.63
다사589488,37.53805792,127.0353467,,서울숲역,1034.4
다사566495,37.5442619,127.0092721,,금호,726.79
다사583524,37.5704788,127.028351,,상왕십리,665.95
다사574509,37.55691777,127.0182467,,신금호,328.89
다사603512,37.55975116,127.0510634,,용답,270.81
다사597486,37.53629054,127.0444128,,서울숲역,822.59
다사601519,37.56605183,127.048761,,답십리,354.46
다사600506,37.55433022,127.0476995,,한양대,446.5
다사602506,37.55433887,127.0499637,,한양대,621.57
다사615498,37.54718339,127.0647235,,성수,821.3
다사577494,37.54341167,127.0217296,,옥수,436.53
다사599523,37.56964847,127.0464745,,마장,506.73
다사588503,37.55157341,127.0341307,,행당,756.95
다사589501,37.54977521,127.035274,,행당,979.92
다사611512,37.55978526,127.0601212,,신답,381.72
다사614491,37.54086987,127.0636282,,성수,793.08
다사565497,37.54605985,127.0081282,,금호,718.34
다사592494,37.54347922,127.0387091,,서울숲역,527.72
다사590495,37.54437168,127.0364396,,서울숲역,731.3
다사605482,37.53271979,127.0534892,,성수,1342.26
다사608515,37.56247654,127.0567085,,신답,116.35
다사577492,37.54160901,127.0217411,,옥수,391.33
다사610512,37.55978103,127.058989,,신답,299.1
다사579526,37.57226327,127.02381,,상왕십리,971.32
다사623510,37.55803243,127.0737181,,신답,1578.1
다사599507,37.55522721,127.0465619,,한양대,308.69
다사600483,37.53359959,127.0478247,,서울숲역,1155.02
다사592527,37.57322306,127.0385257,,마장,885.1
다사584489,37.53893684,127.0296816,,옥수,1132.43
다사602511,37.55884552,127.0499366,,용답,379.62
다사582486,37.53622381,127.0274349,,옥수,1078.2
다사609481,37.53183548,127.0580217,,성수,1433.78
다사607477,37.52822165,127.0557795,,성수,1824.39
다사613506,37.55438568,127.0624172,,신답,952.23
다사586492,37.54164983,127.0319285,,서울숲역,1147.58
다사599503,37.55162188,127.0465837,,뚝섬,499.3
다사573485,37.53528128,127.017254,,옥수,708.52
다사610500,37.54896505,127.0590527,,성수,553
다사591492,37.54167213,127.0375882,,서울숲역,664.86
다사607511,37.55886696,127.0555977,,신답,296.9
다사617510,37.55800771,127.0669249,,신답,1008.68
다사584499,37.54795014,127.029625,,행당,1039.4
다사592486,37.53626857,127.0387535,,서울숲역,976.71
다사593486,37.53627298,127.0398854,,서울숲역,926.63
다사582491,37.54073047,127.0274065,,옥수,896.69
다사597485,37.5353892,127.0444183,,서울숲역,922.76
다사623512,37.55983509,127.0737078,,신답,1540.94
다사607505,37.55345898,127.0556298,,신답,893.03
다사607481,37.53182699,127.0557582,,성수,1423.55
다사580494,37.54342537,127.0251255,,옥수,717.29
다사602510,37.55794419,127.0499421,,용답,477.93
다사582520,37.56686897,127.0272414,,상왕십리,299.68
다사616514,37.56160887,127.0657718,,신답,830.8
다사609516,37.56338212,127.0578354,,신답,249.79
다사605481,37.53181845,127.0534946,,성수,1441.16
다사597511,37.55882381,127.0442756,,한양대,258.6
다사582497,37.54613844,127.0273723,,옥수,1018.27
다사589491,37.54076191,127.03533,,서울숲역,886.86
다사596487,37.5371875,127.0432754,,서울숲역,733.16
다사609501,37.54986215,127.0579153,,성수,606.43
다사593492,37.54168097,127.0398521,,서울숲역,481.16
다사586488,37.53804451,127.0319511,,서울숲역,1286.35
다사610493,37.54265572,127.0590899,,성수,350.9
다사585487,37.53713868,127.0308248,,옥수,1293.59
다사610484,37.53454372,127.0591376,,성수,1155.3
다사616507,37.55529955,127.0658084,,신답,1079.9
다사580525,37.5713665,127.0249481,,상왕십리,837.79
다사592490,37.53987389,127.0387313,,서울숲역,674.91
다사614493,37.54267254,127.0636177,,성수,707.36
다사603513,37.56065249,127.051058,,용답,170.9
다사584497,37.54614748,127.0296363,,옥수,1196.71
다사605490,37.53993045,127.0534462,,성수,568.21
다사602515,37.56245084,127.049915,,용답,88.12
다사603504,37.55254052,127.0511067,,뚝섬,679.21
다사609509,37.5570728,127.0578727,,신답,507.08
다사574484,37.53438457,127.0183917,,옥수,813.89
다사605495,37.54443712,127.0534193,,성수,227.02
다사582490,37.53982914,127.0274122,,옥수,914.1
다사600486,37.53630359,127.0478084,,서울숲역,865.63
다사595514,37.56151903,127.0419947,,왕십리,419.99
다사603508,37.55614584,127.0510851,,한양대,670.02
다사581517,37.56416045,127.0261262,,상왕십리,245.01
다사595502,37.55070308,127.0420609,,뚝섬,613.27
다사602520,37.56695748,127.0498878,,답십리,244.73
다사592512,37.55970315,127.0386091,,왕십리,278.55
다사583492,37.54163632,127.0285327,,옥수,990.1
다사585492,37.54164534,127.0307966,,옥수,1189.7
다사610511,37.5588797,127.0589943,,신답,370.64
다사596524,37.57053669,127.0430719,,마장,497.3
다사601504,37.55253189,127.0488425,,뚝섬,608.3
다사620513,37.56072411,127.070306,,신답,1233.12
다사612504,37.55257882,127.0612957,,성수,1000.49
다사582496,37.54523711,127.027378,,옥수,973.58
다사593503,37.55159561,127.0397912,,한양대,643.66
다사576489,37.53890043,127.0206265,,옥수,423.73
다사601505,37.55343322,127.048837,,한양대,586.04
다사599511,37.55883252,127.04654,,한양대,366.54
다사601523,37.56965715,127.0487392,,답십리,466.94
다사599484,37.53449658,127.0466874,,서울숲역,1036.79
다사583495,37.54434031,127.0285157,,옥수,1032.75
다사582488,37.53802648,127.0274235,,옥수,979.21
다사586489,37.53894584,127.0319454,,서울숲역,1241.02
다사602516,37.56335217,127.0499095,,용답,154.61
다사603496,37.54532987,127.0511499,,뚝섬,388.41
다사588512,37.55968536,127.0340802,,왕십리,206.45
다사603505,37.55344185,127.0511013,,한양대,755.17
다사614496,37.54537654,127.0636019,,성수,676.85
다사586494,37.54345249,127.0319173,,서울숲역,1126.32
다사597496,37.54530385,127.0443579,,서울숲역,182.36
다사602503,37.55163488,127.04998,,뚝섬,544.6
다사593488,37.53807565,127.0398743,,서울숲역,754.48
다사596510,37.5579181,127.0431489,,한양대,152.05
다사609511,37.55887547,127.0578621,,신답,317.87
다사587490,37.53985165,127.0330717,,서울숲역,1109.42
다사566499,37.54786721,127.0092484,,금호,578
다사596494,37.54349682,127.043237,,서울숲역,129.71
다사578493,37.54251492,127.0228673,,옥수,499.86
다사595504,37.55250574,127.0420498,,한양대,470.82
다사589497,37.54616989,127.0352964,,서울숲역,872.97
다사592509,37.55699916,127.0386257,,한양대,432.54
다사593526,37.57232615,127.0396636,,마장,752.98
다사587491,37.54075298,127.0330661,,서울숲역,1075.37
다사602509,37.55704286,127.0499475,,한양대,570.32
다사607480,37.53092565,127.0557635,,성수,1523.75
다사592504,37.55249252,127.0386535,,한양대,624.02
다사602522,37.56876014,127.049877,,답십리,325.71
다사579492,37.54161816,127.024005,,옥수,590.91
다사594526,37.57233056,127.040796,,마장,721.33
다사599505,37.55342455,127.0465728,,한양대,443.05
다사586491,37.5407485,127.0319342,,서울숲역,1171
다사594486,37.53627739,127.0410172,,서울숲역,885.03
다사619509,37.55711466,127.0691945,,신답,1231.59
다사605520,37.56697039,127.0532848,,답십리,57.15
다사584493,37.54254216,127.029659,,옥수,1093.87
다사589526,37.5723084,127.035134,,마장,976.13
다사607478,37.52912298,127.0557742,,성수,1724.18
다사593497,37.54618763,127.0398244,,서울숲역,511.25
다사604502,37.55074215,127.0522496,,뚝섬,581.98
다사600484,37.53450092,127.0478193,,서울숲역,1057.86
다사578486,37.53620561,127.0229075,,옥수,781.72
다사592505,37.55339385,127.038648,,한양대,555.66
다사580489,37.53891872,127.0251541,,옥수,756.05
다사590493,37.54256902,127.0364507,,서울숲역,736.86
다사613495,37.54447102,127.0624752,,성수,572.65
다사608505,37.55346323,127.0567619,,신답,891.06
다사606505,37.55345471,127.0544977,,신답,906.06
다사588494,37.54346144,127.0341812,,서울숲역,926.76
다사623511,37.55893376,127.073713,,신답,1556.41
다사598523,37.56964411,127.0453421,,마장,451.48
다사596485,37.53538483,127.0432864,,서울숲역,931.19
다사610506,37.55437304,127.0590208,,신답,823.57
다사604479,37.5300115,127.0523735,,성수,1656.15
다사617509,37.55710637,127.0669301,,신답,1051.43
다사615510,37.55799938,127.0646605,,신답,828.13
다사590501,37.54977966,127.0364061,,한양대,981.48
다사588489,37.53895479,127.0342092,,서울숲역,1063.2
다사607507,37.55526164,127.0556191,,신답,693.32
다사588525,37.57140261,127.0340072,,상왕십리,890.66
다사567499,37.54787191,127.0103805,,금호,478.5
다사600522,37.56875148,127.0476123,,답십리,493.39
다사601521,37.56785449,127.0487501,,답십리,362.84
다사589502,37.55067654,127.0352684,,행당,895.61
다사581488,37.53802194,127.0262917,,옥수,889.45
다사595491,37.54078844,127.0421215,,서울숲역,393.68
다사597494,37.54350119,127.0443689,,서울숲역,34.85
다사577493,37.54251034,127.0217353,,옥수,402.24
다사597509,37.55702115,127.0442866,,한양대,84.65
다사598486,37.5362949,127.0455447,,서울숲역,825.2
다사615511,37.55890071,127.0646553,,신답,786.01
다사593489,37.53897698,127.0398687,,서울숲역,674.3
다사592500,37.5488872,127.0386757,,서울숲역,784.65
다사616497,37.54628622,127.0658607,,성수,890.16
다사604482,37.5327155,127.0523574,,성수,1362.64
다사612506,37.55438148,127.0612851,,신답,900.37
다사596506,37.55431278,127.0431709,,한양대,253.81
다사610508,37.55617571,127.0590102,,신답,633.75
다사582506,37.5542504,127.0273211,,행당,388.65
다사571504,37.55239723,127.0148794,,금호,465.93
다사610513,37.56068236,127.0589836,,신답,248.27
다사573506,37.55420916,127.0171319,,신금호,290.21
다사611503,37.55167327,127.0601689,,성수,865.96
다사608511,37.55887122,127.0567299,,신답,290.93
다사602523,37.56966147,127.0498716,,답십리,399.14
다사589495,37.54436723,127.0353076,,서울숲역,830.58
다사588499,37.54796809,127.0341532,,서울숲역,1043.84
다사583497,37.54614297,127.0285043,,옥수,1106.59
다사616506,37.55439822,127.0658137,,신답,1146.53
다사602498,37.54712822,127.0500071,,뚝섬,228.77
다사577497,37.54611565,127.0217123,,금호,574.8
다사608512,37.55977255,127.0567245,,신답,191.64
다사590502,37.55068099,127.0364005,,한양대,906.85
다사596488,37.53808883,127.0432699,,서울숲역,634.72
다사609510,37.55797414,127.0578674,,신답,411.15
다사570503,37.55149125,127.0137531,,금호,400.58
다사591496,37.54527745,127.037566,,서울숲역,652.48
다사576495,37.5443084,127.0205918,,옥수,413.84
다사566494,37.54336058,127.009278,,옥수,732.57
다사604483,37.53361683,127.052352,,성수,1265.55
다사584486,37.53623285,127.0296986,,옥수,1248.09
다사574487,37.53708856,127.0183743,,옥수,516.26
다사596505,37.55341145,127.0431764,,한양대,353.51
다사601517,37.56424917,127.0487718,,용답,294.28
다사601481,37.53180125,127.0489674,,서울숲역,1374.2
다사608482,37.53273257,127.0568846,,성수,1325.1
다사609494,37.54355282,127.0579526,,성수,210.83
다사576487,37.53709777,127.020638,,옥수,585.68
다사579493,37.54251948,127.0239992,,옥수,598.19
다사597499,37.54800785,127.0443415,,뚝섬,286
다사610496,37.54535972,127.0590739,,성수,284.39
다사581520,37.56686443,127.0261091,,상왕십리,358.04
다사608483,37.53363391,127.0568793,,성수,1225.04
다사613505,37.55348435,127.0624225,,신답,1036.92
다사604509,37.55705147,127.0522118,,용답,582.78
다사619508,37.55621333,127.0691997,,신답,1274.75
다사576492,37.54160442,127.0206092,,옥수,291.55
다사586498,37.54705781,127.0318947,,행당,1158.24
다사603484,37.53451387,127.0512148,,서울숲역,1170.91
다사588495,37.54436277,127.0341756,,서울숲역,929.97
다사575490,37.53979716,127.0194888,,옥수,282.36
다사606480,37.53092139,127.0546317,,성수,1528.76
다사573486,37.53618261,127.0172482,,옥수,608.3
다사596490,37.53989149,127.0432589,,서울숲역,440.26
다사591500,37.54888277,127.0375437,,서울숲역,854.91
다사608504,37.5525619,127.0567672,,성수,884.91
다사589493,37.54256457,127.0353188,,서울숲역,835.47
다사604503,37.55164349,127.0522442,,뚝섬,654.01
다사587496,37.54525963,127.033038,,서울숲역,1042.02
다사590492,37.54166769,127.0364563,,서울숲역,759.72
다사568500,37.54877792,127.0115066,,금호,381.4
다사587486,37.53624633,127.0330942,,서울숲역,1315.02
다사611502,37.55077194,127.0601742,,성수,776.7
다사596492,37.54169415,127.0432479,,서울숲역,255.24
다사576490,37.53980176,127.0206207,,옥수,357.69
다사574489,37.53889122,127.0183627,,옥수,320.99
다사584494,37.54344349,127.0296533,,옥수,1106.94
다사571502,37.55059458,127.0148911,,금호,270.33
다사592491,37.54077522,127.0387257,,서울숲역,617.35
다사585490,37.53984268,127.0308079,,옥수,1207.61
다사579491,37.54071683,127.0240107,,옥수,600.5
다사600485,37.53540225,127.0478138,,서울숲역,961.33
다사595486,37.53628178,127.0421491,,서울숲역,853.12
다사586499,37.54795914,127.0318891,,행당,1059.78
다사597510,37.55792248,127.0442811,,한양대,164.24
다사607502,37.55075498,127.0556458,,성수,681.94
다사601483,37.53360391,127.0489565,,서울숲역,1182.43
다사588511,37.55878403,127.0340858,,왕십리,292.22
다사606482,37.53272406,127.054621,,성수,1329.09
다사599524,37.57054979,127.046469,,마장,588.53
다사584492,37.54164083,127.0296647,,옥수,1089.9
다사578490,37.53981093,127.0228845,,옥수,533.04
다사598487,37.53719623,127.0455392,,서울숲역,725.4
다사603485,37.53541521,127.0512094,,서울숲역,1084.48
다사614501,37.54988321,127.0635757,,성수,888.56
다사613502,37.55078035,127.0624383,,성수,889.88
다사591502,37.55068543,127.0375326,,한양대,840.66
다사618507,37.55530786,127.0680727,,신답,1240.01
다사601485,37.53540658,127.0489457,,서울숲역,994.09
다사598524,37.57054544,127.0453366,,마장,541.68
다사606506,37.55435604,127.0544923,,신답,807.77
다사615493,37.54267672,127.0647497,,성수,802.8
다사591494,37.54347479,127.0375771,,서울숲역,627.46
다사614509,37.55709387,127.0635336,,신답,798.73
다사591487,37.53716547,127.0376161,,서울숲역,956.26
다사589498,37.54707122,127.0352908,,서울숲역,910.12
다사595485,37.53538045,127.0421546,,서울숲역,950.08
다사567498,37.54697058,127.0103864,,금호,497.36
다사577510,37.5578329,127.0216374,,신금호,385.82
다사605510,37.55795709,127.0533386,,신답,472.17
다사584488,37.53803551,127.0296873,,옥수,1163.66
다사589486,37.53625525,127.0353579,,서울숲역,1165.93
다사586487,37.53714318,127.0319567,,서울숲역,1337.67
다사595525,37.57143363,127.041934,,마장,603.16
다사612511,37.55888814,127.0612587,,신답,519.41
다사580493,37.54252404,127.0251312,,옥수,696.95
다사590491,37.54076636,127.0364619,,서울숲역,794.65
다사609483,37.53363815,127.0580111,,성수,1235.03
다사576493,37.54250575,127.0206034,,옥수,306.05
다사587487,37.53714766,127.0330886,,서울숲역,1254.8
다사622512,37.559831,127.0725756,,신답,1441.95
다사594502,37.55069868,127.0409288,,한양대,692.25
다사579525,37.57136194,127.0238157,,상왕십리,883.24
다사589494,37.5434659,127.0353132,,서울숲역,826.98
다사565496,37.54515852,127.0081342,,금호,758.01
다사591509,37.55699473,127.0374936,,왕십리,495.11
다사578487,37.53710694,127.0229017,,옥수,706.55
다사593506,37.55429959,127.0397745,,한양대,415.19
다사578505,37.55333085,127.0227983,,신금호,248.2
다사581494,37.54342992,127.0262574,,옥수,813.83
다사602485,37.5354109,127.0500775,,서울숲역,1035.47
다사608477,37.5282259,127.0569113,,성수,1825.67
다사611501,37.54987061,127.0601795,,성수,690.44
다사588492,37.54165878,127.0341924,,서울숲역,952.48
다사588488,37.53805346,127.0342148,,서울숲역,1115.78
다사584495,37.54434482,127.0296477,,옥수,1128.79
다사591491,37.5407708,127.0375938,,서울숲역,704.51
다사594490,37.53988271,127.0409951,,서울숲역,533.69
다사585494,37.543448,127.0307853,,옥수,1205.33
다사603481,37.53180987,127.051231,,서울숲역,1440.95
다사594488,37.53808005,127.0410062,,서울숲역,702.76
다사603522,37.56876445,127.0510093,,답십리,259.41
다사605504,37.5525491,127.0533709,,뚝섬,795.17
다사595493,37.5425911,127.0421105,,서울숲역,257.83
다사609504,37.55256615,127.0578993,,성수,898.7
다사597487,37.53719187,127.0444073,,서울숲역,722.43
다사590488,37.53806237,127.0364786,,서울숲역,956.51
다사592497,37.54618321,127.0386924,,서울숲역,597.22
다사601482,37.53270258,127.048962,,서울숲역,1277.99
다사610509,37.55707704,127.0590049,,신답,541.72
다사581486,37.53621928,127.0263031,,옥수,997.38
다사576496,37.54520973,127.0205861,,옥수,490.1
다사619511,37.55891732,127.0691841,,신답,1166.51
다사588490,37.53985612,127.0342036,,서울숲역,1017.8
다사611506,37.55437727,127.060153,,신답,857.03
다사575489,37.53889583,127.0194946,,옥수,362.4
다사613496,37.54537235,127.0624699,,성수,577.87
다사591514,37.56150137,127.0374657,,왕십리,55.06
다사612487,37.53725615,127.0613855,,성수,948.06
다사583499,37.54794562,127.028493,,신금호,1020.02
다사606504,37.55255338,127.054503,,뚝섬,864.68
다사584491,37.5407395,127.0296703,,옥수,1095.12
다사621506,37.5544189,127.0714743,,신답,1546.79
다사600521,37.56785016,127.0476177,,답십리,458.58
다사607508,37.55616297,127.0556137,,신답,593.65
다사588509,37.55698138,127.0340971,,행당,408.33
다사605480,37.53091712,127.0534999,,성수,1540.22
다사591503,37.55158676,127.037527,,한양대,765.43
다사620512,37.55982278,127.0703112,,신답,1244.34
다사580486,37.53621473,127.0251712,,옥수,920.3
다사576491,37.54070309,127.0206149,,옥수,310.52
다사599510,37.55793119,127.0465455,,한양대,307.33
다사593521,37.56781952,127.0396914,,마장,345.03
다사593493,37.5425823,127.0398466,,서울숲역,444.19
다사587497,37.54616096,127.0330324,,서울숲역,1063.93
다사598508,37.55612418,127.0454243,,한양대,176.7
다사608509,37.55706856,127.0567405,,신답,490.64
다사594521,37.56782393,127.0408237,,마장,269.03
다사594491,37.54078405,127.0409896,,서울숲역,458.73
다사581495,37.54433125,127.0262517,,옥수,843.31
다사610482,37.53274105,127.0591482,,성수,1350.91
다사576485,37.53529511,127.0206495,,옥수,766.07
다사605478,37.52911445,127.0535107,,성수,1738.75
다사579486,37.53621018,127.0240393,,옥수,847.97
다사615507,37.55529538,127.0646763,,신답,1005.15
다사609480,37.53093415,127.0580271,,성수,1533.32
다사613488,37.53816168,127.0625121,,성수,921.07
다사600508,37.55613288,127.0476886,,한양대,372.21
다사591495,37.54437612,127.0375715,,서울숲역,632.2
다사589500,37.54887388,127.0352796,,서울숲역,1010.48
다사580490,37.53982005,127.0251483,,옥수,721.11
다사603482,37.53271121,127.0512256,,서울숲역,1349.49
다사592492,37.54167655,127.0387202,,서울숲역,571.68
다사601484,37.53450525,127.0489511,,서울숲역,1087.72
다사607513,37.56066963,127.055587,,신답,111.44
다사605484,37.53452245,127.0534784,,성수,1145.18
다사609505,37.55346748,127.057894,,신답,900.21
다사619510,37.55801599,127.0691893,,신답,1195.3
다사595501,37.54980175,127.0420664,,뚝섬,554.22
다사593491,37.54077964,127.0398577,,서울숲역,534.61
다사611508,37.55617993,127.0601424,,신답,676.67
다사591488,37.5380668,127.0376105,,서울숲역,883.05
다사605508,37.55615443,127.0533494,,신답,647.47
다사588493,37.54256011,127.0341868,,서울숲역,934.35
다사571488,37.53797599,127.0149728,,옥수,457.58
다사575491,37.54069849,127.019483,,옥수,219.56
다사570489,37.53887267,127.0138351,,옥수,434.82
다사620511,37.55892145,127.0703163,,신답,1263.44
다사596493,37.54259549,127.0432424,,서울숲역,175.91
다사577489,37.53890502,127.0217584,,옥수,497.68
다사584524,37.57048332,127.0294833,,상왕십리,667.05
다사617514,37.56161303,127.0669041,,신답,930.59
다사612510,37.55798681,127.061264,,신답,581.19
다사581491,37.54072593,127.0262745,,옥수,797.69
다사585495,37.54434933,127.0307797,,옥수,1225.43
다사566497,37.54606456,127.0092602,,금호,625.28
다사611493,37.54265994,127.0602218,,성수,433.07
다사594506,37.554304,127.0409067,,한양대,341.28
다사573487,37.53708394,127.0172424,,옥수,508.08
다사590499,37.547977,127.0364172,,서울숲역,871.55
다사579518,37.56505267,127.0238559,,상왕십리,446.31
다사614502,37.55078454,127.0635704,,성수,957.12
다사593500,37.54889162,127.0398078,,뚝섬,696.96
다사610483,37.53364238,127.0591429,,성수,1252.92
다사602504,37.55253621,127.0499746,,뚝섬,636.96
다사582492,37.54163179,127.0274008,,옥수,890.3
다사605483,37.53362112,127.0534838,,성수,1243.59
다사608508,37.55616723,127.0567459,,신답,590.68
다사615506,37.55439405,127.0646815,,신답,1076.42
다사600524,37.57055414,127.0476014,,답십리,608.26
다사583505,37.55335359,127.0284589,,행당,447.67
다사577491,37.54070768,127.0217468,,옥수,405.66
다사597503,37.55161317,127.0443195,,한양대,556.95
다사592499,37.54798587,127.0386813,,서울숲역,713.61
다사577488,37.53800369,127.0217641,,옥수,565.13
다사590526,37.57231285,127.0362664,,마장,909.11
다사592495,37.54438055,127.0387035,,서울숲역,533.35
다사602507,37.5552402,127.0499583,,한양대,588.13
다사614503,37.55168587,127.0635652,,성수,1030.89
다사586524,37.57049232,127.0317481,,상왕십리,712.49
다사596504,37.55251012,127.0431819,,한양대,453.44
다사603480,37.53090854,127.0512364,,서울숲역,1533.49
다사602484,37.53450957,127.0500829,,서울숲역,1125.66
다사615508,37.55619671,127.064671,,신답,939.18
다사591499,37.54798144,127.0375493,,서울숲역,790.22
다사607479,37.53002432,127.0557688,,성수,1623.96
다사590487,37.53716103,127.0364842,,서울숲역,1024.49
다사606508,37.55615871,127.0544816,,신답,613.08
다사585523,37.5695865,127.0306214,,상왕십리,585.8
다사600520,37.56694883,127.0476232,,마장,425.91
다사613503,37.55168168,127.0624331,,성수,968.78
다사590515,37.56239826,127.0363279,,왕십리,95.27
다사613511,37.55889234,127.0623909,,신답,604.88
다사568499,37.5478766,127.0115125,,금호,379.18
다사606479,37.53002006,127.0546371,,성수,1628.66
다사609502,37.55076348,127.05791,,성수,703.07
다사573490,37.53978793,127.017225,,옥수,207.5
다사588486,37.5362508,127.0342261,,서울숲역,1238.7
다사594494,37.54348804,127.040973,,서울숲역,328.35
다사605511,37.55885842,127.0533333,,신답,393.63
다사600519,37.5660475,127.0476286,,마장,414.93
다사610490,37.53995172,127.0591058,,성수,588.37
다사594505,37.55340267,127.0409122,,한양대,420.74
다사605506,37.55435177,127.0533602,,신답,834.18
다사596507,37.55521411,127.0431654,,한양대,154.79
다사589499,37.54797255,127.0352852,,서울숲역,956.37
다사610505,37.55347171,127.0590261,,신답,920.17
다사603497,37.5462312,127.0511445,,뚝섬,345.48
다사587494,37.54345697,127.0330492,,서울숲역,1026.54
다사603509,37.55704717,127.0510797,,용답,571.2
다사607483,37.53362966,127.0557475,,성수,1223.14
다사605512,37.55975975,127.0533279,,신답,327.16
다사595496,37.5452951,127.042094,,서울숲역,290.51
다사594500,37.54889602,127.0409398,,뚝섬,601.73
다사590496,37.54527301,127.036434,,서울숲역,748.91
다사597484,37.53448787,127.0444238,,서울숲역,1022.94
다사607482,37.53272832,127.0557528,,성수,1323.34
다사575488,37.5379945,127.0195003,,옥수,450.58
다사608478,37.52912723,127.0569059,,성수,1725.53
다사605479,37.53001578,127.0535053,,성수,1639.43
다사594489,37.53898138,127.0410006,,서울숲역,615.88
다사598525,37.57144677,127.0453311,,마장,634.9
