대중교통,역(정류장),호선명,노선(수),x_좌표,y_좌표,지하철_여부,버스_여부,따릉이_여부,동_이름,GID,NODE_ID,주소,도로명,버스정류장ARS번호,총승차인원,총하차인원
버스,e편한세상금호109동,,2,127.021876,37.553483,N,Y,N,금호동1가,11200109,103900267.0,서울 성동구 금호동1가 558-1,-,4879.0,89.0,1356.0
버스,e편한세상금호117동,,2,127.024679,37.552657,N,Y,N,금호동1가,11200109,103900131.0,서울 성동구 금호동1가 1825,-,4602.0,446.0,2353.0
버스,GS25,,1,127.0671618,37.55030467,N,Y,N,송정동,11200118,103900057.0,서울 성동구 송정동 73-577,서울특별시 성동구 광나루로11길 28 (송정동),4659.0,1215.0,1958.0
버스,GS주유소,,1,127.0251254,37.54681133,N,Y,N,금호동4가,11200112,103900147.0,서울 성동구 금호동4가 189,-,4697.0,5537.0,2175.0
버스,SK테크노빌딩앞,,1,127.050228,37.545888,N,Y,N,성수동1가,11200114,103000139.0,서울 성동구 성수동2가 276-5,서울특별시 성동구 성수이로 101-1 (성수동2가),4241.0,261.0,1783.0
버스,경동초등학교입구,,2,127.04948,37.54377,N,Y,N,성수동1가,11200114,103000141.0,서울 성동구 성수동1가 694-3,-,4243.0,2416.0,3852.0
버스,경동초등학교입구,,2,127.0492129,37.5433913,N,Y,N,성수동1가,11200114,103000142.0,서울 성동구 성수동1가 656-6,-,4244.0,5010.0,2415.0
버스,경동초등학교입구,,1,127.051155,37.545895,N,Y,N,성수동2가,11200115,103900299.0,서울 성동구 성수동2가 276-5,서울특별시 성동구 성수이로 101-1 (성수동2가),4547.0,3573.0,1534.0
버스,경수중학교,,11,127.0622986,37.53816503,N,Y,N,성수동2가,11200115,,서울 광진구 자양동 236,서울특별시 광진구 동일로 56 (자양동),,,
버스,경수중학교,,4,127.0570118,37.53828654,N,Y,N,성수동2가,11200115,,서울 성동구 성수동2가 331-9,-,,,
버스,경수중학교,,4,127.0572982,37.53969986,N,Y,N,성수동2가,11200115,,서울 성동구 성수동2가 269-278,서울특별시 성동구 성수이로12길 17-1 (성수동2가),,,
버스,경수중학교입구,,1,127.059621,37.543514,N,Y,N,성수동2가,11200115,,서울 성동구 성수동2가 289-36,-,,,
버스,경수중학교입구,,1,127.060089,37.543363,N,Y,N,성수동2가,11200115,,서울 성동구 성수동2가 289-36,-,,,
버스,경일중고등학교,,1,127.049131,37.542316,N,Y,N,성수동1가,11200114,103900251.0,서울 성동구 성수동1가 694-3,-,4852.0,159.0,1647.0
버스,경일중고등학교,,1,127.04921,37.542503,N,Y,N,성수동1가,11200114,103900262.0,서울 성동구 성수동1가 26-7,-,4863.0,1381.0,179.0
버스,경일초등학교앞,,2,127.048207,37.540772,N,Y,N,성수동1가,11200114,103000143.0,서울 성동구 성수동1가 72-128,-,4245.0,1804.0,4638.0
버스,경일초등학교앞,,2,127.048175,37.540917,N,Y,N,성수동1가,11200114,103000144.0,서울 성동구 성수동1가 72-128,-,4246.0,4431.0,2469.0
버스,경일초등학교입구,,2,127.046372,37.541079,N,Y,N,성수동1가,11200114,103000084.0,서울 성동구 성수동1가 656-1277,-,4183.0,3156.0,160.0
버스,경일초등학교입구,,2,127.046014,37.541382,N,Y,N,성수동1가,11200114,103000085.0,서울 성동구 성수동1가 656-235,서울특별시 성동구 뚝섬로1길 2 (성수동1가),4184.0,142.0,3288.0
버스,광희중학교.응봉역,,1,127.0350585,37.55191103,N,Y,N,응봉동,11200108,103900175.0,서울 성동구 응봉동 59,"서울특별시 성동구 독서당로63길 59 (응봉동, 응봉동다세대)",4821.0,751.0,1583.0
버스,국민은행,,1,127.0122219,37.54269716,N,Y,N,옥수동,11200113,103900190.0,서울 성동구 옥수동 산 5-150,-,4802.0,1424.0,1135.0
버스,국민은행,,1,127.0127561,37.5427782,N,Y,N,옥수동,11200113,103900191.0,서울 성동구 옥수동 244-11,서울특별시 성동구 독서당로 194-1 (옥수동),4803.0,626.0,1093.0
버스,군자교남단,,4,127.072438,37.557542,N,Y,N,송정동,11200118,103000117.0,서울 성동구 송정동 97-41,-,4216.0,8396.0,10017.0
버스,극동.풍림아파트,,1,127.023641,37.55904489,N,Y,N,하왕십리동,11200102,103900111.0,서울 성동구 하왕십리동 1000-674,-,4658.0,2208.0,9257.0
버스,극동그린아파트,,2,127.011905,37.54206463,N,Y,N,옥수동,11200113,103000179.0,서울 성동구 옥수동 559,서울특별시 성동구 독서당로 184 (옥수동),4282.0,3739.0,1028.0
버스,극동그린아파트앞,,3,127.011393,37.542003,N,Y,N,옥수동,11200113,103000168.0,서울 성동구 옥수동 산 5-149,-,4270.0,2718.0,3891.0
버스,극동아파트,,3,127.023935,37.558095,N,Y,N,하왕십리동,11200102,103000172.0,서울 성동구 하왕십리동 1060,-,4275.0,9296.0,5911.0
버스,극동아파트4동,,1,127.0116845,37.5435055,N,Y,N,옥수동,11200113,103900004.0,서울 성동구 옥수동 428,서울특별시 성동구 독서당로 187 (옥수동),4759.0,2066.0,43.0
버스,극동아파트4동,,1,127.0115883,37.54353164,N,Y,N,옥수동,11200113,103900005.0,서울 성동구 옥수동 428,서울특별시 성동구 독서당로 187 (옥수동),4758.0,27.0,3614.0
버스,극동아파트5동,,1,127.011079,37.54315954,N,Y,N,옥수동,11200113,103900149.0,서울 성동구 옥수동 428,서울특별시 성동구 독서당로 187 (옥수동),4501.0,5334.0,10209.0
버스,극동아파트7동,,1,127.0126657,37.54372076,N,Y,N,옥수동,11200113,103900008.0,서울 성동구 옥수동 428,서울특별시 성동구 독서당로 187 (옥수동),4755.0,378.0,33.0
버스,극동아파트7동,,1,127.012754,37.54361893,N,Y,N,옥수동,11200113,103900090.0,서울 성동구 옥수동 428,서울특별시 성동구 독서당로 187 (옥수동),4587.0,59.0,2569.0
버스,극동아파트상가,,1,127.0121009,37.54291975,N,Y,N,옥수동,11200113,103900067.0,서울 성동구 옥수동 428,서울특별시 성동구 독서당로 187 (옥수동),4519.0,2134.0,123.0
버스,극동아파트상가,,1,127.0123679,37.54291161,N,Y,N,옥수동,11200113,103900151.0,서울 성동구 옥수동 428,서울특별시 성동구 독서당로 187 (옥수동),4583.0,661.0,2021.0
버스,금남시장앞.백범학원터,,7,127.0218686,37.54808522,N,Y,N,금호동4가,11200112,103000054.0,서울 성동구 금호동4가 576-1,-,4153.0,47978.0,22778.0
버스,금남시장앞.백범학원터,,7,127.0224878,37.54828876,N,Y,N,금호동4가,11200112,103000055.0,서울 성동구 금호동3가 420-1,-,4154.0,35592.0,37858.0
버스,금남시장앞.백범학원터,,1,127.021648,37.54827449,N,Y,N,금호동3가,11200111,103900009.0,서울 성동구 금호동4가 576-1,-,4751.0,3912.0,5116.0
버스,금봉어린이집.또또와마트,,1,127.0288091,37.55290619,N,Y,N,금호동1가,11200109,103900047.0,서울 성동구 금호동1가 산 37-1,서울특별시 성동구 독서당로57가길 24 (금호동1가),4575.0,1501.0,454.0
버스,금봉어린이집.또또와마트,,1,127.0287944,37.55264238,N,Y,N,금호동1가,11200109,103900060.0,서울 성동구 금호동1가 산 37-1,서울특별시 성동구 독서당로57가길 24 (금호동1가),4686.0,1522.0,2793.0
버스,금북초등학교.e편한세상금호105동,,2,127.0237361,37.55553782,N,Y,N,금호동1가,11200109,103900120.0,서울 성동구 금호동1가 1823,"서울특별시 성동구 금호로 140 (금호동1가, 이편한세상금호파크힐스)",4515.0,1249.0,1659.0
버스,금북초등학교입구,,1,127.0236162,37.55565589,N,Y,N,금호동1가,11200109,103900196.0,서울 성동구 금호동1가 168-81,-,4827.0,556.0,509.0
버스,금옥초등학교.금호대우아파트,,1,127.0186519,37.54658996,N,Y,N,금호동4가,11200112,105000466.0,서울 성동구 금호동4가 993,-,,,
버스,금옥초등학교.금호대우아파트,,1,127.0189291,37.54647457,N,Y,N,금호동4가,11200112,105000467.0,서울 성동구 금호동4가 800,서울특별시 성동구 독서당로 270 (금호동4가),,,
버스,금옥초등학교앞,,7,127.018237,37.546254,N,Y,N,금호동4가,11200112,103000059.0,서울 성동구 금호동4가 984-2,-,4158.0,11292.0,17270.0
버스,금옥초등학교입구,,1,127.0197191,37.54688985,N,Y,N,금호동4가,11200112,103900153.0,서울 성동구 금호동4가 1202-1,서울특별시 성동구 동호로2나길 19-23 (금호동4가),,,
버스,금호119안전센터,,1,127.024731,37.554187,N,Y,N,금호동1가,11200109,103900040.0,서울 성동구 금호동1가 1350-14,-,4546.0,207.0,2099.0
버스,금호119안전센터,,3,127.024578,37.554264,N,Y,N,금호동1가,11200109,103900125.0,서울 성동구 금호동1가 679-1,-,4596.0,2032.0,1342.0
버스,금호1가동주민센터,,2,127.0221955,37.55512902,N,Y,N,금호동1가,11200109,103900025.0,서울 성동구 금호동1가 1830,서울특별시 성동구 행당로 22 (금호동1가),4509.0,290.0,506.0
버스,금호1가동주민센터,,1,127.0208123,37.55472829,N,Y,N,금호동1가,11200109,103900185.0,서울 성동구 금호동1가 127-2,서울특별시 성동구 행당로 15 (금호동1가),4811.0,1758.0,6166.0
버스,금호4가동주민센터.대도빌딩,,1,127.0225635,37.54805265,N,Y,N,금호동4가,11200112,103900027.0,서울 성동구 금호동4가 548-1,서울특별시 성동구 독서당로 302 (금호동4가),4520.0,7250.0,3489.0
버스,금호고등학교,,2,127.021945,37.553475,N,Y,N,금호동1가,11200109,103000048.0,서울 성동구 금호동1가 558-1,-,4147.0,3604.0,5347.0
버스,금호고등학교,,2,127.023552,37.553096,N,Y,N,금호동1가,11200109,103900056.0,서울 성동구 금호동1가 1825,-,4651.0,831.0,941.0
버스,금호고등학교.금호자이1차아파트입구,,2,127.0229329,37.55310773,N,Y,N,금호동2가,11200110,103000049.0,서울 성동구 금호동2가 1214-1,-,4148.0,1384.0,2447.0
버스,금호고등학교앞,,1,127.0233929,37.55297995,N,Y,N,금호동2가,11200110,103900182.0,서울 성동구 금호동2가 1214-1,-,4814.0,517.0,242.0
버스,금호공원,,1,127.019575,37.54967696,N,Y,N,금호동3가,11200111,103900082.0,서울 성동구 금호동3가 1266,서울특별시 성동구 금호산9길 9 (금호동3가),4566.0,297.0,1876.0
버스,금호공원,,1,127.0197742,37.5496508,N,Y,N,금호동3가,11200111,103900094.0,서울 성동구 금호동3가 1265-51,서울특별시 성동구 금호산길 14 (금호동3가),4599.0,292.0,1916.0
버스,금호동벽산아파트,,3,127.0256791,37.5511644,N,Y,N,금호동1가,11200109,103000050.0,서울 성동구 금호동1가 1756-1,서울특별시 성동구 금호로 86 (금호동1가),4149.0,12555.0,9205.0
버스,금호베스트빌아파트노인정앞,,1,127.0250695,37.56187332,N,Y,N,하왕십리동,11200102,103900270.0,서울 성동구 하왕십리동 1052,"서울특별시 성동구 난계로 114-31 (하왕십리동, 금호 베스트빌)",4885.0,613.0,824.0
버스,금호사거리,,1,127.0241853,37.54797844,N,Y,N,금호동4가,11200112,105000465.0,서울 성동구 금호동4가 145,서울특별시 성동구 독서당로 316 (금호동4가),,,
버스,금호사거리,,1,127.0250025,37.54817651,N,Y,N,금호동3가,11200111,105000464.0,서울 성동구 금호동3가 218-1,-,,,
버스,금호사거리,,1,127.0250613,37.5481765,N,Y,N,성동구,11200111,103900010.0,서울 성동구 금호동3가 218-1,-,4750.0,2757.0,4123.0
버스,금호사거리,,3,127.0259773,37.54946397,N,Y,N,금호동2가,11200110,103000053.0,서울 성동구 금호동2가 1188-1,서울특별시 성동구 무수막길 14 (금호동2가),4152.0,3341.0,9726.0
버스,금호사거리,,1,127.025272,37.548008,N,Y,N,금호동4가,11200112,103900070.0,서울 성동구 금호동4가 116,서울특별시 성동구 독서당로 324-1 (금호동4가),4528.0,1607.0,3138.0
버스,금호사거리,,3,127.0260631,37.54887914,N,Y,N,금호동1가,11200109,103000052.0,서울 성동구 금호동1가 1801-3,서울특별시 성동구 금호로 62 (금호동1가),4151.0,16083.0,6196.0
버스,금호산입구,,1,127.019575,37.556722,N,Y,N,금호동2가,11200110,103900031.0,서울 성동구 금호동2가 1-4,-,4529.0,597.0,118.0
버스,금호삼성래미안,,1,127.0269818,37.54787691,N,Y,N,금호동4가,11200112,105000463.0,서울 성동구 금호동4가 96,서울특별시 성동구 독서당로 342 (금호동4가),,,
버스,금호삼성래미안,,1,127.0275354,37.54836158,N,Y,N,금호동4가,11200112,105000462.0,서울 성동구 금호동4가 89-11,-,,,
버스,금호어린이집,,1,127.018232,37.556743,N,Y,N,금호동2가,11200110,103900059.0,서울 성동구 금호동2가 1,"서울특별시 성동구 금호로 173 (금호동2가, 신금호파크자이)",4684.0,3.0,908.0
버스,금호어린이집,,1,127.01862,37.556734,N,Y,N,금호동2가,11200110,103900068.0,서울 성동구 금호동2가 산 9-1,서울특별시 성동구 금호산15길 15 (금호동2가),4522.0,182.0,48.0
버스,금호역,,2,127.0155079,37.54850311,N,Y,N,금호동3가,11200111,103000057.0,서울 성동구 금호동3가 1583,-,4156.0,17311.0,6427.0
버스,금호역,,2,127.016267,37.547728,N,Y,N,금호동4가,11200112,103000056.0,서울 성동구 금호동4가 1418-22,-,4155.0,14324.0,30232.0
버스,금호역,,1,127.0164273,37.54842402,N,Y,N,금호동4가,11200112,103900003.0,서울 성동구 금호동4가 1445-1,-,4764.0,15195.0,300.0
버스,금호역,,4,127.0169909,37.54854922,N,Y,N,금호동4가,11200112,103900139.0,서울 성동구 금호동3가 1395,서울특별시 성동구 장터길 9-1 (금호동3가),4762.0,18917.0,41763.0
버스,금호역.3호선,,2,127.0166253,37.54829423,N,Y,N,금호동4가,11200112,103900002.0,서울 성동구 금호동4가 1450,-,4765.0,19485.0,2155.0
버스,금호역.두산상가경비실,,2,127.0166208,37.54861301,N,Y,N,금호동4가,11200112,103900140.0,서울 성동구 금호동3가 1331,"서울특별시 성동구 동호로 100 (금호동3가, 두산아파트)",4763.0,5978.0,3475.0
버스,금호정형외과,,1,127.0204579,37.55408677,N,Y,N,금호동2가,11200110,103900184.0,서울 성동구 금호동2가 455,서울특별시 성동구 금호로 147 (금호동2가),4812.0,8011.0,1339.0
버스,금호초등학교,,1,127.0194943,37.55268843,N,Y,N,금호동2가,11200110,103900163.0,서울 성동구 금호동2가 511,서울특별시 성동구 무수막길 69 (금호동2가),4741.0,182.0,7424.0
버스,논골.e편한세상금호114동,,2,127.0246041,37.55519162,N,Y,N,금호동1가,11200109,103900124.0,서울 성동구 금호동1가 1832,-,4591.0,814.0,8834.0
버스,논골.금호벽산아파트.성동공유센터,,4,127.025349,37.5555492,N,Y,N,금호동1가,11200109,103900029.0,서울 성동구 금호동1가 168-298,-,4523.0,18602.0,3516.0
버스,논골.대림아파트107동.금호동벽산아파트,,2,127.0249544,37.5558964,N,Y,N,행당동,11200107,103900216.0,서울 성동구 행당동 347,서울특별시 성동구 행당로 75 (행당동),4846.0,126.0,6450.0
버스,논골사거리,,1,127.0248124,37.55531503,N,Y,N,금호동1가,11200109,103900076.0,서울 성동구 금호동1가 710-2,-,4554.0,8302.0,9907.0
버스,논골사거리,,1,127.0247742,37.55612602,N,Y,N,금호동1가,11200109,103900100.0,서울 성동구 금호동1가 168-322,-,4672.0,3499.0,5239.0
버스,논골신협.대림아파트후문,,1,127.0245189,37.55751195,N,Y,N,금호동1가,11200109,103900058.0,서울 성동구 금호동1가 132-1,-,4669.0,4591.0,9307.0
버스,논골신협.대림아파트후문,,2,127.0245744,37.55770298,N,Y,N,금호동1가,11200109,105000454.0,서울 성동구 금호동1가 132-1,-,4560.0,8174.0,12209.0
버스,논골입구.성동공유센터,,1,127.02557,37.55554,N,Y,N,행당동,11200107,103900050.0,서울 성동구 행당동 346,서울특별시 성동구 행당로 76 (행당동),4586.0,132.0,1564.0
버스,뉴타운아파트,,7,127.026968,37.564877,N,Y,N,하왕십리동,11200102,103000509.0,서울 성동구 하왕십리동 873-1,-,4105.0,6295.0,13021.0
버스,답십리역사거리,,5,127.0543962,37.56544961,N,Y,N,용답동,11200122,103000001.0,서울 성동구 용답동 127,서울특별시 성동구 용답길 86 (용답동),4001.0,39186.0,52229.0
버스,대경생활과학고등학교,,1,127.017537,37.55597143,N,Y,N,금호동2가,11200110,103900026.0,서울 성동구 금호동2가 산 9-1,서울특별시 성동구 금호산15길 15 (금호동2가),4514.0,978.0,10.0
버스,대경생활과학고등학교,,1,127.0175178,37.55606875,N,Y,N,금호동2가,11200110,103900106.0,서울 성동구 금호동2가 산 9-1,서울특별시 성동구 금호산15길 15 (금호동2가),4691.0,15.0,5252.0
버스,대림강변타운아파트A상가,,1,127.035718,37.55479,N,Y,N,응봉동,11200108,103900273.0,서울 성동구 응봉동 15-2,-,4888.0,1046.0,921.0
버스,대림상가,,2,127.034468,37.55388,N,Y,N,응봉동,11200108,103900127.0,서울 성동구 응봉동 10-115,-,4701.0,2011.0,7896.0
버스,대림아파트,,1,127.024926,37.55657383,N,Y,N,행당동,11200107,103000175.0,서울 성동구 행당동 347-2,서울특별시 성동구 난계로 56 (행당동),4278.0,5533.0,7041.0
버스,대림아파트후문,,4,127.0269327,37.5561715,N,Y,N,행당동,11200107,103900108.0,서울 성동구 행당동 317-10,-,4698.0,1561.0,7052.0
버스,대우아파트관리실,,2,127.019985,37.546215,N,Y,N,금호동4가,11200112,103900142.0,서울 성동구 금호동4가 800,서울특별시 성동구 독서당로 270 (금호동4가),4502.0,3936.0,3156.0
버스,대우아파트입구,,2,127.0191632,37.54598344,N,Y,N,금호동4가,11200112,103900144.0,서울 성동구 금호동4가 800,서울특별시 성동구 독서당로 270 (금호동4가),4572.0,1148.0,2609.0
버스,대우아파트후문,,2,127.0216589,37.54693907,N,Y,N,금호동4가,11200112,103900143.0,서울 성동구 금호동4가 800,서울특별시 성동구 독서당로 270 (금호동4가),4507.0,2283.0,601.0
버스,대현산배수지공원앞,,1,127.0220575,37.55517771,N,Y,N,금호동1가,11200109,103900195.0,서울 성동구 금호동1가 127-2,서울특별시 성동구 행당로 15 (금호동1가),4828.0,113.0,1173.0
버스,대현산배수지공원입구,,3,127.0200974,37.55627838,N,Y,N,금호동1가,11200109,103000044.0,서울 성동구 금호동1가 101,서울특별시 성동구 금호로 166-1 (금호동1가),4143.0,5219.0,4171.0
버스,대현산체육관입구,,1,127.0297135,37.55296294,N,Y,N,응봉동,11200108,103900107.0,서울 성동구 응봉동 265-105,서울특별시 성동구 독서당로59다길 43 (응봉동),4696.0,2493.0,2973.0
버스,대현산체육관입구,,1,127.029853,37.55308,N,Y,N,응봉동,11200108,103900122.0,서울 성동구 응봉동 264-5,-,4567.0,1762.0,4072.0
버스,도선고등학교.꽃재교회,,3,127.027782,37.567093,N,Y,N,하왕십리동,11200102,103000150.0,서울 성동구 하왕십리동 548-3,-,4252.0,3264.0,1359.0
버스,도선동사거리,,3,127.0365327,37.56676758,N,Y,N,마장동,11200105,103900098.0,서울 성동구 마장동 474-28,서울특별시 성동구 고산자로 340-1 (마장동),4668.0,3998.0,1774.0
버스,도선사거리,,7,127.036955,37.567023,N,Y,N,마장동,11200105,103000022.0,서울 성동구 마장동 518-14,서울특별시 성동구 고산자로 308 (마장동),4121.0,15393.0,15260.0
버스,도선사거리,,7,127.036487,37.566648,N,Y,N,마장동,11200105,103000023.0,서울 성동구 마장동 573-1,서울특별시 성동구 고산자로 301 (마장동),4122.0,14202.0,32377.0
버스,동대문구청.용두역4번출구,,3,127.039718,37.573438,N,Y,N,용답동,11200122,105000074.0,서울 동대문구 용두동 34-1,서울특별시 동대문구 청계천로 563 (용두동),6160.0,16890.0,13845.0
버스,두산상가후문.106동,,2,127.0167387,37.5491854,N,Y,N,금호동3가,11200111,103900134.0,서울 성동구 금호동3가 1331,"서울특별시 성동구 동호로 100 (금호동3가, 두산아파트)",4550.0,81.0,125.0
버스,두산상가후문.106동,,2,127.0166851,37.54933842,N,Y,N,금호동3가,11200111,103900135.0,서울 성동구 금호동3가 1331,"서울특별시 성동구 동호로 100 (금호동3가, 두산아파트)",4754.0,77.0,90.0
버스,두산아파트109동,,2,127.0166307,37.54988947,N,Y,N,금호동3가,11200111,103900006.0,서울 성동구 금호동3가 1331,"서울특별시 성동구 동호로 100 (금호동3가, 두산아파트)",4757.0,228.0,12.0
버스,두산아파트109동,,2,127.016797,37.54991499,N,Y,N,금호동3가,11200111,103900137.0,서울 성동구 금호동3가 1331,"서울특별시 성동구 동호로 100 (금호동3가, 두산아파트)",4760.0,8.0,595.0
버스,두산아파트113동,,2,127.0162396,37.55078794,N,Y,N,금호동3가,11200111,103900001.0,서울 성동구 금호동3가 1331,"서울특별시 성동구 동호로 100 (금호동3가, 두산아파트)",4767.0,399.0,5611.0
버스,두산아파트113동,,2,127.0160758,37.5505885,N,Y,N,금호동3가,11200111,103900007.0,서울 성동구 금호동3가 1331,"서울특별시 성동구 동호로 100 (금호동3가, 두산아파트)",4756.0,394.0,45.0
버스,두산아파트115동,,2,127.0159607,37.55105588,N,Y,N,금호동3가,11200111,103900138.0,서울 성동구 금호동3가 1331,"서울특별시 성동구 동호로 100 (금호동3가, 두산아파트)",4761.0,3986.0,4476.0
버스,뚝도시장,,4,127.0553996,37.53858661,N,Y,N,성수동2가,11200115,103000096.0,서울 성동구 성수동2가 331-200,서울특별시 성동구 뚝섬로 404 (성수동2가),4195.0,14754.0,2386.0
버스,뚝도시장,,3,127.05526,37.53885,N,Y,N,성수동2가,11200115,103000097.0,서울 성동구 성수동2가 331-15,서울특별시 성동구 뚝섬로 403 (성수동2가),4196.0,2679.0,13238.0
버스,뚝도시장구길,,5,127.05527,37.537192,N,Y,N,성수동2가,11200115,103000102.0,서울 성동구 성수동2가 816-4,서울특별시 성동구 성수이로2길 12 (성수동2가),4201.0,2119.0,12734.0
버스,뚝도시장구길,,5,127.0549268,37.53755207,N,Y,N,성수동2가,11200115,103000103.0,서울 성동구 성수동2가 565-5,서울특별시 성동구 성덕정길 103 (성수동2가),4202.0,14221.0,2917.0
버스,뚝도아리수정수센터수도박물관,,4,127.0442,37.540977,N,Y,N,성수동1가,11200114,103000076.0,서울 성동구 성수동1가 656-410,서울특별시 성동구 왕십리로 38 (성수동1가),4175.0,7234.0,10229.0
버스,뚝도아리수정수센터수도박물관,,4,127.04399,37.541407,N,Y,N,성수동1가,11200114,103000077.0,서울 성동구 성수동1가 685-235,-,4176.0,2298.0,10616.0
버스,뚝섬서울숲,,4,127.0366012,37.54461804,N,Y,N,성수동1가,11200114,103000121.0,서울 성동구 성수동1가 685-30,-,4222.0,19392.0,22131.0
버스,뚝섬서울숲,,5,127.036397,37.545672,N,Y,N,성수동1가,11200114,103000122.0,서울 성동구 성수동1가 685-534,-,4223.0,19846.0,23247.0
버스,뚝섬서울숲,,2,127.037565,37.543457,N,Y,N,성수동1가,11200114,103000162.0,서울 성동구 성수동1가 719,-,4264.0,6728.0,1844.0
버스,뚝섬역2번출구,,6,127.046846,37.547575,N,Y,N,성수동1가,11200114,103000135.0,서울 성동구 성수동1가 715-1,-,4237.0,13758.0,6165.0
버스,뚝섬역4번출구,,6,127.04927,37.5468,N,Y,N,성수동1가,11200114,103000137.0,서울 성동구 성수동1가 14-28,서울특별시 성동구 아차산로 41 (성수동1가),4239.0,11963.0,12239.0
버스,뚝섬역5번출구,,6,127.049272,37.546482,N,Y,N,성수동1가,11200114,103000136.0,서울 성동구 성수동1가 14-22,-,4238.0,14552.0,10214.0
버스,뚝섬역8번출구,,6,127.045506,37.547696,N,Y,N,성수동1가,11200114,103000134.0,서울 성동구 성수동1가 656-853,서울특별시 성동구 아차산로 2-1 (성수동1가),4236.0,17040.0,15851.0
버스,래미안옥수리버젠.옥수중앙교회,,2,127.0148446,37.54591558,N,Y,N,옥수동,11200113,103000065.0,서울 성동구 옥수동 561-4,-,4164.0,1387.0,9097.0
버스,래미안옥수리버젠.옥수중앙교회,,2,127.014698,37.545782,N,Y,N,옥수동,11200113,103000066.0,서울 성동구 옥수동 561-4,-,4165.0,5101.0,1933.0
버스,래미안옥수리버젠아파트상가,,1,127.015727,37.54437279,N,Y,N,옥수동,11200113,103900167.0,서울 성동구 옥수동 산 5-145,-,4800.0,166.0,1517.0
버스,래미안하이리버아파트,,3,127.0254234,37.55145821,N,Y,N,금호동2가,11200110,103000051.0,서울 성동구 금호동2가 1220-1,-,4150.0,8218.0,9312.0
버스,리버그린동아아파트,,1,127.0382721,37.55334439,N,Y,N,응봉동,11200108,103900280.0,서울 성동구 응봉동 276,서울특별시 성동구 고산자로2길 13 (응봉동),4895.0,137.0,2661.0
버스,리버그린동아아파트정문,,1,127.0375237,37.55349324,N,Y,N,응봉동,11200108,103900274.0,서울 성동구 응봉동 276,서울특별시 성동구 고산자로2길 13 (응봉동),4889.0,2371.0,110.0
버스,리버하우스,,3,127.0510061,37.55090026,N,Y,N,성수동1가,11200114,103000152.0,서울 성동구 성수동1가 13-12,서울특별시 성동구 광나루로 190 (성수동1가),4254.0,8224.0,7294.0
버스,리버하우스,,3,127.0506905,37.5512302,N,Y,N,성수동1가,11200114,103000153.0,서울 성동구 성수동1가 13-217,서울특별시 성동구 아차산로 39-1 (성수동1가),4255.0,6047.0,7039.0
버스,마장2교사거리,,1,127.045459,37.567977,N,Y,N,마장동,11200105,103900203.0,서울 성동구 마장동 806,-,4839.0,451.0,175.0
버스,마장2교사거리,,1,127.0456033,37.56818275,N,Y,N,마장동,11200105,103900204.0,서울 성동구 마장동 804,서울특별시 성동구 마장로 지하296 (마장동),4840.0,28.0,1163.0
버스,마장동금호아파트,,2,127.041859,37.56307133,N,Y,N,마장동,11200105,103000024.0,서울 성동구 마장동 388-2,서울특별시 성동구 마조로 60-1 (마장동),4123.0,2661.0,3799.0
버스,마장동금호아파트,,2,127.0415812,37.56215772,N,Y,N,마장동,11200105,103000025.0,서울 성동구 마장동 395-2,-,4124.0,3436.0,17612.0
버스,마장동주민센터,,2,127.0445738,37.5673235,N,Y,N,마장동,11200105,103000017.0,서울 성동구 마장동 804,서울특별시 성동구 마장로 지하296 (마장동),4116.0,5171.0,10431.0
버스,마장동주민센터,,2,127.04464,37.567063,N,Y,N,마장동,11200105,105000455.0,서울 성동구 마장동 781-22,-,4298.0,4888.0,4853.0
버스,마장동축산물시장,,1,127.0375065,37.57033647,N,Y,N,마장동,11200105,103900055.0,서울 성동구 마장동 474-5,서울특별시 성동구 고산자로 345 (마장동),,,
버스,마장역,,2,127.0423252,37.56558251,N,Y,N,마장동,11200105,103000018.0,서울 성동구 마장동 810,서울특별시 성동구 마장로 지하296 (마장동),4117.0,18187.0,7561.0
버스,마장역,,2,127.043037,37.566346,N,Y,N,마장동,11200105,103000169.0,서울 성동구 마장동 804,서울특별시 성동구 마장로 지하296 (마장동),4271.0,4557.0,11162.0
버스,마장역,,1,127.0426522,37.56611408,N,Y,N,마장동,11200105,103900246.0,서울 성동구 마장동 804,서울특별시 성동구 마장로 지하296 (마장동),4876.0,668.0,340.0
버스,마장역,,1,127.0423948,37.56564741,N,Y,N,마장동,11200105,103900247.0,서울 성동구 마장동 810,서울특별시 성동구 마장로 지하296 (마장동),4877.0,700.0,1208.0
버스,마장축산물시장,,7,127.0380207,37.57095053,N,Y,N,마장동,11200105,103000020.0,서울 성동구 마장동 474-28,서울특별시 성동구 고산자로 340-1 (마장동),4119.0,36383.0,31281.0
버스,마장축산물시장,,9,127.0375114,37.57025901,N,Y,N,마장동,11200105,103000021.0,서울 성동구 마장동 474-28,서울특별시 성동구 고산자로 340-1 (마장동),4120.0,44207.0,45832.0
버스,만물상회앞,,1,127.031224,37.552829,N,Y,N,응봉동,11200108,103900039.0,서울 성동구 응봉동 264-5,-,4553.0,1223.0,5085.0
버스,무쇠막,,1,127.0246948,37.54527775,N,Y,N,금호동4가,11200112,103900024.0,서울 성동구 금호동4가 189,-,4511.0,2063.0,6806.0
버스,무학여고,,9,127.0338673,37.55789531,N,Y,N,행당동,11200107,103000033.0,서울 성동구 행당동 320-18,-,4132.0,63869.0,54157.0
버스,무학여고,,1,127.0330163,37.55839115,N,Y,N,행당동,11200107,103000178.0,서울 성동구 행당동 317-152,-,4281.0,5692.0,6265.0
버스,무학여고,,1,127.033877,37.558122,N,Y,N,행당동,11200107,103000278.0,서울 성동구 행당동 319-47,서울특별시 성동구 고산자로 200-1 (행당동),,,
버스,무학여고,,1,127.034245,37.5581,N,Y,N,행당동,11200107,103000279.0,서울 성동구 행당동 319-36,서울특별시 성동구 고산자로 202 (행당동),,,
버스,무학여고,,2,127.0339124,37.55749161,N,Y,N,행당동,11200107,103900065.0,서울 성동구 행당동 322-1,서울특별시 성동구 고산자로 197 (행당동),4516.0,7804.0,5360.0
버스,무학여고,,2,127.0342554,37.55771859,N,Y,N,행당동,11200107,103900088.0,서울 성동구 행당동 320-9,서울특별시 성동구 고산자로 196 (행당동),4584.0,4648.0,6330.0
버스,무학여고앞,,8,127.034232,37.557855,N,Y,N,행당동,11200107,103000032.0,서울 성동구 행당동 320-22,서울특별시 성동구 고산자로 198 (행당동),4131.0,34908.0,35692.0
버스,무학중학교.무학여고,,3,127.0332891,37.55842262,N,Y,N,행당동,11200107,103900018.0,서울 성동구 행당동 317-152,-,4679.0,12670.0,4291.0
버스,무학중학교.무학여고,,3,127.0331283,37.55821,N,Y,N,행당동,11200107,103900019.0,서울 성동구 행당동 322-1,서울특별시 성동구 고산자로 197 (행당동),4552.0,2560.0,6634.0
버스,미타사입구,,5,127.0168373,37.54485562,N,Y,N,옥수동,11200113,103000064.0,서울 성동구 옥수동 332-1,-,4163.0,2876.0,4349.0
버스,민자역사후문,,1,127.038505,37.56358,N,Y,N,마장동,11200105,103900172.0,서울 성동구 마장동 816-79,-,4824.0,59.0,363.0
버스,민자역사후문,,1,127.038365,37.563549,N,Y,N,마장동,11200105,103900187.0,서울 성동구 마장동 816-60,-,4809.0,837.0,639.0
버스,법학학술정보관,,1,127.048574,37.55704,N,Y,N,사근동,11200106,103900300.0,서울 성동구 사근동 110,서울특별시 성동구 사근동길 24-18 (사근동),4525.0,1497.0,3444.0
버스,벽산노인정,,1,127.0268505,37.55105871,N,Y,N,금호동1가,11200109,103900180.0,서울 성동구 금호동1가 633,"서울특별시 성동구 금호로 100 (금호동1가, 벽산아파트)",4816.0,184.0,1011.0
버스,벽산아파트,,1,127.0256886,37.55560229,N,Y,N,행당동,11200107,103000174.0,서울 성동구 행당동 346,서울특별시 성동구 행당로 76 (행당동),4277.0,6050.0,6497.0
버스,벽산아파트107동,,1,127.0274313,37.55168754,N,Y,N,금호동1가,11200109,103900179.0,서울 성동구 금호동1가 633,"서울특별시 성동구 금호로 100 (금호동1가, 벽산아파트)",4817.0,1022.0,2426.0
버스,벽산아파트109동,,1,127.0273705,37.55261388,N,Y,N,금호동1가,11200109,103900178.0,서울 성동구 금호동1가 633,"서울특별시 성동구 금호로 100 (금호동1가, 벽산아파트)",4818.0,1003.0,1013.0
버스,벽산아파트111동앞,,1,127.0267898,37.55306308,N,Y,N,금호동1가,11200109,103900157.0,서울 성동구 금호동1가 633,"서울특별시 성동구 금호로 100 (금호동1가, 벽산아파트)",4772.0,1295.0,2521.0
버스,벽산아파트202동앞,,1,127.027356,37.551491,N,Y,N,금호동1가,11200109,103900159.0,서울 성동구 금호동1가 633,"서울특별시 성동구 금호로 100 (금호동1가, 벽산아파트)",4774.0,3269.0,870.0
버스,벽산아파트206동앞,,1,127.0272674,37.55215254,N,Y,N,금호동1가,11200109,103900158.0,서울 성동구 금호동1가 633,"서울특별시 성동구 금호로 100 (금호동1가, 벽산아파트)",4773.0,2022.0,2129.0
버스,벽산아파트501동,,1,127.0255027,37.55495534,N,Y,N,금호동1가,11200109,103900176.0,서울 성동구 금호동1가 633,"서울특별시 성동구 금호로 100 (금호동1가, 벽산아파트)",4820.0,208.0,404.0
버스,벽산아파트501동앞,,1,127.0254789,37.55483821,N,Y,N,금호동1가,11200109,103900155.0,서울 성동구 금호동1가 633,"서울특별시 성동구 금호로 100 (금호동1가, 벽산아파트)",4770.0,430.0,2774.0
버스,벽산아파트505동,,1,127.0263706,37.55432168,N,Y,N,금호동1가,11200109,103900177.0,서울 성동구 금호동1가 633,"서울특별시 성동구 금호로 100 (금호동1가, 벽산아파트)",4819.0,188.0,534.0
버스,벽산아파트505동앞,,1,127.0262518,37.55440101,N,Y,N,금호동1가,11200109,103900156.0,서울 성동구 금호동1가 633,"서울특별시 성동구 금호로 100 (금호동1가, 벽산아파트)",4771.0,571.0,2056.0
버스,벽산아파트정문,,1,127.02528,37.552658,N,Y,N,금호동1가,11200109,103900035.0,서울 성동구 금호동1가 639-2,-,4539.0,1821.0,919.0
버스,벽산하이피아상가,,1,127.0259454,37.5519501,N,Y,N,금호동1가,11200109,103900181.0,서울 성동구 금호동1가 639-3,-,4815.0,745.0,609.0
버스,벽산하이피아상가앞,,1,127.0256433,37.55219616,N,Y,N,금호동1가,11200109,103900160.0,서울 성동구 금호동1가 639-3,-,4775.0,533.0,393.0
버스,사근고개,,1,127.0446,37.561162,N,Y,N,사근동,11200106,103000129.0,서울 성동구 사근동 301-77,서울특별시 성동구 사근동길 32-2 (사근동),4230.0,422.0,3658.0
버스,사근고개,,1,127.0445102,37.56125556,N,Y,N,사근동,11200106,103000130.0,서울 성동구 사근동 223-13,-,4231.0,2378.0,1381.0
버스,사근동벽산아파트,,1,127.0499269,37.5601892,N,Y,N,사근동,11200106,103000133.0,서울 성동구 사근동 120-22,-,4234.0,435.0,2828.0
버스,사근동주민센터,,1,127.04565,37.560815,N,Y,N,사근동,11200106,103000127.0,서울 성동구 사근동 301-3,서울특별시 성동구 사근동길 42 (사근동),4228.0,144.0,4611.0
버스,사근동주민센터,,1,127.045712,37.560933,N,Y,N,사근동,11200106,103000128.0,서울 성동구 사근동 176-54,-,4229.0,3389.0,209.0
버스,사근동하이츠아파트앞,,1,127.048603,37.561201,N,Y,N,사근동,11200106,103000125.0,서울 성동구 사근동 198-3,-,4226.0,760.0,6579.0
버스,사근동하이츠아파트앞,,1,127.0486882,37.56130618,N,Y,N,사근동,11200106,103000126.0,서울 성동구 사근동 198-3,-,4227.0,13264.0,294.0
버스,살곶이체육공원앞,,1,127.0509355,37.55631791,N,Y,N,사근동,11200106,103000516.0,서울 성동구 사근동 102-28,서울특별시 성동구 살곶이길 235 (사근동),4307.0,1346.0,63.0
버스,삼성래미안아파트,,1,127.0275591,37.54837509,N,Y,N,금호동4가,11200112,103900148.0,서울 성동구 금호동4가 89-11,-,4749.0,4481.0,4204.0
버스,삼성래미안아파트,,1,127.0402756,37.56549402,N,Y,N,마장동,11200105,103900170.0,서울 성동구 마장동 775-2,"서울특별시 성동구 마장로 274 (마장동, 트레저힐스)",4826.0,47.0,1035.0
버스,삼성래미안아파트앞,,5,127.0275127,37.54834987,N,Y,N,금호동4가,11200112,103000061.0,서울 성동구 금호동4가 산 3-4,-,4160.0,10879.0,19476.0
버스,삼성아파트정문,,1,127.0152935,37.54382678,N,Y,N,옥수동,11200113,103900193.0,서울 성동구 옥수동 250-2,서울특별시 성동구 독서당로 220 (옥수동),4805.0,1896.0,1542.0
버스,상봉노인정앞,,1,127.0302832,37.55287394,N,Y,N,응봉동,11200108,103900042.0,서울 성동구 응봉동 265-36,서울특별시 성동구 독서당로59나길 23-9 (응봉동),4559.0,1121.0,5014.0
버스,상봉노인정앞,,1,127.03022,37.552674,N,Y,N,응봉동,11200108,103900109.0,서울 성동구 응봉동 264-5,-,4699.0,1830.0,1106.0
버스,상왕십리역,,7,127.029075,37.564338,N,Y,N,하왕십리동,11200102,103000004.0,서울 성동구 하왕십리동 903-1,-,4101.0,22961.0,15323.0
버스,상왕십리역,,13,127.0286813,37.56469363,N,Y,N,하왕십리동,11200102,103000005.0,서울 성동구 하왕십리동 860-1,-,4102.0,43486.0,85250.0
버스,상왕십리역,,3,127.0302446,37.56487166,N,Y,N,도선동,11200104,103000015.0,서울 성동구 도선동 405,서울특별시 성동구 무학로 8-2 (도선동),4113.0,47440.0,15176.0
버스,상왕십리역,,1,127.0302514,37.5647437,N,Y,N,도선동,11200104,103900114.0,서울 성동구 도선동 402,서울특별시 성동구 무학로 8 (도선동),4598.0,9030.0,4893.0
버스,상왕십리역.센트라스아파트,,6,127.029978,37.565859,N,Y,N,홍익동,11200103,103000016.0,서울 성동구 홍익동 590,서울특별시 성동구 마장로 206-1 (홍익동),4114.0,13968.0,30205.0
버스,상원,,3,127.04605,37.55144,N,Y,N,성수동1가,11200114,103000088.0,서울 성동구 성수동1가 656-566,-,4187.0,9327.0,8948.0
버스,상원,,3,127.046662,37.551748,N,Y,N,성수동1가,11200114,103000089.0,서울 성동구 성수동1가 656-40,-,4188.0,6081.0,14342.0
버스,서울경찰청제6기동단,,1,127.054772,37.540228,N,Y,N,성수동2가,11200115,103900236.0,서울 성동구 성수동2가 816-4,서울특별시 성동구 성수이로2길 12 (성수동2가),4865.0,903.0,387.0
버스,서울경찰청제6기동단,,1,127.054739,37.540076,N,Y,N,성수동2가,11200115,103900255.0,서울 성동구 성수동2가 333-103,-,4856.0,343.0,841.0
버스,서울교통공사.서울새활용플라자,,1,127.0569134,37.5620495,N,Y,N,용답동,11200122,103000120.0,서울 성동구 용답동 223-5,서울특별시 성동구 자동차시장길 22 (용답동),4221.0,2058.0,3846.0
버스,서울숲1번출입구,,1,127.042695,37.542222,N,Y,N,성수동1가,11200114,103000163.0,서울 성동구 성수동1가 719,-,4265.0,508.0,3043.0
버스,서울숲1번출입구,,1,127.0429744,37.54197811,N,Y,N,성수동1가,11200114,103000164.0,서울 성동구 성수동1가 719,-,4266.0,1373.0,558.0
버스,서울숲2번출입구,,1,127.04255,37.543527,N,Y,N,성수동1가,11200114,103900265.0,서울 성동구 성수동1가 685-703,-,4868.0,2086.0,1262.0
버스,서울숲9번출입구,,1,127.037555,37.543638,N,Y,N,성수동1가,11200114,103900242.0,서울 성동구 성수동1가 719,-,4871.0,269.0,807.0
버스,서울숲리버뷰자이아파트제1주차장,,1,127.03924,37.554509,N,Y,N,행당동,11200107,103000514.0,서울 성동구 행당동 95-5,-,4896.0,832.0,58.0
버스,서울숲리버뷰자이아파트제1주차장,,1,127.038889,37.55419708,N,Y,N,행당동,11200107,103900277.0,서울 성동구 행당동 380,"서울특별시 성동구 고산자로2길 65 (행당동, 서울숲리버뷰자이)",4892.0,85.0,1185.0
버스,서울숲리버뷰자이아파트제2주차장,,1,127.039405,37.556168,N,Y,N,행당동,11200107,103900275.0,서울 성동구 행당동 128-1180,-,4890.0,932.0,134.0
버스,서울숲리버뷰자이아파트제2주차장,,1,127.039281,37.555721,N,Y,N,행당동,11200107,103900276.0,서울 성동구 행당동 379-1,-,4891.0,120.0,1720.0
버스,서울숲삼부아파트,,9,127.0379493,37.55872308,N,Y,N,행당동,11200107,103000038.0,서울 성동구 행당동 130-1,서울특별시 성동구 왕십리로 267 (행당동),4137.0,10482.0,18165.0
버스,서울숲역,,1,127.045146,37.543869,N,Y,N,성수동1가,11200114,103900263.0,서울 성동구 성수동1가 656-320,"서울특별시 성동구 왕십리로 80 (성수동1가, 동아아파트)",4866.0,562.0,1505.0
버스,서울숲역2번출구,,4,127.0447086,37.54293173,N,Y,N,성수동1가,11200114,103000078.0,서울 성동구 성수동1가 656-1982,-,4177.0,30952.0,16639.0
버스,서울숲역3번출구,,4,127.044501,37.543064,N,Y,N,성수동1가,11200114,103000079.0,서울 성동구 성수동1가 656-436,서울특별시 성동구 왕십리로 지하77 (성수동1가),4178.0,21230.0,21303.0
버스,서울숲지구대앞,,4,127.052342,37.537868,N,Y,N,성수동2가,11200115,103000100.0,서울 성동구 성수동2가 816-4,서울특별시 성동구 성수이로2길 12 (성수동2가),4199.0,2348.0,13289.0
버스,서울숲지구대앞,,4,127.0522589,37.53805092,N,Y,N,성수동2가,11200115,103000101.0,서울 성동구 성수동2가 344-7,서울특별시 성동구 성덕정길 77-2 (성수동2가),4200.0,16699.0,2647.0
버스,서울숲코오롱디지털타워2차,,1,127.05399,37.541411,N,Y,N,성수동2가,11200115,103900254.0,서울 성동구 성수동2가 333-139,서울특별시 성동구 성수이로7길 17 (성수동2가),4855.0,89.0,1797.0
버스,서울숲코오롱디지털타워2차,,1,127.053848,37.541461,N,Y,N,성수동2가,11200115,103900258.0,서울 성동구 성수동2가 333-140,서울특별시 성동구 성수이로7길 27 (성수동2가),4859.0,1424.0,75.0
버스,서울숲푸르지오아파트,,1,127.023747,37.545015,N,Y,N,금호동4가,11200112,103900219.0,서울 성동구 금호동4가 342,-,4848.0,3579.0,4676.0
버스,서울숲푸르지오아파트정문,,1,127.0243938,37.54525619,N,Y,N,금호동4가,11200112,103900110.0,서울 성동구 금호동4가 235-9,-,4700.0,4234.0,986.0
버스,서울숲푸르지오아파트후문,,2,127.022805,37.543544,N,Y,N,금호동4가,11200112,103900062.0,서울 성동구 금호동4가 272,-,4706.0,8053.0,2450.0
버스,서울효사랑병원,,10,127.063275,37.541263,N,Y,N,성수동2가,11200115,103000110.0,서울 성동구 성수동2가 275-40,서울특별시 성동구 동일로 95 (성수동2가),4209.0,13694.0,15801.0
버스,선영약국,,2,127.030619,37.566775,N,Y,N,홍익동,11200103,103900198.0,서울 성동구 홍익동 590,서울특별시 성동구 마장로 206-1 (홍익동),4829.0,184.0,938.0
버스,성동교남단,,6,127.044457,37.549515,N,Y,N,성수동1가,11200114,103000086.0,서울 성동구 성수동1가 656-853,서울특별시 성동구 아차산로 2-1 (성수동1가),4185.0,18571.0,10980.0
버스,성동교남단,,6,127.0439628,37.55050752,N,Y,N,성수동1가,11200114,103000087.0,서울 성동구 성수동1가 671-48,"서울특별시 성동구 왕십리로 137 (성수동1가, 서울숲아이파크리버포레)",4186.0,4773.0,15391.0
버스,성동구도시관리공단.서울시시설관리공단,,3,127.0368612,37.57182891,N,Y,N,마장동,11200105,103900095.0,서울 성동구 마장동 527-10,서울특별시 성동구 청계천로 546 (마장동),4600.0,4973.0,5052.0
버스,성동구민종합체육센터,,4,127.0448961,37.54607197,N,Y,N,성수동1가,11200114,103000080.0,서울 성동구 성수동1가 661-2,서울특별시 성동구 왕십리로 94-2 (성수동1가),4179.0,28350.0,10377.0
버스,성동구민종합체육센터,,4,127.044533,37.546493,N,Y,N,성수동1가,11200114,103000081.0,서울 성동구 성수동1가 656-551,-,4180.0,12146.0,29730.0
버스,성동구민종합체육센터,,1,127.044515,37.54527,N,Y,N,성수동1가,11200114,103900264.0,서울 성동구 성수동1가 685-703,-,4867.0,2000.0,1212.0
버스,성동구민체육센터,,1,127.044474,37.545138,N,Y,N,성수동1가,11200114,103900249.0,서울 성동구 성수동1가 685-703,-,4850.0,1945.0,1854.0
버스,성동구청,,7,127.035915,37.563127,N,Y,N,도선동,11200104,103000014.0,서울 성동구 도선동 15-1,-,4112.0,25957.0,43472.0
버스,성동구청,,9,127.036403,37.564136,N,Y,N,도선동,11200104,103900085.0,서울 성동구 행당동 192-40,-,4574.0,68823.0,37940.0
버스,성동구청,,3,127.036042,37.563354,N,Y,N,행당동,11200107,103900115.0,서울 성동구 도선동 417,서울특별시 성동구 왕십리로 324-2 (도선동),4671.0,3054.0,3667.0
버스,성동노인복지관,,2,127.0415861,37.56493759,N,Y,N,마장동,11200105,103000019.0,서울 성동구 마장동 798-1,서울특별시 성동구 마조로 77 (마장동),4118.0,6955.0,8042.0
버스,성동노인종합복지관,,1,127.0414403,37.56520977,N,Y,N,마장동,11200105,103900189.0,서울 성동구 마장동 813,-,4807.0,1380.0,130.0
버스,성동보건소,,2,127.0331863,37.56649464,N,Y,N,홍익동,11200103,103900112.0,서울 성동구 홍익동 590,서울특별시 성동구 마장로 206-1 (홍익동),4588.0,577.0,1405.0
버스,성동사회복지관.청계천박물관,,3,127.0334778,37.57030347,N,Y,N,마장동,11200105,103900092.0,서울 성동구 마장동 527-2,서울특별시 성동구 청계천로 506 (마장동),4595.0,11021.0,10108.0
버스,성동세무서,,3,127.0643373,37.54823913,N,Y,N,송정동,11200118,103000114.0,서울 성동구 송정동 80-1,-,4213.0,34197.0,13011.0
버스,성동세무서앞,,3,127.062185,37.547995,N,Y,N,성수동2가,11200115,103000113.0,서울 성동구 성수동2가 280-49,서울특별시 성동구 광나루로 334-1 (성수동2가),4212.0,9993.0,16975.0
버스,성동제일새마을금고,,1,127.0471,37.56081,N,Y,N,사근동,11200106,103000156.0,서울 성동구 사근동 176-10,서울특별시 성동구 사근동길 56 (사근동),4258.0,458.0,8454.0
버스,성동제일새마을금고,,1,127.0473013,37.56088413,N,Y,N,사근동,11200106,103000157.0,서울 성동구 사근동 189-1,-,4259.0,9951.0,132.0
버스,성동중앙교회.벽산아파트정문,,1,127.024877,37.553011,N,Y,N,금호동1가,11200109,103900017.0,서울 성동구 금호동1가 598-1,-,4677.0,892.0,1583.0
버스,성수119안전센터,,5,127.0601321,37.53734169,N,Y,N,성수동2가,11200115,103000092.0,서울 성동구 성수동2가 234-1,서울특별시 성동구 뚝섬로 448 (성수동2가),4191.0,6481.0,5386.0
버스,성수119안전센터,,5,127.059997,37.537532,N,Y,N,성수동2가,11200115,103000093.0,서울 성동구 성수동2가 231-24,-,4192.0,5314.0,9327.0
버스,성수1가1동새마을금고,,4,127.04955,37.53822,N,Y,N,성수동1가,11200114,103000072.0,서울 성동구 성수동1가 237-1,-,4171.0,2933.0,12873.0
버스,성수1가새마을금고,,4,127.04951,37.53833,N,Y,N,성수동1가,11200114,103000073.0,서울 성동구 성수동1가 250-1,서울특별시 성동구 성덕정길 53 (성수동1가),4172.0,12720.0,2276.0
버스,성수2가3동주민센터,,3,127.055392,37.549622,N,Y,N,성수동2가,11200115,103000111.0,서울 성동구 성수동2가 289-30,서울특별시 성동구 성수이로 107-1 (성수동2가),4210.0,11421.0,9887.0
버스,성수2가3동주민센터,,3,127.054782,37.55023742,N,Y,N,송정동,11200118,103000167.0,서울 성동구 송정동 81-27,서울특별시 성동구 광나루로 221-1 (송정동),4269.0,4658.0,4970.0
버스,성수공고앞,,4,127.050314,37.539973,N,Y,N,성수동2가,11200115,103000082.0,서울 성동구 성수동1가 33-92,-,4181.0,9950.0,2924.0
버스,성수공고앞,,4,127.050759,37.540039,N,Y,N,성수동1가,11200114,103000083.0,서울 성동구 성수동2가 333-128,서울특별시 성동구 뚝섬로 365 (성수동2가),4182.0,2243.0,8107.0
버스,성수대교북단교차로,,1,127.035516,37.544291,N,Y,N,성수동2가,11200115,103900243.0,서울 성동구 성수동1가 683-3,-,4873.0,446.0,930.0
버스,성수동진주타운,,1,127.057488,37.536623,N,Y,N,성수동1가,11200114,103000104.0,서울 성동구 성수동2가 816-4,서울특별시 성동구 성수이로2길 12 (성수동2가),4203.0,2037.0,2083.0
버스,성수동진주타운,,1,127.0574923,37.53675909,N,Y,N,성수동2가,11200115,103000105.0,서울 성동구 성수동2가 573-7,서울특별시 성동구 성덕정길 127 (성수동2가),4204.0,3181.0,2608.0
버스,성수동차고지,,5,127.055682,37.535793,N,Y,N,성수동2가,11200115,103000183.0,서울 성동구 성수동2가 648-17,서울특별시 성동구 둘레15길 12 (성수동2가),4286.0,3895.0,48.0
버스,성수사거리,,4,127.062352,37.542562,N,Y,N,성수동2가,11200115,103900213.0,서울 성동구 성수동2가 276-5,서울특별시 성동구 성수이로 101-1 (성수동2가),4256.0,4618.0,10005.0
버스,성수사거리,,4,127.062362,37.542795,N,Y,N,성수동2가,11200115,103900214.0,서울 성동구 성수동2가 289-30,서울특별시 성동구 성수이로 107-1 (성수동2가),4257.0,8857.0,6882.0
버스,성수사거리.성수초등학교,,4,127.064153,37.542825,N,Y,N,성수동2가,11200115,103000109.0,서울 성동구 성수동2가 19-6,서울특별시 성동구 동일로 117 (성수동2가),4208.0,8613.0,10330.0
버스,성수사거리.성수초등학교,,4,127.064153,37.542825,N,Y,N,성수동2가,11200115,103000109.0,서울 성동구 성수동2가 19-6,서울특별시 성동구 동일로 117 (성수동2가),4208.0,8613.0,10330.0
버스,성수역1번출구,,6,127.05383,37.54542,N,Y,N,성수동2가,11200115,103000138.0,서울 성동구 성수동2가 300-9,서울특별시 성동구 아차산로 85-1 (성수동2가),4240.0,22091.0,23945.0
버스,성수역2번출구,,1,127.057638,37.544268,N,Y,N,성수동2가,11200115,103900298.0,서울 성동구 성수동2가 277-54,서울특별시 성동구 아차산로 121 (성수동2가),4540.0,439.0,19250.0
버스,성수역3번출구,,1,127.0566907,37.54355983,N,Y,N,성수동2가,11200115,103900233.0,서울 성동구 성수동2가 315-108,서울특별시 성동구 성수이로 97 (성수동2가),4862.0,4855.0,228.0
버스,성수역3번출구,,1,127.057061,37.543842,N,Y,N,성수동2가,11200115,103900257.0,서울 성동구 성수동2가 276-5,서울특별시 성동구 성수이로 101-1 (성수동2가),4858.0,1127.0,4015.0
버스,성수역4번출구,,4,127.054582,37.544788,N,Y,N,성수동2가,11200115,103900215.0,서울 성동구 성수동2가 314-6,서울특별시 성동구 아차산로 96 (성수동2가),4253.0,17285.0,11726.0
버스,성수이비즈센터,,1,127.063058,37.546576,N,Y,N,성수동2가,11200115,103900296.0,서울 성동구 성수동2가 280-21,서울특별시 성동구 광나루로6길 35 (성수동2가),4526.0,2279.0,364.0
버스,성원중성수동이마트앞,,4,127.0534265,37.53909394,N,Y,N,성수동2가,11200115,103000098.0,서울 성동구 성수동2가 339-10,서울특별시 성동구 성덕정11길 20-1 (성수동2가),4197.0,7476.0,2103.0
버스,성원중성수동이마트앞,,4,127.052845,37.539511,N,Y,N,성수동2가,11200115,103000099.0,서울 성동구 성수동2가 333-16,서울특별시 성동구 뚝섬로 377 (성수동2가),4198.0,1663.0,4745.0
버스,송정동건영아파트,,4,127.07115,37.555205,N,Y,N,송정동,11200118,103000116.0,서울 성동구 송정동 90-7,서울특별시 성동구 동일로 265 (송정동),4215.0,12394.0,9418.0
버스,송정동서울숲아이파크,,4,127.069252,37.55182,N,Y,N,송정동,11200118,103000115.0,서울 성동구 송정동 15-4,서울특별시 성동구 동일로 223 (송정동),4214.0,12659.0,11656.0
버스,송정동자치회관입구,,1,127.0678257,37.5511351,N,Y,N,송정동,11200118,103900099.0,서울 성동구 송정동 73-478,-,4670.0,1555.0,2302.0
버스,송정동현대아이파크아파트,,1,127.0686201,37.55218712,N,Y,N,송정동,11200118,103900152.0,서울 성동구 송정동 1-2,-,4500.0,6064.0,5275.0
버스,송정어린이집,,1,127.0677474,37.54900258,N,Y,N,송정동,11200118,103900295.0,서울 성동구 송정동 70-65,-,4512.0,1815.0,186.0
버스,숭신초등학교,,1,127.028196,37.56717,N,Y,N,송정동,11200118,103000171.0,서울 성동구 하왕십리동 564-2,-,4273.0,1509.0,1802.0
버스,숭신초등학교.도선고등학교앞,,2,127.0271676,37.56732969,N,Y,N,하왕십리동,11200102,103900202.0,서울 성동구 하왕십리동 527-5,-,4831.0,157.0,1472.0
버스,신금호역,,2,127.0201176,37.55560517,N,Y,N,금호동2가,11200110,103000046.0,서울 성동구 금호동1가 110,서울특별시 성동구 금호로 164-1 (금호동1가),4145.0,5480.0,9273.0
버스,신금호역,,3,127.019922,37.555678,N,Y,N,금호동1가,11200109,103000047.0,서울 성동구 금호동2가 223-1,서울특별시 성동구 금호로 지하154 (금호동2가),4146.0,10829.0,9590.0
버스,신금호역,,2,127.0204908,37.55459318,N,Y,N,금호동2가,11200110,103900022.0,서울 성동구 금호동1가 505-1,-,4504.0,12999.0,8185.0
버스,신금호역,,1,127.0197856,37.55433559,N,Y,N,금호동2가,11200110,103900101.0,서울 성동구 금호동2가 448,서울특별시 성동구 무수막길 97 (금호동2가),4674.0,4447.0,17055.0
버스,신금호역,,1,127.019638,37.554381,N,Y,N,금호동1가,11200109,103900133.0,서울 성동구 금호동2가 223-1,서울특별시 성동구 금호로 지하154 (금호동2가),4536.0,16351.0,647.0
버스,신금호역4번출구,,2,127.02053,37.554143,N,Y,N,금호동2가,11200110,103000515.0,서울 성동구 금호동2가 223-1,서울특별시 성동구 금호로 지하154 (금호동2가),4115.0,7398.0,2899.0
버스,신답역,,3,127.047505,37.570207,N,Y,N,용답동,11200122,103000118.0,서울 성동구 용답동 128,-,4217.0,19349.0,13256.0
버스,신답초등학교.청계한신휴플러스,,5,127.044292,37.571753,N,Y,N,용답동,11200122,105000004.0,서울 성동구 용답동 129-1,-,6004.0,12981.0,19181.0
버스,신답초등학교.청계한신휴플러스,,5,127.0447281,37.57175591,N,Y,N,용답동,11200122,105000005.0,서울 성동구 용답동 127,서울특별시 성동구 용답길 86 (용답동),6005.0,17679.0,26421.0
버스,신동아아파트,,1,127.0300982,37.54976756,N,Y,N,응봉동,11200108,103900011.0,서울 성동구 응봉동 275-8,서울특별시 성동구 독서당로 373 (응봉동),4746.0,6076.0,3118.0
버스,신동아아파트후문,,1,127.0328358,37.55468771,N,Y,N,행당동,11200107,103900012.0,서울 성동구 행당동 344,"서울특별시 성동구 독서당로 441 (행당동, 신동아아파트)",4745.0,105.0,642.0
버스,신동아아파트후문,,1,127.0326937,37.55489468,N,Y,N,행당동,11200107,103900071.0,서울 성동구 행당동 376,"서울특별시 성동구 고산자로 177 (행당동, 서울숲행당푸르지오아파트)",4531.0,266.0,1491.0
버스,언더스탠드에비뉴,,1,127.042776,37.543572,N,Y,N,성수동1가,11200114,103900248.0,서울 성동구 성수동1가 685-703,-,4849.0,1534.0,1997.0
버스,영동대교,,1,127.059982,37.536356,N,Y,N,성수동2가,11200115,103000106.0,서울 성동구 성수동2가 204-1,-,4205.0,274.0,3322.0
버스,영동대교,,1,127.060066,37.536435,N,Y,N,성수동2가,11200115,103000107.0,서울 성동구 성수동2가 232-1,서울특별시 성동구 성덕정길 149 (성수동2가),4206.0,6025.0,1923.0
버스,영동대교북단,,13,127.060742,37.536945,N,Y,N,성수동2가,11200115,103000090.0,서울 성동구 성수동2가 231-24,-,4189.0,56632.0,23656.0
버스,옥수교회,,1,127.016005,37.54524,N,Y,N,옥수동,11200113,103900209.0,서울 성동구 옥수동 517-11,서울특별시 성동구 매봉길 10-1 (옥수동),4843.0,174.0,1033.0
버스,옥수동종점,,1,127.012585,37.549335,N,Y,N,옥수동,11200113,103000069.0,서울 성동구 옥수동 552,-,4168.0,7015.0,8084.0
버스,옥수동주민센터.옥수동성당,,1,127.0140192,37.54360617,N,Y,N,옥수동,11200113,103900169.0,서울 성동구 옥수동 산 5-148,-,4801.0,603.0,971.0
버스,옥수동주민센터.옥수동성당,,1,127.0136717,37.54323766,N,Y,N,옥수동,11200113,103900192.0,서울 성동구 옥수동 265-1,서울특별시 성동구 독서당로 204 (옥수동),4804.0,690.0,1329.0
버스,옥수삼성아파트,,2,127.0139485,37.54063526,N,Y,N,옥수동,11200113,103900041.0,서울 성동구 옥수동 557,"서울특별시 성동구 한림말길 24 (옥수동, 극동옥정아파트)",4548.0,659.0,740.0
버스,옥수삼성아파트,,2,127.0143208,37.54075326,N,Y,N,옥수동,11200113,103900079.0,서울 성동구 옥수동 207-4,-,4562.0,1759.0,2312.0
버스,옥수삼성아파트.래미안옥수리버젠,,6,127.0148476,37.54362049,N,Y,N,옥수동,11200113,103000062.0,서울 성동구 옥수동 285-73,서울특별시 성동구 독서당로 216 (옥수동),4161.0,21966.0,13092.0
버스,옥수삼성아파트.래미안옥수리버젠,,6,127.0146552,37.54380343,N,Y,N,옥수동,11200113,103000063.0,서울 성동구 옥수동 산 5-148,-,4162.0,17442.0,17254.0
버스,옥수역,,2,127.0168166,37.54148275,N,Y,N,옥수동,11200113,103900150.0,서울 성동구 옥수동 367-6,서울특별시 성동구 한림말길 53 (옥수동),4505.0,53261.0,22238.0
버스,옥수역4번출구,,2,127.0176125,37.54181185,N,Y,N,옥수동,11200113,103900218.0,서울 성동구 옥수동 560,"서울특별시 성동구 독서당로40길 37 (옥수동, 옥수 어울림)",4872.0,37275.0,45069.0
버스,옥수역5.6번출구,,1,127.017002,37.541854,N,Y,N,옥수동,11200113,103900217.0,서울 성동구 옥수동 401-1,서울특별시 성동구 한림말5길 20 (옥수동),4847.0,8120.0,269.0
버스,옥수종합사회복지관,,2,127.0128519,37.54088049,N,Y,N,옥수동,11200113,103900037.0,서울 성동구 옥수동 204-1,서울특별시 성동구 한림말길 16-26 (옥수동),4541.0,1205.0,1258.0
버스,옥수종합사회복지관,,2,127.0132276,37.54088675,N,Y,N,옥수동,11200113,103900084.0,서울 성동구 옥수동 204-6,-,4570.0,971.0,2710.0
버스,옥수파크힐스아파트앞,,2,127.013038,37.547113,N,Y,N,옥수동,11200113,103000506.0,서울 성동구 옥수동 528,"서울특별시 성동구 매봉길 50 (옥수동, 이편한세상옥수파크힐스)",4166.0,1493.0,7109.0
버스,옥수파크힐스아파트앞,,2,127.013019,37.547018,N,Y,N,옥수동,11200113,103000507.0,서울 성동구 옥수동 528,"서울특별시 성동구 매봉길 50 (옥수동, 이편한세상옥수파크힐스)",4167.0,5568.0,3396.0
버스,옥정중학교,,1,127.0109935,37.54097445,N,Y,N,옥수동,11200113,105000470.0,서울 성동구 옥수동 450-2,-,,,
버스,옥정중학교,,1,127.0113005,37.54124739,N,Y,N,옥수동,11200113,105000471.0,서울 성동구 옥수동 227,서울특별시 성동구 한림말길 11 (옥수동),,,
버스,옥정중학교,,2,127.0113322,37.54133299,N,Y,N,옥수동,11200113,103900049.0,서울 성동구 옥수동 227,서울특별시 성동구 한림말길 11 (옥수동),4578.0,3214.0,19199.0
버스,옥정중학교입구,,4,127.0113027,37.54090407,N,Y,N,옥수동,11200113,103000070.0,서울 성동구 옥수동 450-1,서울특별시 성동구 독서당로 168 (옥수동),4169.0,14786.0,17205.0
버스,옥정중학교입구,,4,127.0109995,37.54087707,N,Y,N,옥수동,11200113,103000071.0,서울 성동구 옥수동 450-21,서울특별시 성동구 독서당로39길 43-1 (옥수동),4170.0,20515.0,9851.0
버스,옥정초등학교,,2,127.0154196,37.54088924,N,Y,N,옥수동,11200113,103900266.0,서울 성동구 옥수동 198-4,서울특별시 성동구 한림말길 40 (옥수동),4878.0,53.0,2221.0
버스,올림픽체육관맞은편,,1,127.049294,37.556934,N,Y,N,사근동,11200106,103900301.0,서울 성동구 사근동 110,서울특별시 성동구 사근동길 24-18 (사근동),4532.0,256.0,1340.0
버스,올림픽체육관앞,,1,127.049632,37.557015,N,Y,N,사근동,11200106,103900303.0,서울 성동구 사근동 110,서울특별시 성동구 사근동길 24-18 (사근동),4558.0,982.0,12.0
버스,왕십리2동주민센터,,9,127.0332626,37.56244961,N,Y,N,하왕십리동,11200102,103000011.0,서울 성동구 하왕십리동 966-14,서울특별시 성동구 왕십리로 327 (하왕십리동),4109.0,33151.0,23379.0
버스,왕십리KCC스위첸아파트,,1,127.026824,37.560369,N,Y,N,하왕십리동,11200102,103900269.0,서울 성동구 하왕십리동 1063,-,4884.0,3346.0,1489.0
버스,왕십리광장.왕십리역4번출구,,3,127.0371334,37.56136444,N,Y,N,행당동,11200107,103000292.0,서울 성동구 행당동 188-1,-,4302.0,54386.0,29864.0
버스,왕십리광장.왕십리역7번출구,,4,127.036895,37.561133,N,Y,N,행당동,11200107,103000293.0,서울 성동구 행당동 188-1,-,4301.0,22667.0,40655.0
버스,왕십리광장.왕십리역7번출구,,5,127.0365163,37.56104655,N,Y,N,행당동,11200107,103900154.0,서울 성동구 행당동 196-9,서울특별시 성동구 왕십리광장로 10-1 (행당동),4753.0,11045.0,28392.0
버스,왕십리교회,,4,127.023678,37.56663,N,Y,N,상왕십리동,11200101,103000007.0,서울 성동구 상왕십리동 293-4,-,4104.0,10858.0,15164.0
버스,왕십리도선동주민센터,,3,127.024642,37.567617,N,Y,N,상왕십리동,11200101,103000010.0,서울 성동구 상왕십리동 196-1,-,4108.0,6582.0,2658.0
버스,왕십리도선동주민센터,,1,127.024413,37.567817,N,Y,N,상왕십리동,11200101,103000295.0,서울 성동구 상왕십리동 811-4,-,4304.0,2433.0,2088.0
버스,왕십리도선동주민센터,,2,127.0259157,37.56770843,N,Y,N,하왕십리동,11200102,103900201.0,서울 성동구 하왕십리동 1066-1,-,4832.0,2542.0,3052.0
버스,왕십리로교차로,,1,127.0389354,37.55771977,N,Y,N,행당동,11200107,103900278.0,서울 성동구 행당동 128-1231,-,4893.0,139.0,1090.0
버스,왕십리로교차로,,1,127.0391339,37.55776761,N,Y,N,행당동,11200107,103900279.0,서울 성동구 행당동 156-5,-,4894.0,34.0,622.0
버스,왕십리민자역사,,6,127.0378535,37.56184269,N,Y,N,행당동,11200107,103900116.0,서울 성동구 행당동 168-151,서울특별시 성동구 왕십리광장로 17 (행당동),4510.0,66494.0,44598.0
버스,왕십리센트라스아파트,,13,127.0248052,37.565213,N,Y,N,상왕십리동,11200101,103000006.0,서울 성동구 하왕십리동 1070,"서울특별시 성동구 왕십리로 410 (하왕십리동, 센트라스)",4103.0,18689.0,35995.0
버스,왕십리역,,9,127.036192,37.55994731,N,Y,N,행당동,11200107,103000034.0,서울 성동구 행당동 250,서울특별시 성동구 왕십리로 287-1 (행당동),4133.0,28748.0,19182.0
버스,왕십리역,,8,127.0362669,37.56033656,N,Y,N,행당동,11200107,103000035.0,서울 성동구 행당동 225-1,서울특별시 성동구 왕십리로 290 (행당동),4134.0,8866.0,26289.0
버스,왕십리역,,3,127.034688,37.560723,N,Y,N,행당동,11200107,103000036.0,서울 성동구 행당동 284,서울특별시 성동구 왕십리로 303 (행당동),4135.0,8914.0,10187.0
버스,왕십리역6-1번출구,,2,127.037912,37.560793,N,Y,N,행당동,11200107,103900281.0,서울 성동구 행당동 168-151,서울특별시 성동구 왕십리광장로 17 (행당동),4897.0,11850.0,3836.0
버스,왕십리자이.신당현대아파트,,1,127.02363,37.560847,N,Y,N,행당동,11200107,103000186.0,서울 성동구 하왕십리동 1000-650,서울특별시 성동구 난계로 97 (하왕십리동),4289.0,2945.0,3309.0
버스,왕십리자이.신당현대아파트,,2,127.024101,37.561152,N,Y,N,하왕십리동,11200102,103000187.0,서울 성동구 하왕십리동 999-280,-,4290.0,10821.0,9175.0
버스,왕십리자이.신당현대아파트,,2,127.0236902,37.56084707,N,Y,N,하왕십리동,11200102,103900053.0,서울 성동구 하왕십리동 999-270,-,4603.0,4595.0,11878.0
버스,왕십리자이아파트107동,,1,127.0259693,37.55971284,N,Y,N,하왕십리동,11200102,103900268.0,서울 성동구 하왕십리동 1061,-,4883.0,18.0,1286.0
버스,왕십리중앙교회,,2,127.026563,37.57015475,N,Y,N,하왕십리동,11200102,103900199.0,서울 성동구 하왕십리동 1074-4,-,4834.0,2703.0,1643.0
버스,왕약국,,1,127.0655473,37.54834119,N,Y,N,하왕십리동,11200102,103900093.0,서울 성동구 송정동 68-27,-,4597.0,1338.0,2885.0
버스,용답동로데오거리.답십리역,,1,127.0539458,37.56570333,N,Y,N,송정동,11200118,103000119.0,서울 성동구 용답동 62-1,서울특별시 성동구 천호대로 300-1 (용답동),4218.0,23336.0,10840.0
버스,용답휴식공원,,2,127.048053,37.569314,N,Y,N,용답동,11200122,103000165.0,서울 성동구 용답동 127,서울특별시 성동구 용답길 86 (용답동),4267.0,2432.0,7818.0
버스,용답휴식공원,,2,127.0479373,37.56955418,N,Y,N,용답동,11200122,103000166.0,서울 성동구 용답동 128-8,-,4268.0,5807.0,7922.0
버스,우리은행.백범학원터,,2,127.021174,37.548008,N,Y,N,용답동,11200122,103900080.0,서울 성동구 금호동4가 1101,서울특별시 성동구 장터길 46-1 (금호동4가),4564.0,198.0,960.0
버스,우리은행.백범학원터,,1,127.021122,37.548263,N,Y,N,금호동4가,11200112,103900161.0,서울 성동구 금호동4가 576-1,-,4776.0,721.0,1729.0
버스,우리은행화양동지점,,3,127.066129,37.548118,N,Y,N,금호동4가,11200112,103000189.0,서울 성동구 성수동2가 280-49,서울특별시 성동구 광나루로 334-1 (성수동2가),4293.0,17652.0,20674.0
버스,원형화단,,1,127.0194898,37.54859296,N,Y,N,성수동2가,11200115,103900020.0,서울 성동구 금호동3가 1285-2,서울특별시 성동구 장터1가길 51 (금호동3가),4573.0,5009.0,7114.0
버스,응봉경로당앞,,1,127.031694,37.55238843,N,Y,N,응봉동,11200108,103900015.0,서울 성동구 응봉동 97,서울특별시 성동구 독서당로 419 (응봉동),4740.0,825.0,222.0
버스,응봉경로당앞,,1,127.0316422,37.55262793,N,Y,N,응봉동,11200108,103900072.0,서울 성동구 응봉동 265-40,서울특별시 성동구 독서당로59길 41-4 (응봉동),4545.0,407.0,2742.0
버스,응봉근린공원.금호산,,1,127.016922,37.553522,N,Y,N,금호동2가,11200110,101900001.0,서울 성동구 금호동2가 산 9-1,서울특별시 성동구 금호산15길 15 (금호동2가),2518.0,951.0,2624.0
버스,응봉동주민센터,,5,127.0335008,37.55339896,N,Y,N,응봉동,11200108,103000039.0,서울 성동구 응봉동 100,서울특별시 성동구 독서당로 398 (응봉동),4138.0,7770.0,8855.0
버스,응봉동주민센터,,5,127.0334387,37.55376121,N,Y,N,응봉동,11200108,103000040.0,서울 성동구 응봉동 134-121,-,4139.0,10931.0,21759.0
버스,응봉동현대아파트,,5,127.030578,37.549732,N,Y,N,응봉동,11200108,103000042.0,서울 성동구 응봉동 193-238,-,4141.0,28094.0,12234.0
버스,응봉동현대아파트,,5,127.0309,37.550222,N,Y,N,응봉동,11200108,103000043.0,서울 성동구 응봉동 98,"서울특별시 성동구 독서당로 377 (응봉동, 금호현대아파트)",4142.0,14197.0,23006.0
버스,응봉동현대아파트,,1,127.0307682,37.54980253,N,Y,N,응봉동,11200108,103900126.0,서울 성동구 응봉동 200-13,-,4542.0,7115.0,6498.0
버스,응봉동현대아파트,,1,127.030938,37.54986196,N,Y,N,응봉동,11200108,103900212.0,서울 성동구 응봉동 200-1,서울특별시 성동구 독서당로 384 (응봉동),4845.0,2065.0,5230.0
버스,응봉사거리,,9,127.034458,37.55529188,N,Y,N,행당동,11200107,103000041.0,서울 성동구 행당동 349,"서울특별시 성동구 고산자로 164 (행당동, 서울숲한신더휴)",4140.0,47894.0,48169.0
버스,응봉사거리,,1,127.0340902,37.5553019,N,Y,N,행당동,11200107,103000280.0,서울 성동구 행당동 344,"서울특별시 성동구 독서당로 441 (행당동, 신동아아파트)",,,
버스,응봉사거리,,1,127.0344919,37.55508011,N,Y,N,행당동,11200107,103000281.0,서울 성동구 행당동 349,"서울특별시 성동구 고산자로 164 (행당동, 서울숲한신더휴)",,,
버스,응봉사거리,,2,127.0345427,37.55486744,N,Y,N,행당동,11200107,103900086.0,서울 성동구 행당동 349,"서울특별시 성동구 고산자로 164 (행당동, 서울숲한신더휴)",4579.0,13226.0,4616.0
버스,응봉역.광희중,,1,127.0344034,37.55220114,N,Y,N,응봉동,11200108,103900016.0,서울 성동구 응봉동 102,서울특별시 성동구 중랑천서자전거길 209 (사근동),4739.0,6055.0,3630.0
버스,응봉역.광희중,,1,127.0344339,37.55204254,N,Y,N,응봉동,11200108,103900045.0,서울 성동구 응봉동 193,서울특별시 성동구 독서당로62길 28 (응봉동),4563.0,6326.0,3021.0
버스,응봉역.광희중학교,,1,127.035298,37.551878,N,Y,N,응봉동,11200108,103900272.0,서울 성동구 응봉동 59,"서울특별시 성동구 독서당로63길 59 (응봉동, 응봉동다세대)",4887.0,1223.0,1268.0
버스,응봉초등학교.대림아파트,,1,127.0334307,37.55106784,N,Y,N,응봉동,11200108,103900078.0,서울 성동구 응봉동 193,서울특별시 성동구 독서당로62길 28 (응봉동),4556.0,4397.0,2975.0
버스,응봉초등학교.대림아파트,,1,127.033168,37.5508021,N,Y,N,응봉동,11200108,103900128.0,서울 성동구 응봉동 103,-,4742.0,1818.0,2579.0
버스,응봉현대아파트,,1,127.0307014,37.5497629,N,Y,N,응봉동,11200108,105000461.0,서울 성동구 응봉동 193-81,서울특별시 성동구 독서당로 380 (응봉동),,,
버스,응봉현대아파트,,1,127.0309019,37.55013049,N,Y,N,응봉동,11200108,105000460.0,서울 성동구 응봉동 산 3-12,서울특별시 성동구 독서당로 381-1 (응봉동),,,
버스,이마트.서울숲힐스테이트아파트,,1,127.052284,37.540121,N,Y,N,성수동2가,11200115,103900253.0,서울 성동구 성수동2가 845,-,4854.0,24.0,154.0
버스,이마트.서울숲힐스테이트아파트,,1,127.05257,37.540528,N,Y,N,성수동2가,11200115,103900259.0,서울 성동구 성수동2가 843,"서울특별시 성동구 성수일로4길 26 (성수동2가, 서울숲힐스테이트)",4860.0,228.0,40.0
버스,장한평역,,10,127.066093,37.561188,N,Y,N,용답동,11200122,103000003.0,서울 성동구 용답동 224-3,-,4003.0,65228.0,64985.0
버스,제3법학관,,1,127.048637,37.556233,N,Y,N,사근동,11200106,103900302.0,서울 성동구 사근동 110,서울특별시 성동구 사근동길 24-18 (사근동),4537.0,1805.0,588.0
버스,제민약국,,1,127.058517,37.536593,N,Y,N,성수동2가,11200115,103000185.0,서울 성동구 성수동2가 838,"서울특별시 성동구 뚝섬로 434 (성수동2가, 성수동 두산위브)",4288.0,2386.0,1954.0
버스,제민약국,,1,127.058488,37.536507,N,Y,N,성수동2가,11200115,103000188.0,서울 성동구 성수동2가 219-1,-,4291.0,370.0,2069.0
버스,제인병원,,3,127.056837,37.549348,N,Y,N,송정동,11200118,103000112.0,서울 성동구 송정동 81-14,서울특별시 성동구 광나루로 243 (송정동),4211.0,6113.0,6107.0
버스,제일감리교회,,1,127.0269037,37.54786612,N,Y,N,금호동4가,11200112,103900146.0,서울 성동구 금호동4가 96,서울특별시 성동구 독서당로 342 (금호동4가),4535.0,5228.0,4618.0
버스,중앙병원,,1,127.0193176,37.55196128,N,Y,N,금호동2가,11200110,103900075.0,서울 성동구 금호동2가 511-1,-,4551.0,3114.0,1282.0
버스,중앙병원앞,,1,127.0194715,37.55212796,N,Y,N,금호동2가,11200110,103900097.0,서울 성동구 금호동2가 510-2,서울특별시 성동구 금호산길 42 (금호동2가),4667.0,135.0,5568.0
버스,중앙슈퍼,,1,127.0665318,37.54951566,N,Y,N,송정동,11200118,103900096.0,서울 성동구 송정동 73-493,-,4615.0,758.0,2075.0
버스,중앙하이츠아파트,,1,127.03845,37.565054,N,Y,N,마장동,11200105,103900171.0,서울 성동구 마장동 776-17,-,4825.0,41.0,618.0
버스,중앙하이츠아파트,,1,127.0389001,37.56525269,N,Y,N,마장동,11200105,103900188.0,서울 성동구 마장동 819,"서울특별시 성동구 마장로 262 (마장동, 중앙하이츠아파트)",4808.0,828.0,93.0
버스,지하철2호선성수역,,1,127.0546618,37.54477028,N,Y,N,성수동2가,11200115,103900083.0,서울 성동구 성수동2가 314-6,서울특별시 성동구 아차산로 96 (성수동2가),4569.0,21487.0,368.0
버스,천은교회.성동청소년상담복지센터,,1,127.026797,37.554691,N,Y,N,행당동,11200107,103900051.0,서울 성동구 행당동 346,서울특별시 성동구 행당로 76 (행당동),4582.0,13.0,471.0
버스,천은교회.성동청소년상담복지센터,,1,127.0266661,37.55459194,N,Y,N,금호동1가,11200109,103900104.0,서울 성동구 금호동1가 631,서울특별시 성동구 행당로6길 20 (금호동1가),4680.0,27.0,407.0
버스,천주교성수동성당앞,,4,127.046139,37.53937,N,Y,N,성수동1가,11200114,103000074.0,서울 성동구 성수동1가 694-3,-,4173.0,12072.0,2294.0
버스,천주교성수동성당앞,,4,127.046074,37.53930553,N,Y,N,성수동1가,11200114,103000075.0,서울 성동구 성수동1가 718-3,서울특별시 성동구 성덕정길 22-1 (성수동1가),4174.0,2997.0,12509.0
버스,청계9가.텐즈힐2단지정문앞,,1,127.0255654,37.57074945,N,Y,N,상왕십리동,11200101,103000159.0,서울 성동구 상왕십리동 2-26,-,4261.0,2575.0,1128.0
버스,청계벽산아파트,,1,127.0303705,37.56826244,N,Y,N,하왕십리동,11200102,103900052.0,서울 성동구 하왕십리동 258,"서울특별시 성동구 무학로 50 (하왕십리동, 벽산아파트)",4590.0,2462.0,7718.0
버스,청계벽산아파트.텐즈힐아파트,,4,127.030377,37.568863,N,Y,N,하왕십리동,11200102,103000008.0,서울 성동구 하왕십리동 258,"서울특별시 성동구 무학로 50 (하왕십리동, 벽산아파트)",4106.0,18689.0,19289.0
버스,청계벽산아파트.텐즈힐아파트,,5,127.03004,37.567955,N,Y,N,하왕십리동,11200102,103000009.0,서울 성동구 하왕십리동 259-12,-,4107.0,16959.0,15275.0
버스,청계장원아파트,,1,127.0448455,37.56934274,N,Y,N,마장동,11200105,103900207.0,서울 성동구 마장동 804,서울특별시 성동구 마장로 지하296 (마장동),4842.0,12.0,1562.0
버스,청계장원아파트,,1,127.044743,37.569336,N,Y,N,마장동,11200105,103900208.0,서울 성동구 마장동 804,서울특별시 성동구 마장로 지하296 (마장동),4837.0,685.0,11.0
버스,청년회의소.서울새활용플라자,,8,127.060482,37.562035,N,Y,N,용답동,11200122,103000002.0,서울 성동구 용답동 224-2,서울특별시 성동구 천호대로 378-1 (용답동),4002.0,42823.0,54732.0
버스,충북상회,,1,127.0310094,37.5527923,N,Y,N,응봉동,11200108,103900061.0,서울 성동구 응봉동 265-50,서울특별시 성동구 독서당로59다길 15 (응봉동),4702.0,2333.0,634.0
버스,코스모타워,,1,127.033286,37.562788,N,Y,N,하왕십리동,11200102,103900113.0,서울 성동구 하왕십리동 960-3,서울특별시 성동구 왕십리로 357-1 (하왕십리동),4593.0,2261.0,3476.0
버스,코스모타워.서울신용보증재단성동지점,,9,127.0329029,37.56298226,N,Y,N,하왕십리동,11200102,103000012.0,서울 성동구 하왕십리동 960-3,서울특별시 성동구 왕십리로 357-1 (하왕십리동),4110.0,26917.0,36036.0
버스,텐즈힐아파트101동.115동,,2,127.029276,37.56698,N,Y,N,하왕십리동,11200102,103900197.0,서울 성동구 하왕십리동 205-6,-,4830.0,256.0,889.0
버스,텐즈힐아파트107동앞,,2,127.0285145,37.56956858,N,Y,N,하왕십리동,11200102,103900210.0,서울 성동구 하왕십리동 1066-2,-,4844.0,733.0,873.0
버스,텐즈힐아파트120동.213동앞,,2,127.026001,37.569125,N,Y,N,하왕십리동,11200102,103900200.0,서울 성동구 하왕십리동 1066-3,-,4833.0,2588.0,2631.0
버스,풍림아이원아파트후문,,1,127.02685,37.56019425,N,Y,N,하왕십리동,11200102,103900271.0,서울 성동구 하왕십리동 1062,-,4886.0,52.0,931.0
버스,풍림아파트,,3,127.023905,37.559145,N,Y,N,하왕십리동,11200102,103000173.0,서울 성동구 하왕십리동 1063,-,4276.0,11190.0,10611.0
버스,한남하이츠아파트,,1,127.0115923,37.54005431,N,Y,N,옥수동,11200113,103900069.0,서울 성동구 옥수동 220-4,-,4527.0,913.0,377.0
버스,한라시그마밸리,,1,127.0551786,37.53990607,N,Y,N,성수동2가,11200115,103900235.0,서울 성동구 성수동2가 325-2,서울특별시 성동구 성수이로 51 (성수동2가),4864.0,840.0,1342.0
버스,한라시그마밸리앞,,1,127.05532,37.539647,N,Y,N,성수동2가,11200115,103900256.0,서울 성동구 성수동2가 331-14,서울특별시 성동구 성수이로 50 (성수동2가),4857.0,661.0,1429.0
버스,한신아파트,,1,127.0192957,37.55075381,N,Y,N,금호동3가,11200111,103900043.0,서울 성동구 금호동3가 1191-1,-,4557.0,2693.0,1960.0
버스,한신아파트,,1,127.0194078,37.5507583,N,Y,N,금호동3가,11200111,103900054.0,서울 성동구 금호동3가 1250-1,서울특별시 성동구 금호산길 28 (금호동3가),4648.0,2722.0,6353.0
버스,한신아파트정문,,1,127.0353825,37.55483475,N,Y,N,행당동,11200107,103900173.0,서울 성동구 행당동 359,-,4823.0,469.0,174.0
버스,한신아파트후문,,1,127.037073,37.5537403,N,Y,N,행당동,11200107,103900174.0,서울 성동구 행당동 359,-,4822.0,2734.0,546.0
버스,한양대동문앞,,1,127.049676,37.55564329,N,Y,N,사근동,11200106,103000297.0,서울 성동구 사근동 102-17,-,4303.0,678.0,2810.0
버스,한양대병원후문,,1,127.041957,37.560011,N,Y,N,행당동,11200107,103900305.0,주소 없음,-,4576.0,697.0,1747.0
버스,한양대부속고등학교,,2,127.041413,37.560925,N,Y,N,행당동,11200107,103000026.0,서울 성동구 행당동 10,서울특별시 성동구 마조로 32 (행당동),4125.0,24309.0,4016.0
버스,한양대부속고등학교,,2,127.0411546,37.56038812,N,Y,N,행당동,11200107,103000027.0,서울 성동구 행당동 3-25,-,4126.0,8417.0,12757.0
버스,한양대앞,,2,127.040647,37.558525,N,Y,N,행당동,11200107,103000029.0,서울 성동구 행당동 19-72,-,4128.0,5568.0,5964.0
버스,한양대앞.한양시장,,3,127.0409668,37.5585824,N,Y,N,행당동,11200107,103000028.0,서울 성동구 행당동 22-7,서울특별시 성동구 마조로 8-1 (행당동),4127.0,10881.0,8329.0
버스,한양대정문,,9,127.0431286,37.55638837,N,Y,N,행당동,11200107,103000030.0,서울 성동구 행당동 33-8,서울특별시 성동구 살곶이8길 23 (행당동),4129.0,42564.0,23343.0
버스,한양대정문앞,,9,127.043138,37.556996,N,Y,N,행당동,11200107,103000031.0,서울 성동구 행당동 33,서울특별시 성동구 살곶이8길 23 (행당동),4130.0,31535.0,46241.0
버스,한양대학교경영대학,,1,127.04853,37.557084,N,Y,N,사근동,11200106,103900304.0,서울 성동구 사근동 110,서울특별시 성동구 사근동길 24-18 (사근동),4568.0,3219.0,30.0
버스,한양대학교류마티스병원동관,,1,127.044651,37.559973,N,Y,N,사근동,11200106,103900290.0,서울 성동구 사근동 110,서울특별시 성동구 사근동길 24-18 (사근동),4907.0,3128.0,87.0
버스,한양대학교백남학술정보관,,1,127.045845,37.55773422,N,Y,N,사근동,11200106,103900287.0,서울 성동구 사근동 110,서울특별시 성동구 사근동길 24-18 (사근동),4908.0,208.0,4300.0
버스,한양대학교병원본관1층,,1,127.0438016,37.55945987,N,Y,N,사근동,11200106,103900285.0,서울 성동구 사근동 110,서울특별시 성동구 사근동길 24-18 (사근동),4904.0,113.0,3059.0
버스,한양대학교병원본관1층,,1,127.0435712,37.55945161,N,Y,N,사근동,11200106,103900291.0,서울 성동구 사근동 110,서울특별시 성동구 사근동길 24-18 (사근동),4905.0,722.0,251.0
버스,한양대학교병원응급실,,1,127.0446,37.559812,N,Y,N,사근동,11200106,103900286.0,서울 성동구 사근동 110,서울특별시 성동구 사근동길 24-18 (사근동),4906.0,297.0,5194.0
버스,한양대학교생활과학대학,,1,127.0465029,37.55680349,N,Y,N,사근동,11200106,103900288.0,서울 성동구 사근동 110,서울특별시 성동구 사근동길 24-18 (사근동),4910.0,171.0,2368.0
버스,한양대학교정문,,1,127.0421228,37.55777611,N,Y,N,행당동,11200107,103900283.0,주소 없음,-,4914.0,2749.0,354.0
버스,한양대학교제2의학관,,1,127.042132,37.559328,N,Y,N,행당동,11200107,103900284.0,서울 성동구 사근동 110,서울특별시 성동구 사근동길 24-18 (사근동),4912.0,1764.0,697.0
버스,한양여대앞,,1,127.0503,37.55951,N,Y,N,사근동,11200106,103000145.0,서울 성동구 사근동 120-22,-,4247.0,627.0,4557.0
버스,한양여대앞,,1,127.050625,37.559227,N,Y,N,사근동,11200106,103000296.0,서울 성동구 사근동 120-22,-,4305.0,6766.0,167.0
버스,한양종합기술연구원.생활과학대학,,1,127.0460706,37.5576911,N,Y,N,사근동,11200106,103900289.0,서울 성동구 사근동 110,서울특별시 성동구 사근동길 24-18 (사근동),4909.0,2622.0,101.0
버스,한양지구대,,1,127.042025,37.560218,N,Y,N,행당동,11200107,103000131.0,서울 성동구 행당동 10,서울특별시 성동구 마조로 32 (행당동),4232.0,5741.0,2998.0
버스,한양지구대,,1,127.0419242,37.56024458,N,Y,N,행당동,11200107,103000132.0,서울 성동구 행당동 10,서울특별시 성동구 마조로 32 (행당동),4233.0,2073.0,3848.0
버스,한전입구,,2,127.0351185,37.5662652,N,Y,N,마장동,11200105,103900089.0,서울 성동구 마장동 474-28,서울특별시 성동구 고산자로 340-1 (마장동),4585.0,1119.0,2698.0
버스,한진아파트후문,,3,127.0269971,37.5560183,N,Y,N,행당동,11200107,103900032.0,서울 성동구 행당동 346,서울특별시 성동구 행당로 76 (행당동),4530.0,1363.0,2127.0
버스,행당1동주민센터.성동소방서,,9,127.038407,37.558268,N,Y,N,행당동,11200107,103000037.0,서울 성동구 행당동 130-129,서울특별시 성동구 왕십리로 259 (행당동),4136.0,14824.0,10086.0
버스,행당2동주민센터,,3,127.0306538,37.5577376,N,Y,N,행당동,11200107,103900038.0,서울 성동구 행당동 322-410,서울특별시 성동구 행당로 106 (행당동),4544.0,1719.0,3736.0
버스,행당2동주민센터,,3,127.0304206,37.55782957,N,Y,N,행당동,11200107,103900105.0,서울 성동구 행당동 317-5,-,4685.0,1565.0,3913.0
버스,행당동서울숲더샵,,1,127.039717,37.557808,N,Y,N,행당동,11200107,103900282.0,서울 성동구 행당동 157-4,서울특별시 성동구 왕십리로 252 (행당동),4898.0,546.0,750.0
버스,행당동서울숲더샵,,1,127.039904,37.558001,N,Y,N,행당동,11200107,103900294.0,서울 성동구 행당동 157-4,서울특별시 성동구 왕십리로 252 (행당동),4899.0,634.0,1206.0
버스,행당서울숲푸르지오109동앞,,1,127.0318012,37.55438612,N,Y,N,행당동,11200107,103900014.0,서울 성동구 행당동 344,"서울특별시 성동구 독서당로 441 (행당동, 신동아아파트)",4743.0,489.0,293.0
버스,행당서울숲푸르지오109동앞,,1,127.031711,37.554456,N,Y,N,행당동,11200107,103900034.0,서울 성동구 행당동 344-1,-,4538.0,460.0,2330.0
버스,행당서울숲푸르지오상가앞,,1,127.033891,37.555614,N,Y,N,행당동,11200107,103900117.0,서울 성동구 행당동 376-4,-,4524.0,2933.0,1220.0
버스,행당서울숲푸르지오상가앞,,1,127.0340187,37.55557299,N,Y,N,행당동,11200107,103900119.0,서울 성동구 행당동 344,"서울특별시 성동구 독서당로 441 (행당동, 신동아아파트)",4748.0,470.0,1836.0
버스,행당신동아.행당푸르지오아파트,,6,127.0340193,37.55614084,N,Y,N,행당동,11200107,103000170.0,서울 성동구 행당동 322-100,서울특별시 성동구 행당로8길 41-2 (행당동),4272.0,21238.0,12081.0
버스,행당역,,4,127.0290983,37.5570009,N,Y,N,행당동,11200107,103000176.0,서울 성동구 행당동 346-14,-,4279.0,19162.0,12968.0
버스,행당역,,1,127.0287644,37.55707937,N,Y,N,행당동,11200107,103000177.0,서울 성동구 행당동 347-10,-,4280.0,12794.0,9553.0
버스,행당역.대림아파트정문,,4,127.0286716,37.55704966,N,Y,N,행당동,11200107,103900123.0,서울 성동구 행당동 347-10,-,4589.0,21920.0,10962.0
버스,행당중학교,,1,127.044352,37.553821,N,Y,N,행당동,11200107,103000505.0,서울 성동구 행당동 67-1,-,4306.0,575.0,1287.0
버스,행당푸르지오아파트,,1,127.0340035,37.55623906,N,Y,N,행당동,11200107,103900162.0,서울 성동구 행당동 322-175,서울특별시 성동구 고산자로 179 (행당동),4780.0,1023.0,3393.0
버스,현대공업사앞,,1,127.032439,37.550105,N,Y,N,응봉동,11200108,103900013.0,서울 성동구 응봉동 100,서울특별시 성동구 독서당로 398 (응봉동),4744.0,1016.0,1155.0
버스,현대공업사앞,,1,127.0325678,37.54995073,N,Y,N,응봉동,11200108,103900074.0,서울 성동구 응봉동 201-10,서울특별시 성동구 독서당로62길 18-1 (응봉동),4549.0,1313.0,1191.0
버스,현대그린아파트,,1,127.049622,37.540523,N,Y,N,성수동1가,11200114,103900261.0,서울 성동구 성수동1가 33-3,"서울특별시 성동구 뚝섬로3길 6 (성수동1가, 성수현대그린아파트)",4861.0,355.0,104.0
버스,화단삼거리,,3,127.0198767,37.54841742,N,Y,N,금호동4가,11200112,103900028.0,서울 성동구 금호동3가 895,서울특별시 성동구 장터길 35 (금호동3가),4521.0,2001.0,4929.0
버스,화단삼거리,,2,127.0196278,37.54821898,N,Y,N,금호동3가,11200111,103900141.0,서울 성동구 금호동4가 1192,서울특별시 성동구 장터길 34 (금호동4가),4766.0,3292.0,1028.0
버스,화단앞,,1,127.019654,37.54862447,N,Y,N,금호동3가,11200111,103900091.0,서울 성동구 금호동3가 902,서울특별시 성동구 금호산길 4 (금호동3가),4594.0,14791.0,3665.0
버스,화양사거리,,5,127.0666629,37.54727767,N,Y,N,성수동2가,11200115,103000108.0,서울 성동구 성수동2가 281-24,서울특별시 성동구 광나루로8길 31 (성수동2가),4207.0,34051.0,23927.0
버스,황학교.텐즈힐몰,,1,127.0236037,37.57005175,N,Y,N,상왕십리동,11200101,103000191.0,서울 성동구 상왕십리동 811,"서울특별시 성동구 마장로 137 (상왕십리동, 텐즈힐)",4295.0,7751.0,9508.0
버스,힐스테이트서울숲리버,,1,127.0253856,37.54674459,N,Y,N,금호동4가,11200112,103900145.0,서울 성동구 금호동4가 1553-6,-,4517.0,2499.0,4359.0
버스,힐스테이트서울숲리버아파트,,5,127.0270576,37.54788771,N,Y,N,금호동4가,11200112,103000060.0,서울 성동구 금호동4가 96,서울특별시 성동구 독서당로 342 (금호동4가),4159.0,19114.0,13512.0
